route_id,route_name,inferred_mode,original_route_type,corrected_route_type,selection_reason,classification_basis,retained_trips,agency_id,munich_flag,analysis_rail_flag,ferry_flag,bmw_works_line_flag,deutschlandtakt_flag,deutschlandtakt_line_name,forecast_network_2037_flag,forecast_measure_flag,s_bahn_name
11_MUC_Tram neu Prognose,11_MUC_Tram neu Prognose,tram,0,0,trip serves at least two distinct stops inside network extent,forecast route name identifies Munich tram,238,1,1,0,0,0,0,,1,1,
12_MUC_Tram neu Prognose,12_MUC_Tram neu Prognose,tram,0,0,trip serves at least two distinct stops inside network extent,forecast route name identifies Munich tram,238,1,1,0,0,0,0,,1,1,
13_MUC_Tram neu Prognose,13_MUC_Tram neu Prognose,tram,0,0,trip serves at least two distinct stops inside network extent,forecast route name identifies Munich tram,212,1,1,0,0,0,0,,1,1,
1449905_102,1449905_102,rail,0,2,trip serves at least two distinct stops inside network extent,custom Analyselinie_Schiene flag,3,unknown,0,1,0,0,0,,1,0,
1494279_3,1494279_3,bus,0,3,trip serves at least two distinct stops inside network extent,route ID suffix encodes source type 3,10,unknown,0,0,0,0,0,,1,0,
14_MUC_Tram neu Prognose,14_MUC_Tram neu Prognose,tram,0,0,trip serves at least two distinct stops inside network extent,forecast route name identifies Munich tram,72,1,1,0,0,0,0,,1,1,
1607908_3,1607908_3,bus,0,3,trip serves at least two distinct stops inside network extent,route ID suffix encodes source type 3,4,unknown,0,0,0,0,0,,1,0,
1607911_3,1607911_3,bus,0,3,trip serves at least two distinct stops inside network extent,route ID suffix encodes source type 3,4,unknown,0,0,0,0,0,,1,0,
1607912_3,1607912_3,bus,0,3,trip serves at least two distinct stops inside network extent,route ID suffix encodes source type 3,4,unknown,0,0,0,0,0,,1,0,
1607913_3,1607913_3,bus,0,3,trip serves at least two distinct stops inside network extent,route ID suffix encodes source type 3,4,unknown,0,0,0,0,0,,1,0,
1607914_3,1607914_3,bus,0,3,trip serves at least two distinct stops inside network extent,route ID suffix encodes source type 3,4,unknown,0,0,0,0,0,,1,0,
1607915_3,1607915_3,bus,0,3,trip serves at least two distinct stops inside network extent,route ID suffix encodes source type 3,4,unknown,0,0,0,0,0,,1,0,
1607916_3,1607916_3,bus,0,3,trip serves at least two distinct stops inside network extent,route ID suffix encodes source type 3,9,unknown,0,0,0,0,0,,1,0,
1607918_3,1607918_3,bus,0,3,trip serves at least two distinct stops inside network extent,route ID suffix encodes source type 3,5,unknown,0,0,0,0,0,,1,0,
1607919_3,1607919_3,bus,0,3,trip serves at least two distinct stops inside network extent,route ID suffix encodes source type 3,4,unknown,0,0,0,0,0,,1,0,
161788_2,161788_2,rail,0,2,trip serves at least two distinct stops inside network extent,custom Analyselinie_Schiene flag,431,unknown,0,1,0,0,0,,0,0,
161839_2,161839_2,rail,0,2,trip serves at least two distinct stops inside network extent,custom Analyselinie_Schiene flag,160,unknown,0,1,0,0,0,,0,0,
161852_2,161852_2,rail,0,2,trip serves at least two distinct stops inside network extent,custom Analyselinie_Schiene flag,2,unknown,0,1,0,0,0,,0,0,
161932_2,161932_2,rail,0,2,trip serves at least two distinct stops inside network extent,custom Analyselinie_Schiene flag,37,unknown,0,1,0,0,0,,0,0,
162007_2_1158069508,162007_2_1158069508,rail,0,2,trip serves at least two distinct stops inside network extent,custom Analyselinie_Schiene flag,64,unknown,0,1,0,0,0,,0,0,
162007_2_1158069514,162007_2_1158069514,rail,0,2,trip serves at least two distinct stops inside network extent,custom Analyselinie_Schiene flag,4,unknown,0,1,0,0,0,,0,0,
162007_2_1158069610,162007_2_1158069610,rail,0,2,trip serves at least two distinct stops inside network extent,custom Analyselinie_Schiene flag,6,unknown,0,1,0,0,0,,0,0,
162007_2_1158069900,162007_2_1158069900,rail,0,2,trip serves at least two distinct stops inside network extent,custom Analyselinie_Schiene flag,44,unknown,0,1,0,0,0,,0,0,
162007_2_1158069980,162007_2_1158069980,rail,0,2,trip serves at least two distinct stops inside network extent,custom Analyselinie_Schiene flag,2,unknown,0,1,0,0,0,,0,0,
162007_2_1158070084,162007_2_1158070084,rail,0,2,trip serves at least two distinct stops inside network extent,custom Analyselinie_Schiene flag,15,unknown,0,1,0,0,0,,0,0,
162007_2_1158070088,162007_2_1158070088,rail,0,2,trip serves at least two distinct stops inside network extent,custom Analyselinie_Schiene flag,6,unknown,0,1,0,0,0,,0,0,
162007_2_1158070147,162007_2_1158070147,rail,0,2,trip serves at least two distinct stops inside network extent,custom Analyselinie_Schiene flag,57,unknown,0,1,0,0,0,,0,0,
162007_2_1158070198,162007_2_1158070198,rail,0,2,trip serves at least two distinct stops inside network extent,custom Analyselinie_Schiene flag,2,unknown,0,1,0,0,0,,0,0,
162007_2_1158070204,162007_2_1158070204,rail,0,2,trip serves at least two distinct stops inside network extent,custom Analyselinie_Schiene flag,8,unknown,0,1,0,0,0,,0,0,
162007_2_1158070277,162007_2_1158070277,rail,0,2,trip serves at least two distinct stops inside network extent,custom Analyselinie_Schiene flag,2,unknown,0,1,0,0,0,,0,0,
162192_3,162192_3,rail,0,2,trip serves at least two distinct stops inside network extent,custom Analyselinie_Schiene flag,90,unknown,0,1,0,0,0,,0,0,
162192_4,162192_4,rail,0,2,trip serves at least two distinct stops inside network extent,custom Analyselinie_Schiene flag,33,unknown,0,1,0,0,0,,0,0,
162192_5,162192_5,rail,0,2,trip serves at least two distinct stops inside network extent,custom Analyselinie_Schiene flag,63,unknown,0,1,0,0,0,,0,0,
162193_3,162193_3,bus,0,3,trip serves at least two distinct stops inside network extent,route ID suffix encodes source type 3,1,unknown,0,0,0,0,0,,1,0,
162194_2,162194_2,rail,0,2,trip serves at least two distinct stops inside network extent,custom Analyselinie_Schiene flag,20,unknown,0,1,0,0,0,,0,0,
162195_2,162195_2,rail,0,2,trip serves at least two distinct stops inside network extent,custom Analyselinie_Schiene flag,36,unknown,0,1,0,0,0,,0,0,
162263_102,162263_102,rail,0,2,trip serves at least two distinct stops inside network extent,custom Analyselinie_Schiene flag,8,unknown,0,1,0,0,0,,0,0,
162265_2,162265_2,rail,0,2,trip serves at least two distinct stops inside network extent,custom Analyselinie_Schiene flag,1,unknown,0,1,0,0,0,,0,0,
162267_2,162267_2,rail,0,2,trip serves at least two distinct stops inside network extent,custom Analyselinie_Schiene flag,2,unknown,0,1,0,0,0,,0,0,
162289_101,162289_101,rail,0,2,trip serves at least two distinct stops inside network extent,custom Analyselinie_Schiene flag,19,unknown,0,1,0,0,0,,0,0,
162294_101,162294_101,rail,0,2,trip serves at least two distinct stops inside network extent,custom Analyselinie_Schiene flag,14,unknown,0,1,0,0,0,,0,0,
162297_101,162297_101,rail,0,2,trip serves at least two distinct stops inside network extent,custom Analyselinie_Schiene flag,32,unknown,0,1,0,0,0,,0,0,
162298_102,162298_102,rail,0,2,trip serves at least two distinct stops inside network extent,custom Analyselinie_Schiene flag,2,unknown,0,1,0,0,0,,0,0,
162300_101,162300_101,rail,0,2,trip serves at least two distinct stops inside network extent,custom Analyselinie_Schiene flag,3,unknown,0,1,0,0,0,,0,0,
162300_102,162300_102,rail,0,2,trip serves at least two distinct stops inside network extent,custom Analyselinie_Schiene flag,1,unknown,0,1,0,0,0,,0,0,
162301_101,162301_101,rail,0,2,trip serves at least two distinct stops inside network extent,custom Analyselinie_Schiene flag,2,unknown,0,1,0,0,0,,0,0,
162303_101,162303_101,rail,0,2,trip serves at least two distinct stops inside network extent,custom Analyselinie_Schiene flag,2,unknown,0,1,0,0,0,,0,0,
162304_102,162304_102,rail,0,2,trip serves at least two distinct stops inside network extent,custom Analyselinie_Schiene flag,2,unknown,0,1,0,0,0,,0,0,
162307_101,162307_101,rail,0,2,trip serves at least two distinct stops inside network extent,custom Analyselinie_Schiene flag,15,unknown,0,1,0,0,0,,0,0,
162308_101,162308_101,rail,0,2,trip serves at least two distinct stops inside network extent,custom Analyselinie_Schiene flag,5,unknown,0,1,0,0,0,,0,0,
162317_102,162317_102,rail,0,2,trip serves at least two distinct stops inside network extent,custom Analyselinie_Schiene flag,16,unknown,0,1,0,0,0,,0,0,
162318_102,162318_102,rail,0,2,trip serves at least two distinct stops inside network extent,custom Analyselinie_Schiene flag,3,unknown,0,1,0,0,0,,0,0,
162319_102,162319_102,rail,0,2,trip serves at least two distinct stops inside network extent,custom Analyselinie_Schiene flag,17,unknown,0,1,0,0,0,,0,0,
162329_102,162329_102,rail,0,2,trip serves at least two distinct stops inside network extent,custom Analyselinie_Schiene flag,6,unknown,0,1,0,0,0,,0,0,
162330_102,162330_102,rail,0,2,trip serves at least two distinct stops inside network extent,custom Analyselinie_Schiene flag,1,unknown,0,1,0,0,0,,0,0,
162424_106,162424_106,rail,0,2,trip serves at least two distinct stops inside network extent,custom Analyselinie_Schiene flag,241,unknown,0,1,0,0,0,,0,0,
162425_106,162425_106,rail,0,2,trip serves at least two distinct stops inside network extent,custom Analyselinie_Schiene flag,4,unknown,0,1,0,0,0,,0,0,
162426_106,162426_106,rail,0,2,trip serves at least two distinct stops inside network extent,custom Analyselinie_Schiene flag,38,unknown,0,1,0,0,0,,0,0,
162427_106_1,162427_106_1,rail,0,2,trip serves at least two distinct stops inside network extent,custom Analyselinie_Schiene flag,29,unknown,0,1,0,0,0,,0,0,
162428_106,162428_106,rail,0,2,trip serves at least two distinct stops inside network extent,custom Analyselinie_Schiene flag,70,unknown,0,1,0,0,0,,0,0,
162429_106,162429_106,rail,0,2,trip serves at least two distinct stops inside network extent,custom Analyselinie_Schiene flag,60,unknown,0,1,0,0,0,,0,0,
162430_106,162430_106,rail,0,2,trip serves at least two distinct stops inside network extent,custom Analyselinie_Schiene flag,39,unknown,0,1,0,0,0,,0,0,
162431_106,162431_106,rail,0,2,trip serves at least two distinct stops inside network extent,custom Analyselinie_Schiene flag,20,unknown,0,1,0,0,0,,0,0,
162433_106,162433_106,rail,0,2,trip serves at least two distinct stops inside network extent,custom Analyselinie_Schiene flag,170,unknown,0,1,0,0,0,,0,0,
162434_106,162434_106,rail,0,2,trip serves at least two distinct stops inside network extent,custom Analyselinie_Schiene flag,6,unknown,0,1,0,0,0,,0,0,
162442_106,162442_106,rail,0,2,trip serves at least two distinct stops inside network extent,custom Analyselinie_Schiene flag,39,unknown,0,1,0,0,0,,0,0,
162443_106,162443_106,rail,0,2,trip serves at least two distinct stops inside network extent,custom Analyselinie_Schiene flag,65,unknown,0,1,0,0,0,,0,0,
162444_106,162444_106,rail,0,2,trip serves at least two distinct stops inside network extent,custom Analyselinie_Schiene flag,88,unknown,0,1,0,0,0,,0,0,
162445_106,162445_106,rail,0,2,trip serves at least two distinct stops inside network extent,custom Analyselinie_Schiene flag,27,unknown,0,1,0,0,0,,0,0,
162448_106,162448_106,rail,0,2,trip serves at least two distinct stops inside network extent,custom Analyselinie_Schiene flag,40,unknown,0,1,0,0,0,,0,0,
162449_106,162449_106,rail,0,2,trip serves at least two distinct stops inside network extent,custom Analyselinie_Schiene flag,24,unknown,0,1,0,0,0,,0,0,
162450_106,162450_106,rail,0,2,trip serves at least two distinct stops inside network extent,custom Analyselinie_Schiene flag,3,unknown,0,1,0,0,0,,0,0,
162451_106,162451_106,rail,0,2,trip serves at least two distinct stops inside network extent,custom Analyselinie_Schiene flag,32,unknown,0,1,0,0,0,,0,0,
162452_106_1,162452_106_1,rail,0,2,trip serves at least two distinct stops inside network extent,custom Analyselinie_Schiene flag,67,unknown,0,1,0,0,0,,0,0,
162452_106_2,162452_106_2,rail,0,2,trip serves at least two distinct stops inside network extent,custom Analyselinie_Schiene flag,71,unknown,0,1,0,0,0,,0,0,
162452_106_3,162452_106_3,rail,0,2,trip serves at least two distinct stops inside network extent,custom Analyselinie_Schiene flag,97,unknown,0,1,0,0,0,,0,0,
162455_109,162455_109,rail,0,2,trip serves at least two distinct stops inside network extent,custom Analyselinie_Schiene flag,220,unknown,1,1,0,0,0,,0,0,
162456_109,162456_109,rail,0,2,trip serves at least two distinct stops inside network extent,custom Analyselinie_Schiene flag,186,unknown,1,1,0,0,0,,0,0,
162457_109,162457_109,rail,0,2,trip serves at least two distinct stops inside network extent,custom Analyselinie_Schiene flag,18,unknown,1,1,0,0,0,,0,0,
162458_109,162458_109,rail,0,2,trip serves at least two distinct stops inside network extent,custom Analyselinie_Schiene flag,161,unknown,1,1,0,0,0,,0,0,
162459_109,162459_109,rail,0,2,trip serves at least two distinct stops inside network extent,custom Analyselinie_Schiene flag,126,unknown,1,1,0,0,0,,0,0,
162460_109,162460_109,rail,0,2,trip serves at least two distinct stops inside network extent,custom Analyselinie_Schiene flag,123,unknown,1,1,0,0,0,,0,0,
162461_109,162461_109,rail,0,2,trip serves at least two distinct stops inside network extent,custom Analyselinie_Schiene flag,121,unknown,1,1,0,0,0,,0,0,
162462_109,162462_109,rail,0,2,trip serves at least two distinct stops inside network extent,custom Analyselinie_Schiene flag,170,unknown,1,1,0,0,0,,0,0,
162468_106_3,162468_106_3,rail,0,2,trip serves at least two distinct stops inside network extent,custom Analyselinie_Schiene flag,32,unknown,0,1,0,0,0,,0,0,
1647284_3,1647284_3,bus,0,3,trip serves at least two distinct stops inside network extent,route ID suffix encodes source type 3,20,unknown,0,0,0,0,0,,1,0,
1647285_3,1647285_3,bus,0,3,trip serves at least two distinct stops inside network extent,route ID suffix encodes source type 3,18,unknown,0,0,0,0,0,,1,0,
1647286_3,1647286_3,bus,0,3,trip serves at least two distinct stops inside network extent,route ID suffix encodes source type 3,23,unknown,0,0,0,0,0,,1,0,
1647287_3,1647287_3,bus,0,3,trip serves at least two distinct stops inside network extent,route ID suffix encodes source type 3,20,unknown,0,0,0,0,0,,1,0,
1647288_3,1647288_3,bus,0,3,trip serves at least two distinct stops inside network extent,route ID suffix encodes source type 3,30,unknown,0,0,0,0,0,,1,0,
1647289_3,1647289_3,bus,0,3,trip serves at least two distinct stops inside network extent,route ID suffix encodes source type 3,29,unknown,0,0,0,0,0,,1,0,
1647290_3,1647290_3,bus,0,3,trip serves at least two distinct stops inside network extent,route ID suffix encodes source type 3,4,unknown,0,0,0,0,0,,1,0,
1647291_3,1647291_3,bus,0,3,trip serves at least two distinct stops inside network extent,route ID suffix encodes source type 3,6,unknown,0,0,0,0,0,,1,0,
1647292_3,1647292_3,bus,0,3,trip serves at least two distinct stops inside network extent,route ID suffix encodes source type 3,35,unknown,0,0,0,0,0,,1,0,
1647293_3,1647293_3,bus,0,3,trip serves at least two distinct stops inside network extent,route ID suffix encodes source type 3,19,unknown,0,0,0,0,0,,1,0,
1647294_3,1647294_3,bus,0,3,trip serves at least two distinct stops inside network extent,route ID suffix encodes source type 3,2,unknown,0,0,0,0,0,,1,0,
1647295_3,1647295_3,bus,0,3,trip serves at least two distinct stops inside network extent,route ID suffix encodes source type 3,2,unknown,0,0,0,0,0,,1,0,
1647296_3,1647296_3,bus,0,3,trip serves at least two distinct stops inside network extent,route ID suffix encodes source type 3,3,unknown,0,0,0,0,0,,1,0,
1647297_3,1647297_3,bus,0,3,trip serves at least two distinct stops inside network extent,route ID suffix encodes source type 3,3,unknown,0,0,0,0,0,,1,0,
1647298_3,1647298_3,bus,0,3,trip serves at least two distinct stops inside network extent,route ID suffix encodes source type 3,13,unknown,0,0,0,0,0,,1,0,
1647299_3,1647299_3,bus,0,3,trip serves at least two distinct stops inside network extent,route ID suffix encodes source type 3,11,unknown,0,0,0,0,0,,1,0,
1647300_3,1647300_3,bus,0,3,trip serves at least two distinct stops inside network extent,route ID suffix encodes source type 3,7,unknown,0,0,0,0,0,,1,0,
1647301_3,1647301_3,bus,0,3,trip serves at least two distinct stops inside network extent,route ID suffix encodes source type 3,3,unknown,0,0,0,0,0,,1,0,
1647302_3,1647302_3,bus,0,3,trip serves at least two distinct stops inside network extent,route ID suffix encodes source type 3,9,unknown,0,0,0,0,0,,1,0,
1647303_3,1647303_3,bus,0,3,trip serves at least two distinct stops inside network extent,route ID suffix encodes source type 3,5,unknown,0,0,0,0,0,,1,0,
1647304_3,1647304_3,bus,0,3,trip serves at least two distinct stops inside network extent,route ID suffix encodes source type 3,6,unknown,0,0,0,0,0,,1,0,
1647305_3,1647305_3,bus,0,3,trip serves at least two distinct stops inside network extent,route ID suffix encodes source type 3,6,unknown,0,0,0,0,0,,1,0,
16_MUC_Tram neu Prognose,16_MUC_Tram neu Prognose,tram,0,0,trip serves at least two distinct stops inside network extent,forecast route name identifies Munich tram,392,1,1,0,0,0,0,,1,1,
17_MUC_Tram neu Prognose,17_MUC_Tram neu Prognose,tram,0,0,trip serves at least two distinct stops inside network extent,forecast route name identifies Munich tram,230,1,1,0,0,0,0,,1,1,
1850857_3,1850857_3,bus,0,3,trip serves at least two distinct stops inside network extent,route ID suffix encodes source type 3,27,unknown,0,0,0,0,0,,1,0,
1850858_3,1850858_3,bus,0,3,trip serves at least two distinct stops inside network extent,route ID suffix encodes source type 3,27,unknown,0,0,0,0,0,,1,0,
1850859_3,1850859_3,bus,0,3,trip serves at least two distinct stops inside network extent,route ID suffix encodes source type 3,27,unknown,0,0,0,0,0,,1,0,
1850860_3,1850860_3,bus,0,3,trip serves at least two distinct stops inside network extent,route ID suffix encodes source type 3,1,unknown,0,0,0,0,0,,1,0,
1850861_3,1850861_3,bus,0,3,trip serves at least two distinct stops inside network extent,route ID suffix encodes source type 3,27,unknown,0,0,0,0,0,,1,0,
1850862_3,1850862_3,bus,0,3,trip serves at least two distinct stops inside network extent,route ID suffix encodes source type 3,11,unknown,0,0,0,0,0,,1,0,
1850863_3,1850863_3,bus,0,3,trip serves at least two distinct stops inside network extent,route ID suffix encodes source type 3,14,unknown,0,0,0,0,0,,1,0,
1850864_3,1850864_3,bus,0,3,trip serves at least two distinct stops inside network extent,route ID suffix encodes source type 3,11,unknown,0,0,0,0,0,,1,0,
1850865_3,1850865_3,bus,0,3,trip serves at least two distinct stops inside network extent,route ID suffix encodes source type 3,51,unknown,0,0,0,0,0,,1,0,
1850866_3,1850866_3,bus,0,3,trip serves at least two distinct stops inside network extent,route ID suffix encodes source type 3,9,unknown,0,0,0,0,0,,1,0,
1850867_3,1850867_3,bus,0,3,trip serves at least two distinct stops inside network extent,route ID suffix encodes source type 3,9,unknown,0,0,0,0,0,,1,0,
1850868_3,1850868_3,bus,0,3,trip serves at least two distinct stops inside network extent,route ID suffix encodes source type 3,24,unknown,0,0,0,0,0,,1,0,
1850869_3,1850869_3,bus,0,3,trip serves at least two distinct stops inside network extent,route ID suffix encodes source type 3,21,unknown,0,0,0,0,0,,1,0,
1850870_3,1850870_3,bus,0,3,trip serves at least two distinct stops inside network extent,route ID suffix encodes source type 3,27,unknown,0,0,0,0,0,,1,0,
1850871_3,1850871_3,bus,0,3,trip serves at least two distinct stops inside network extent,route ID suffix encodes source type 3,44,unknown,0,0,0,0,0,,1,0,
1850872_3,1850872_3,bus,0,3,trip serves at least two distinct stops inside network extent,route ID suffix encodes source type 3,43,unknown,0,0,0,0,0,,1,0,
1850873_3,1850873_3,bus,0,3,trip serves at least two distinct stops inside network extent,route ID suffix encodes source type 3,4,unknown,0,0,0,0,0,,1,0,
1850874_3,1850874_3,bus,0,3,trip serves at least two distinct stops inside network extent,route ID suffix encodes source type 3,7,unknown,0,0,0,0,0,,1,0,
1850875_3,1850875_3,bus,0,3,trip serves at least two distinct stops inside network extent,route ID suffix encodes source type 3,5,unknown,0,0,0,0,0,,1,0,
1850876_3,1850876_3,bus,0,3,trip serves at least two distinct stops inside network extent,route ID suffix encodes source type 3,9,unknown,0,0,0,0,0,,1,0,
1850877_2,1850877_2,rail,0,2,trip serves at least two distinct stops inside network extent,route ID suffix encodes source type 2,46,unknown,0,0,0,0,0,,1,0,
1850878_2,1850878_2,rail,0,2,trip serves at least two distinct stops inside network extent,route ID suffix encodes source type 2,35,unknown,0,0,0,0,0,,1,0,
1850879_2,1850879_2,rail,0,2,trip serves at least two distinct stops inside network extent,route ID suffix encodes source type 2,104,unknown,0,0,0,0,0,,1,0,
1850880_2,1850880_2,rail,0,2,trip serves at least two distinct stops inside network extent,route ID suffix encodes source type 2,57,unknown,0,0,0,0,0,,1,0,
1850881_2,1850881_2,rail,0,2,trip serves at least two distinct stops inside network extent,route ID suffix encodes source type 2,95,unknown,0,0,0,0,0,,1,0,
1850882_2,1850882_2,rail,0,2,trip serves at least two distinct stops inside network extent,route ID suffix encodes source type 2,7,unknown,0,0,0,0,0,,1,0,
1892595_3,1892595_3,bus,0,3,trip serves at least two distinct stops inside network extent,route ID suffix encodes source type 3,50,unknown,0,0,0,0,0,,1,0,
1892596_3,1892596_3,bus,0,3,trip serves at least two distinct stops inside network extent,route ID suffix encodes source type 3,54,unknown,0,0,0,0,0,,1,0,
1892597_3,1892597_3,bus,0,3,trip serves at least two distinct stops inside network extent,route ID suffix encodes source type 3,42,unknown,0,0,0,0,0,,1,0,
1892598_3,1892598_3,bus,0,3,trip serves at least two distinct stops inside network extent,route ID suffix encodes source type 3,54,unknown,0,0,0,0,0,,1,0,
1892599_3,1892599_3,bus,0,3,trip serves at least two distinct stops inside network extent,route ID suffix encodes source type 3,2,unknown,0,0,0,0,0,,1,0,
18_MUC_Tram neu Prognose,18_MUC_Tram neu Prognose,tram,0,0,trip serves at least two distinct stops inside network extent,forecast route name identifies Munich tram,237,1,1,0,0,0,0,,1,1,
1915147_3,1915147_3,bus,0,3,trip serves at least two distinct stops inside network extent,route ID suffix encodes source type 3,54,unknown,0,0,0,0,0,,1,0,
1915148_3,1915148_3,bus,0,3,trip serves at least two distinct stops inside network extent,route ID suffix encodes source type 3,54,unknown,0,0,0,0,0,,1,0,
1915149_3,1915149_3,bus,0,3,trip serves at least two distinct stops inside network extent,route ID suffix encodes source type 3,54,unknown,0,0,0,0,0,,1,0,
1915150_3,1915150_3,bus,0,3,trip serves at least two distinct stops inside network extent,route ID suffix encodes source type 3,58,unknown,0,0,0,0,0,,1,0,
1915151_3,1915151_3,bus,0,3,trip serves at least two distinct stops inside network extent,route ID suffix encodes source type 3,54,unknown,0,0,0,0,0,,1,0,
1915152_3,1915152_3,bus,0,3,trip serves at least two distinct stops inside network extent,route ID suffix encodes source type 3,54,unknown,0,0,0,0,0,,1,0,
1915153_3,1915153_3,bus,0,3,trip serves at least two distinct stops inside network extent,route ID suffix encodes source type 3,20,unknown,0,0,0,0,0,,1,0,
1915154_3,1915154_3,bus,0,3,trip serves at least two distinct stops inside network extent,route ID suffix encodes source type 3,8,unknown,0,0,0,0,0,,1,0,
1915155_3,1915155_3,bus,0,3,trip serves at least two distinct stops inside network extent,route ID suffix encodes source type 3,18,unknown,0,0,0,0,0,,1,0,
1960464_106,1960464_106,rail,0,2,trip serves at least two distinct stops inside network extent,custom Analyselinie_Schiene flag,2,unknown,0,1,0,0,0,,0,0,
1960465_106,1960465_106,rail,0,2,trip serves at least two distinct stops inside network extent,custom Analyselinie_Schiene flag,2,unknown,0,1,0,0,0,,0,0,
1960466_106,1960466_106,rail,0,2,trip serves at least two distinct stops inside network extent,custom Analyselinie_Schiene flag,2,unknown,0,1,0,0,0,,0,0,
1960467_106,1960467_106,rail,0,2,trip serves at least two distinct stops inside network extent,custom Analyselinie_Schiene flag,2,unknown,0,1,0,0,0,,0,0,
1989732_3,1989732_3,bus,0,3,trip serves at least two distinct stops inside network extent,route ID suffix encodes source type 3,10,unknown,0,0,0,0,0,,1,0,
1989733_3,1989733_3,bus,0,3,trip serves at least two distinct stops inside network extent,route ID suffix encodes source type 3,7,unknown,0,0,0,0,0,,1,0,
1989734_3,1989734_3,bus,0,3,trip serves at least two distinct stops inside network extent,route ID suffix encodes source type 3,5,unknown,0,0,0,0,0,,1,0,
1989735_3,1989735_3,bus,0,3,trip serves at least two distinct stops inside network extent,route ID suffix encodes source type 3,3,unknown,0,0,0,0,0,,1,0,
1989736_3,1989736_3,bus,0,3,trip serves at least two distinct stops inside network extent,route ID suffix encodes source type 3,3,unknown,0,0,0,0,0,,1,0,
1989737_3,1989737_3,bus,0,3,trip serves at least two distinct stops inside network extent,route ID suffix encodes source type 3,5,unknown,0,0,0,0,0,,1,0,
1989738_3,1989738_3,bus,0,3,trip serves at least two distinct stops inside network extent,route ID suffix encodes source type 3,34,unknown,0,0,0,0,0,,1,0,
1989739_3,1989739_3,bus,0,3,trip serves at least two distinct stops inside network extent,route ID suffix encodes source type 3,3,unknown,0,0,0,0,0,,1,0,
1989740_3,1989740_3,bus,0,3,trip serves at least two distinct stops inside network extent,route ID suffix encodes source type 3,23,unknown,0,0,0,0,0,,1,0,
1989741_3,1989741_3,bus,0,3,trip serves at least two distinct stops inside network extent,route ID suffix encodes source type 3,18,unknown,0,0,0,0,0,,1,0,
1989742_3,1989742_3,bus,0,3,trip serves at least two distinct stops inside network extent,route ID suffix encodes source type 3,5,unknown,0,0,0,0,0,,1,0,
1989743_3,1989743_3,bus,0,3,trip serves at least two distinct stops inside network extent,route ID suffix encodes source type 3,3,unknown,0,0,0,0,0,,1,0,
1989744_3,1989744_3,bus,0,3,trip serves at least two distinct stops inside network extent,route ID suffix encodes source type 3,9,unknown,0,0,0,0,0,,1,0,
1989745_3,1989745_3,bus,0,3,trip serves at least two distinct stops inside network extent,route ID suffix encodes source type 3,19,unknown,0,0,0,0,0,,1,0,
1989746_3,1989746_3,bus,0,3,trip serves at least two distinct stops inside network extent,route ID suffix encodes source type 3,26,unknown,0,0,0,0,0,,1,0,
1989747_3,1989747_3,bus,0,3,trip serves at least two distinct stops inside network extent,route ID suffix encodes source type 3,2,unknown,0,0,0,0,0,,1,0,
1989748_3,1989748_3,bus,0,3,trip serves at least two distinct stops inside network extent,route ID suffix encodes source type 3,4,unknown,0,0,0,0,0,,1,0,
1989749_3,1989749_3,bus,0,3,trip serves at least two distinct stops inside network extent,route ID suffix encodes source type 3,9,unknown,0,0,0,0,0,,1,0,
1989750_3,1989750_3,bus,0,3,trip serves at least two distinct stops inside network extent,route ID suffix encodes source type 3,17,unknown,0,0,0,0,0,,1,0,
1989751_3,1989751_3,bus,0,3,trip serves at least two distinct stops inside network extent,route ID suffix encodes source type 3,4,unknown,0,0,0,0,0,,1,0,
1989752_3,1989752_3,bus,0,3,trip serves at least two distinct stops inside network extent,route ID suffix encodes source type 3,3,unknown,0,0,0,0,0,,1,0,
1989753_3,1989753_3,bus,0,3,trip serves at least two distinct stops inside network extent,route ID suffix encodes source type 3,3,unknown,0,0,0,0,0,,1,0,
1989754_3,1989754_3,bus,0,3,trip serves at least two distinct stops inside network extent,route ID suffix encodes source type 3,6,unknown,0,0,0,0,0,,1,0,
1989755_3,1989755_3,bus,0,3,trip serves at least two distinct stops inside network extent,route ID suffix encodes source type 3,6,unknown,0,0,0,0,0,,1,0,
1989756_3,1989756_3,bus,0,3,trip serves at least two distinct stops inside network extent,route ID suffix encodes source type 3,6,unknown,0,0,0,0,0,,1,0,
1989757_3,1989757_3,bus,0,3,trip serves at least two distinct stops inside network extent,route ID suffix encodes source type 3,6,unknown,0,0,0,0,0,,1,0,
1989758_3,1989758_3,bus,0,3,trip serves at least two distinct stops inside network extent,route ID suffix encodes source type 3,10,unknown,0,0,0,0,0,,1,0,
1989759_3,1989759_3,bus,0,3,trip serves at least two distinct stops inside network extent,route ID suffix encodes source type 3,11,unknown,0,0,0,0,0,,1,0,
1989760_3,1989760_3,bus,0,3,trip serves at least two distinct stops inside network extent,route ID suffix encodes source type 3,2,unknown,0,0,0,0,0,,1,0,
1989761_3,1989761_3,bus,0,3,trip serves at least two distinct stops inside network extent,route ID suffix encodes source type 3,7,unknown,0,0,0,0,0,,1,0,
1989762_3,1989762_3,bus,0,3,trip serves at least two distinct stops inside network extent,route ID suffix encodes source type 3,3,unknown,0,0,0,0,0,,1,0,
1989763_3,1989763_3,bus,0,3,trip serves at least two distinct stops inside network extent,route ID suffix encodes source type 3,3,unknown,0,0,0,0,0,,1,0,
1989764_3,1989764_3,bus,0,3,trip serves at least two distinct stops inside network extent,route ID suffix encodes source type 3,6,unknown,0,0,0,0,0,,1,0,
1989765_3,1989765_3,bus,0,3,trip serves at least two distinct stops inside network extent,route ID suffix encodes source type 3,4,unknown,0,0,0,0,0,,1,0,
1989766_3,1989766_3,bus,0,3,trip serves at least two distinct stops inside network extent,route ID suffix encodes source type 3,4,unknown,0,0,0,0,0,,1,0,
1989767_3,1989767_3,bus,0,3,trip serves at least two distinct stops inside network extent,route ID suffix encodes source type 3,4,unknown,0,0,0,0,0,,1,0,
1989768_3,1989768_3,bus,0,3,trip serves at least two distinct stops inside network extent,route ID suffix encodes source type 3,4,unknown,0,0,0,0,0,,1,0,
1989769_3,1989769_3,bus,0,3,trip serves at least two distinct stops inside network extent,route ID suffix encodes source type 3,4,unknown,0,0,0,0,0,,1,0,
1989770_3,1989770_3,bus,0,3,trip serves at least two distinct stops inside network extent,route ID suffix encodes source type 3,5,unknown,0,0,0,0,0,,1,0,
1989771_3,1989771_3,bus,0,3,trip serves at least two distinct stops inside network extent,route ID suffix encodes source type 3,7,unknown,0,0,0,0,0,,1,0,
1989772_3,1989772_3,bus,0,3,trip serves at least two distinct stops inside network extent,route ID suffix encodes source type 3,2,unknown,0,0,0,0,0,,1,0,
1989773_3,1989773_3,bus,0,3,trip serves at least two distinct stops inside network extent,route ID suffix encodes source type 3,3,unknown,0,0,0,0,0,,1,0,
1989774_3,1989774_3,bus,0,3,trip serves at least two distinct stops inside network extent,route ID suffix encodes source type 3,3,unknown,0,0,0,0,0,,1,0,
19_MUC_Tram neu Prognose,19_MUC_Tram neu Prognose,tram,0,0,trip serves at least two distinct stops inside network extent,forecast route name identifies Munich tram,235,1,1,0,0,0,0,,1,1,
2026654_3,2026654_3,bus,0,3,trip serves at least two distinct stops inside network extent,route ID suffix encodes source type 3,2,3,0,0,0,0,0,,1,0,
2026655_3,2026655_3,bus,0,3,trip serves at least two distinct stops inside network extent,route ID suffix encodes source type 3,35,3,0,0,0,0,0,,1,0,
2026661_3,2026661_3,bus,0,3,trip serves at least two distinct stops inside network extent,route ID suffix encodes source type 3,3,3,0,0,0,0,0,,1,0,
2089440_3,2089440_3,bus,0,3,trip serves at least two distinct stops inside network extent,route ID suffix encodes source type 3,1,unknown,0,0,0,0,0,,1,0,
2089441_3,2089441_3,bus,0,3,trip serves at least two distinct stops inside network extent,route ID suffix encodes source type 3,1,unknown,0,0,0,0,0,,1,0,
2089496_3,2089496_3,bus,0,3,trip serves at least two distinct stops inside network extent,route ID suffix encodes source type 3,3,unknown,0,0,0,0,0,,1,0,
2089518_3,2089518_3,bus,0,3,trip serves at least two distinct stops inside network extent,route ID suffix encodes source type 3,2,unknown,0,0,0,0,0,,1,0,
2089530_3,2089530_3,bus,0,3,trip serves at least two distinct stops inside network extent,route ID suffix encodes source type 3,2,unknown,0,0,0,0,0,,1,0,
2089552_3,2089552_3,bus,0,3,trip serves at least two distinct stops inside network extent,route ID suffix encodes source type 3,2,unknown,0,0,0,0,0,,1,0,
2089555_3,2089555_3,bus,0,3,trip serves at least two distinct stops inside network extent,route ID suffix encodes source type 3,2,unknown,0,0,0,0,0,,1,0,
2089556_3,2089556_3,bus,0,3,trip serves at least two distinct stops inside network extent,route ID suffix encodes source type 3,2,unknown,0,0,0,0,0,,1,0,
2089558_3,2089558_3,bus,0,3,trip serves at least two distinct stops inside network extent,route ID suffix encodes source type 3,1,unknown,0,0,0,0,0,,1,0,
2089559_3,2089559_3,bus,0,3,trip serves at least two distinct stops inside network extent,route ID suffix encodes source type 3,1,unknown,0,0,0,0,0,,1,0,
2089560_3,2089560_3,bus,0,3,trip serves at least two distinct stops inside network extent,route ID suffix encodes source type 3,2,unknown,0,0,0,0,0,,1,0,
2089561_3,2089561_3,bus,0,3,trip serves at least two distinct stops inside network extent,route ID suffix encodes source type 3,2,unknown,0,0,0,0,0,,1,0,
2089574_3,2089574_3,bus,0,3,trip serves at least two distinct stops inside network extent,route ID suffix encodes source type 3,2,unknown,0,0,0,0,0,,1,0,
2089583_3,2089583_3,bus,0,3,trip serves at least two distinct stops inside network extent,route ID suffix encodes source type 3,1,unknown,0,0,0,0,0,,1,0,
2089594_3,2089594_3,bus,0,3,trip serves at least two distinct stops inside network extent,route ID suffix encodes source type 3,2,unknown,0,0,0,0,0,,1,0,
2089606_3,2089606_3,bus,0,3,trip serves at least two distinct stops inside network extent,route ID suffix encodes source type 3,1,unknown,0,0,0,0,0,,1,0,
2089616_3,2089616_3,bus,0,3,trip serves at least two distinct stops inside network extent,route ID suffix encodes source type 3,2,unknown,0,0,0,0,0,,1,0,
2089624_3,2089624_3,bus,0,3,trip serves at least two distinct stops inside network extent,route ID suffix encodes source type 3,1,unknown,0,0,0,0,0,,1,0,
2089655_3,2089655_3,bus,0,3,trip serves at least two distinct stops inside network extent,route ID suffix encodes source type 3,2,unknown,0,0,0,0,0,,1,0,
2089656_3,2089656_3,bus,0,3,trip serves at least two distinct stops inside network extent,route ID suffix encodes source type 3,1,unknown,0,0,0,0,0,,1,0,
2089660_3,2089660_3,bus,0,3,trip serves at least two distinct stops inside network extent,route ID suffix encodes source type 3,2,unknown,0,0,0,0,0,,1,0,
2089662_3,2089662_3,bus,0,3,trip serves at least two distinct stops inside network extent,route ID suffix encodes source type 3,2,unknown,0,0,0,0,0,,1,0,
2089663_3,2089663_3,bus,0,3,trip serves at least two distinct stops inside network extent,route ID suffix encodes source type 3,2,unknown,0,0,0,0,0,,1,0,
2089664_3,2089664_3,bus,0,3,trip serves at least two distinct stops inside network extent,route ID suffix encodes source type 3,2,unknown,0,0,0,0,0,,1,0,
2089668_3,2089668_3,bus,0,3,trip serves at least two distinct stops inside network extent,route ID suffix encodes source type 3,2,unknown,0,0,0,0,0,,1,0,
2089674_3,2089674_3,bus,0,3,trip serves at least two distinct stops inside network extent,route ID suffix encodes source type 3,1,unknown,0,0,0,0,0,,1,0,
20_MUC_Tram neu Prognose,20_MUC_Tram neu Prognose,tram,0,0,trip serves at least two distinct stops inside network extent,forecast route name identifies Munich tram,236,1,1,0,0,0,0,,1,1,
2142036_3,2142036_3,bus,0,3,trip serves at least two distinct stops inside network extent,route ID suffix encodes source type 3,16,unknown,0,0,0,0,0,,1,0,
2142037_3,2142037_3,bus,0,3,trip serves at least two distinct stops inside network extent,route ID suffix encodes source type 3,4,unknown,0,0,0,0,0,,1,0,
2142039_3,2142039_3,bus,0,3,trip serves at least two distinct stops inside network extent,route ID suffix encodes source type 3,26,unknown,0,0,0,0,0,,1,0,
2142040_3,2142040_3,bus,0,3,trip serves at least two distinct stops inside network extent,route ID suffix encodes source type 3,52,unknown,0,0,0,0,0,,1,0,
2142041_3,2142041_3,bus,0,3,trip serves at least two distinct stops inside network extent,route ID suffix encodes source type 3,31,unknown,0,0,0,0,0,,1,0,
2142043_3,2142043_3,bus,0,3,trip serves at least two distinct stops inside network extent,route ID suffix encodes source type 3,37,unknown,0,0,0,0,0,,1,0,
2142044_3,2142044_3,bus,0,3,trip serves at least two distinct stops inside network extent,route ID suffix encodes source type 3,29,unknown,0,0,0,0,0,,1,0,
2142047_3,2142047_3,bus,0,3,trip serves at least two distinct stops inside network extent,route ID suffix encodes source type 3,2,unknown,0,0,0,0,0,,1,0,
2142053_3,2142053_3,bus,0,3,trip serves at least two distinct stops inside network extent,route ID suffix encodes source type 3,2,unknown,0,0,0,0,0,,1,0,
2142071_3,2142071_3,bus,0,3,trip serves at least two distinct stops inside network extent,route ID suffix encodes source type 3,4,unknown,0,0,0,0,0,,1,0,
2149569_3,2149569_3,bus,0,3,trip serves at least two distinct stops inside network extent,route ID suffix encodes source type 3,4,unknown,0,0,0,0,0,,1,0,
2149575_3,2149575_3,bus,0,3,trip serves at least two distinct stops inside network extent,route ID suffix encodes source type 3,5,unknown,0,0,0,0,0,,1,0,
2149577_3,2149577_3,bus,0,3,trip serves at least two distinct stops inside network extent,route ID suffix encodes source type 3,2,unknown,0,0,0,0,0,,1,0,
2149578_3,2149578_3,bus,0,3,trip serves at least two distinct stops inside network extent,route ID suffix encodes source type 3,11,unknown,0,0,0,0,0,,1,0,
2167278_3,2167278_3,bus,0,3,trip serves at least two distinct stops inside network extent,route ID suffix encodes source type 3,17,unknown,0,0,0,0,0,,1,0,
2167279_3,2167279_3,bus,0,3,trip serves at least two distinct stops inside network extent,route ID suffix encodes source type 3,14,unknown,0,0,0,0,0,,1,0,
2167280_3,2167280_3,bus,0,3,trip serves at least two distinct stops inside network extent,route ID suffix encodes source type 3,18,unknown,0,0,0,0,0,,1,0,
2167614_3,2167614_3,bus,0,3,trip serves at least two distinct stops inside network extent,route ID suffix encodes source type 3,63,unknown,0,0,0,0,0,,1,0,
2167615_3,2167615_3,bus,0,3,trip serves at least two distinct stops inside network extent,route ID suffix encodes source type 3,60,unknown,0,0,0,0,0,,1,0,
2167616_3,2167616_3,bus,0,3,trip serves at least two distinct stops inside network extent,route ID suffix encodes source type 3,61,unknown,0,0,0,0,0,,1,0,
2167617_3,2167617_3,bus,0,3,trip serves at least two distinct stops inside network extent,route ID suffix encodes source type 3,59,unknown,0,0,0,0,0,,1,0,
2167618_3,2167618_3,bus,0,3,trip serves at least two distinct stops inside network extent,route ID suffix encodes source type 3,28,unknown,0,0,0,0,0,,1,0,
2167619_3,2167619_3,bus,0,3,trip serves at least two distinct stops inside network extent,route ID suffix encodes source type 3,61,unknown,0,0,0,0,0,,1,0,
2167620_3,2167620_3,bus,0,3,trip serves at least two distinct stops inside network extent,route ID suffix encodes source type 3,60,unknown,0,0,0,0,0,,1,0,
2167621_3,2167621_3,bus,0,3,trip serves at least two distinct stops inside network extent,route ID suffix encodes source type 3,57,unknown,0,0,0,0,0,,1,0,
2167622_3,2167622_3,bus,0,3,trip serves at least two distinct stops inside network extent,route ID suffix encodes source type 3,29,unknown,0,0,0,0,0,,1,0,
2167623_3,2167623_3,bus,0,3,trip serves at least two distinct stops inside network extent,route ID suffix encodes source type 3,25,unknown,0,0,0,0,0,,1,0,
2167624_3,2167624_3,bus,0,3,trip serves at least two distinct stops inside network extent,route ID suffix encodes source type 3,58,unknown,0,0,0,0,0,,1,0,
2167625_3,2167625_3,bus,0,3,trip serves at least two distinct stops inside network extent,route ID suffix encodes source type 3,59,unknown,0,0,0,0,0,,1,0,
2167626_3,2167626_3,bus,0,3,trip serves at least two distinct stops inside network extent,route ID suffix encodes source type 3,16,unknown,0,0,0,0,0,,1,0,
2167627_3,2167627_3,bus,0,3,trip serves at least two distinct stops inside network extent,route ID suffix encodes source type 3,5,unknown,0,0,0,0,0,,1,0,
2167628_3,2167628_3,bus,0,3,trip serves at least two distinct stops inside network extent,route ID suffix encodes source type 3,6,unknown,0,0,0,0,0,,1,0,
2167629_3,2167629_3,bus,0,3,trip serves at least two distinct stops inside network extent,route ID suffix encodes source type 3,7,unknown,0,0,0,0,0,,1,0,
2167630_3,2167630_3,bus,0,3,trip serves at least two distinct stops inside network extent,route ID suffix encodes source type 3,2,unknown,0,0,0,0,0,,1,0,
2167631_3,2167631_3,bus,0,3,trip serves at least two distinct stops inside network extent,route ID suffix encodes source type 3,3,unknown,0,0,0,0,0,,1,0,
2167632_3,2167632_3,bus,0,3,trip serves at least two distinct stops inside network extent,route ID suffix encodes source type 3,4,unknown,0,0,0,0,0,,1,0,
2167633_3,2167633_3,bus,0,3,trip serves at least two distinct stops inside network extent,route ID suffix encodes source type 3,3,unknown,0,0,0,0,0,,1,0,
2167634_3,2167634_3,bus,0,3,trip serves at least two distinct stops inside network extent,route ID suffix encodes source type 3,8,unknown,0,0,0,0,0,,1,0,
2167635_3,2167635_3,bus,0,3,trip serves at least two distinct stops inside network extent,route ID suffix encodes source type 3,4,unknown,0,0,0,0,0,,1,0,
2167636_3,2167636_3,bus,0,3,trip serves at least two distinct stops inside network extent,route ID suffix encodes source type 3,2,unknown,0,0,0,0,0,,1,0,
2167637_3,2167637_3,bus,0,3,trip serves at least two distinct stops inside network extent,route ID suffix encodes source type 3,3,unknown,0,0,0,0,0,,1,0,
2167638_3,2167638_3,bus,0,3,trip serves at least two distinct stops inside network extent,route ID suffix encodes source type 3,3,unknown,0,0,0,0,0,,1,0,
2167639_3,2167639_3,bus,0,3,trip serves at least two distinct stops inside network extent,route ID suffix encodes source type 3,2,unknown,0,0,0,0,0,,1,0,
2167640_3,2167640_3,bus,0,3,trip serves at least two distinct stops inside network extent,route ID suffix encodes source type 3,1,unknown,0,0,0,0,0,,1,0,
2167641_3,2167641_3,bus,0,3,trip serves at least two distinct stops inside network extent,route ID suffix encodes source type 3,6,unknown,0,0,0,0,0,,1,0,
2167642_3,2167642_3,bus,0,3,trip serves at least two distinct stops inside network extent,route ID suffix encodes source type 3,1,unknown,0,0,0,0,0,,1,0,
2167643_3,2167643_3,bus,0,3,trip serves at least two distinct stops inside network extent,route ID suffix encodes source type 3,1,unknown,0,0,0,0,0,,1,0,
2167644_3,2167644_3,bus,0,3,trip serves at least two distinct stops inside network extent,route ID suffix encodes source type 3,1,unknown,0,0,0,0,0,,1,0,
2167645_3,2167645_3,bus,0,3,trip serves at least two distinct stops inside network extent,route ID suffix encodes source type 3,1,unknown,0,0,0,0,0,,1,0,
2167646_3,2167646_3,bus,0,3,trip serves at least two distinct stops inside network extent,route ID suffix encodes source type 3,1,unknown,0,0,0,0,0,,1,0,
2167647_3,2167647_3,bus,0,3,trip serves at least two distinct stops inside network extent,route ID suffix encodes source type 3,1,unknown,0,0,0,0,0,,1,0,
2167648_3,2167648_3,bus,0,3,trip serves at least two distinct stops inside network extent,route ID suffix encodes source type 3,1,unknown,0,0,0,0,0,,1,0,
2167649_3,2167649_3,bus,0,3,trip serves at least two distinct stops inside network extent,route ID suffix encodes source type 3,1,unknown,0,0,0,0,0,,1,0,
2167650_3,2167650_3,bus,0,3,trip serves at least two distinct stops inside network extent,route ID suffix encodes source type 3,1,unknown,0,0,0,0,0,,1,0,
2167651_3,2167651_3,bus,0,3,trip serves at least two distinct stops inside network extent,route ID suffix encodes source type 3,1,unknown,0,0,0,0,0,,1,0,
2167652_3,2167652_3,bus,0,3,trip serves at least two distinct stops inside network extent,route ID suffix encodes source type 3,1,unknown,0,0,0,0,0,,1,0,
2167653_3,2167653_3,bus,0,3,trip serves at least two distinct stops inside network extent,route ID suffix encodes source type 3,1,unknown,0,0,0,0,0,,1,0,
2167654_3,2167654_3,bus,0,3,trip serves at least two distinct stops inside network extent,route ID suffix encodes source type 3,1,unknown,0,0,0,0,0,,1,0,
2167655_3,2167655_3,bus,0,3,trip serves at least two distinct stops inside network extent,route ID suffix encodes source type 3,1,unknown,0,0,0,0,0,,1,0,
2167656_3,2167656_3,bus,0,3,trip serves at least two distinct stops inside network extent,route ID suffix encodes source type 3,1,unknown,0,0,0,0,0,,1,0,
2167657_3,2167657_3,bus,0,3,trip serves at least two distinct stops inside network extent,route ID suffix encodes source type 3,1,unknown,0,0,0,0,0,,1,0,
2167658_3,2167658_3,bus,0,3,trip serves at least two distinct stops inside network extent,route ID suffix encodes source type 3,1,unknown,0,0,0,0,0,,1,0,
2167659_3,2167659_3,bus,0,3,trip serves at least two distinct stops inside network extent,route ID suffix encodes source type 3,1,unknown,0,0,0,0,0,,1,0,
2167660_3,2167660_3,bus,0,3,trip serves at least two distinct stops inside network extent,route ID suffix encodes source type 3,1,unknown,0,0,0,0,0,,1,0,
2167661_3,2167661_3,bus,0,3,trip serves at least two distinct stops inside network extent,route ID suffix encodes source type 3,1,unknown,0,0,0,0,0,,1,0,
2167662_3,2167662_3,bus,0,3,trip serves at least two distinct stops inside network extent,route ID suffix encodes source type 3,1,unknown,0,0,0,0,0,,1,0,
2167663_3,2167663_3,bus,0,3,trip serves at least two distinct stops inside network extent,route ID suffix encodes source type 3,1,unknown,0,0,0,0,0,,1,0,
2167664_3,2167664_3,bus,0,3,trip serves at least two distinct stops inside network extent,route ID suffix encodes source type 3,1,unknown,0,0,0,0,0,,1,0,
2167665_3,2167665_3,bus,0,3,trip serves at least two distinct stops inside network extent,route ID suffix encodes source type 3,1,unknown,0,0,0,0,0,,1,0,
2167666_3,2167666_3,bus,0,3,trip serves at least two distinct stops inside network extent,route ID suffix encodes source type 3,1,unknown,0,0,0,0,0,,1,0,
2167667_3,2167667_3,bus,0,3,trip serves at least two distinct stops inside network extent,route ID suffix encodes source type 3,1,unknown,0,0,0,0,0,,1,0,
2167668_3,2167668_3,bus,0,3,trip serves at least two distinct stops inside network extent,route ID suffix encodes source type 3,1,unknown,0,0,0,0,0,,1,0,
2167669_3,2167669_3,bus,0,3,trip serves at least two distinct stops inside network extent,route ID suffix encodes source type 3,1,unknown,0,0,0,0,0,,1,0,
2167670_3,2167670_3,bus,0,3,trip serves at least two distinct stops inside network extent,route ID suffix encodes source type 3,1,unknown,0,0,0,0,0,,1,0,
2167671_3,2167671_3,bus,0,3,trip serves at least two distinct stops inside network extent,route ID suffix encodes source type 3,1,unknown,0,0,0,0,0,,1,0,
2167672_3,2167672_3,bus,0,3,trip serves at least two distinct stops inside network extent,route ID suffix encodes source type 3,1,unknown,0,0,0,0,0,,1,0,
2167673_3,2167673_3,bus,0,3,trip serves at least two distinct stops inside network extent,route ID suffix encodes source type 3,1,unknown,0,0,0,0,0,,1,0,
2167674_3,2167674_3,bus,0,3,trip serves at least two distinct stops inside network extent,route ID suffix encodes source type 3,1,unknown,0,0,0,0,0,,1,0,
2167675_3,2167675_3,bus,0,3,trip serves at least two distinct stops inside network extent,route ID suffix encodes source type 3,1,unknown,0,0,0,0,0,,1,0,
2167676_3,2167676_3,bus,0,3,trip serves at least two distinct stops inside network extent,route ID suffix encodes source type 3,1,unknown,0,0,0,0,0,,1,0,
2167677_3,2167677_3,bus,0,3,trip serves at least two distinct stops inside network extent,route ID suffix encodes source type 3,1,unknown,0,0,0,0,0,,1,0,
2167678_3,2167678_3,bus,0,3,trip serves at least two distinct stops inside network extent,route ID suffix encodes source type 3,1,unknown,0,0,0,0,0,,1,0,
2167679_3,2167679_3,bus,0,3,trip serves at least two distinct stops inside network extent,route ID suffix encodes source type 3,1,unknown,0,0,0,0,0,,1,0,
2167680_3,2167680_3,bus,0,3,trip serves at least two distinct stops inside network extent,route ID suffix encodes source type 3,1,unknown,0,0,0,0,0,,1,0,
2167681_3,2167681_3,bus,0,3,trip serves at least two distinct stops inside network extent,route ID suffix encodes source type 3,1,unknown,0,0,0,0,0,,1,0,
2167682_3,2167682_3,bus,0,3,trip serves at least two distinct stops inside network extent,route ID suffix encodes source type 3,1,unknown,0,0,0,0,0,,1,0,
2167683_3,2167683_3,bus,0,3,trip serves at least two distinct stops inside network extent,route ID suffix encodes source type 3,1,unknown,0,0,0,0,0,,1,0,
2167684_3,2167684_3,bus,0,3,trip serves at least two distinct stops inside network extent,route ID suffix encodes source type 3,1,unknown,0,0,0,0,0,,1,0,
2167685_3,2167685_3,bus,0,3,trip serves at least two distinct stops inside network extent,route ID suffix encodes source type 3,1,unknown,0,0,0,0,0,,1,0,
2167686_3,2167686_3,bus,0,3,trip serves at least two distinct stops inside network extent,route ID suffix encodes source type 3,1,unknown,0,0,0,0,0,,1,0,
2167687_3,2167687_3,bus,0,3,trip serves at least two distinct stops inside network extent,route ID suffix encodes source type 3,1,unknown,0,0,0,0,0,,1,0,
2167688_3,2167688_3,bus,0,3,trip serves at least two distinct stops inside network extent,route ID suffix encodes source type 3,1,unknown,0,0,0,0,0,,1,0,
2167689_3,2167689_3,bus,0,3,trip serves at least two distinct stops inside network extent,route ID suffix encodes source type 3,1,unknown,0,0,0,0,0,,1,0,
2167690_3,2167690_3,bus,0,3,trip serves at least two distinct stops inside network extent,route ID suffix encodes source type 3,1,unknown,0,0,0,0,0,,1,0,
2167691_3,2167691_3,bus,0,3,trip serves at least two distinct stops inside network extent,route ID suffix encodes source type 3,1,unknown,0,0,0,0,0,,1,0,
2167692_3,2167692_3,bus,0,3,trip serves at least two distinct stops inside network extent,route ID suffix encodes source type 3,1,unknown,0,0,0,0,0,,1,0,
2167693_3,2167693_3,bus,0,3,trip serves at least two distinct stops inside network extent,route ID suffix encodes source type 3,1,unknown,0,0,0,0,0,,1,0,
2167694_3,2167694_3,bus,0,3,trip serves at least two distinct stops inside network extent,route ID suffix encodes source type 3,1,unknown,0,0,0,0,0,,1,0,
2167695_3,2167695_3,bus,0,3,trip serves at least two distinct stops inside network extent,route ID suffix encodes source type 3,1,unknown,0,0,0,0,0,,1,0,
2167696_3,2167696_3,bus,0,3,trip serves at least two distinct stops inside network extent,route ID suffix encodes source type 3,1,unknown,0,0,0,0,0,,1,0,
2167697_3,2167697_3,bus,0,3,trip serves at least two distinct stops inside network extent,route ID suffix encodes source type 3,1,unknown,0,0,0,0,0,,1,0,
2167698_3,2167698_3,bus,0,3,trip serves at least two distinct stops inside network extent,route ID suffix encodes source type 3,1,unknown,0,0,0,0,0,,1,0,
2167699_3,2167699_3,bus,0,3,trip serves at least two distinct stops inside network extent,route ID suffix encodes source type 3,1,unknown,0,0,0,0,0,,1,0,
2167700_3,2167700_3,bus,0,3,trip serves at least two distinct stops inside network extent,route ID suffix encodes source type 3,1,unknown,0,0,0,0,0,,1,0,
2167701_3,2167701_3,bus,0,3,trip serves at least two distinct stops inside network extent,route ID suffix encodes source type 3,2,unknown,0,0,0,0,0,,1,0,
2167702_3,2167702_3,bus,0,3,trip serves at least two distinct stops inside network extent,route ID suffix encodes source type 3,1,unknown,0,0,0,0,0,,1,0,
2167703_3,2167703_3,bus,0,3,trip serves at least two distinct stops inside network extent,route ID suffix encodes source type 3,1,unknown,0,0,0,0,0,,1,0,
2167704_3,2167704_3,bus,0,3,trip serves at least two distinct stops inside network extent,route ID suffix encodes source type 3,1,unknown,0,0,0,0,0,,1,0,
2167705_3,2167705_3,bus,0,3,trip serves at least two distinct stops inside network extent,route ID suffix encodes source type 3,1,unknown,0,0,0,0,0,,1,0,
2167706_3,2167706_3,bus,0,3,trip serves at least two distinct stops inside network extent,route ID suffix encodes source type 3,1,unknown,0,0,0,0,0,,1,0,
2167707_3,2167707_3,bus,0,3,trip serves at least two distinct stops inside network extent,route ID suffix encodes source type 3,2,unknown,0,0,0,0,0,,1,0,
2167708_3,2167708_3,bus,0,3,trip serves at least two distinct stops inside network extent,route ID suffix encodes source type 3,1,unknown,0,0,0,0,0,,1,0,
2167709_3,2167709_3,bus,0,3,trip serves at least two distinct stops inside network extent,route ID suffix encodes source type 3,1,unknown,0,0,0,0,0,,1,0,
2167710_3,2167710_3,bus,0,3,trip serves at least two distinct stops inside network extent,route ID suffix encodes source type 3,1,unknown,0,0,0,0,0,,1,0,
2167711_3,2167711_3,bus,0,3,trip serves at least two distinct stops inside network extent,route ID suffix encodes source type 3,1,unknown,0,0,0,0,0,,1,0,
2167712_3,2167712_3,bus,0,3,trip serves at least two distinct stops inside network extent,route ID suffix encodes source type 3,1,unknown,0,0,0,0,0,,1,0,
2167713_3,2167713_3,bus,0,3,trip serves at least two distinct stops inside network extent,route ID suffix encodes source type 3,1,unknown,0,0,0,0,0,,1,0,
2183217_3,2183217_3,bus,0,3,trip serves at least two distinct stops inside network extent,route ID suffix encodes source type 3,45,unknown,0,0,0,0,0,,1,0,
2183218_3,2183218_3,bus,0,3,trip serves at least two distinct stops inside network extent,route ID suffix encodes source type 3,41,unknown,0,0,0,0,0,,1,0,
2183219_3,2183219_3,bus,0,3,trip serves at least two distinct stops inside network extent,route ID suffix encodes source type 3,39,unknown,0,0,0,0,0,,1,0,
2183220_3,2183220_3,bus,0,3,trip serves at least two distinct stops inside network extent,route ID suffix encodes source type 3,27,unknown,0,0,0,0,0,,1,0,
2183221_3,2183221_3,bus,0,3,trip serves at least two distinct stops inside network extent,route ID suffix encodes source type 3,28,unknown,0,0,0,0,0,,1,0,
2183222_3,2183222_3,bus,0,3,trip serves at least two distinct stops inside network extent,route ID suffix encodes source type 3,37,unknown,0,0,0,0,0,,1,0,
2183223_3,2183223_3,bus,0,3,trip serves at least two distinct stops inside network extent,route ID suffix encodes source type 3,53,unknown,0,0,0,0,0,,1,0,
2183224_3,2183224_3,bus,0,3,trip serves at least two distinct stops inside network extent,route ID suffix encodes source type 3,114,unknown,0,0,0,0,0,,1,0,
2183225_3,2183225_3,bus,0,3,trip serves at least two distinct stops inside network extent,route ID suffix encodes source type 3,36,unknown,0,0,0,0,0,,1,0,
2183226_3,2183226_3,bus,0,3,trip serves at least two distinct stops inside network extent,route ID suffix encodes source type 3,15,unknown,0,0,0,0,0,,1,0,
2183227_3,2183227_3,bus,0,3,trip serves at least two distinct stops inside network extent,route ID suffix encodes source type 3,22,unknown,0,0,0,0,0,,1,0,
2183228_3,2183228_3,bus,0,3,trip serves at least two distinct stops inside network extent,route ID suffix encodes source type 3,2,unknown,0,0,0,0,0,,1,0,
2183229_3,2183229_3,bus,0,3,trip serves at least two distinct stops inside network extent,route ID suffix encodes source type 3,2,unknown,0,0,0,0,0,,1,0,
2183231_3,2183231_3,bus,0,3,trip serves at least two distinct stops inside network extent,route ID suffix encodes source type 3,21,unknown,0,0,0,0,0,,1,0,
2183232_3,2183232_3,bus,0,3,trip serves at least two distinct stops inside network extent,route ID suffix encodes source type 3,42,unknown,0,0,0,0,0,,1,0,
2183233_3,2183233_3,bus,0,3,trip serves at least two distinct stops inside network extent,route ID suffix encodes source type 3,11,unknown,0,0,0,0,0,,1,0,
2183234_3,2183234_3,bus,0,3,trip serves at least two distinct stops inside network extent,route ID suffix encodes source type 3,5,unknown,0,0,0,0,0,,1,0,
2183235_3,2183235_3,bus,0,3,trip serves at least two distinct stops inside network extent,route ID suffix encodes source type 3,25,unknown,0,0,0,0,0,,1,0,
2183236_3,2183236_3,bus,0,3,trip serves at least two distinct stops inside network extent,route ID suffix encodes source type 3,15,unknown,0,0,0,0,0,,1,0,
2183238_3,2183238_3,bus,0,3,trip serves at least two distinct stops inside network extent,route ID suffix encodes source type 3,29,unknown,0,0,0,0,0,,1,0,
2183239_3,2183239_3,bus,0,3,trip serves at least two distinct stops inside network extent,route ID suffix encodes source type 3,14,unknown,0,0,0,0,0,,1,0,
2183240_3,2183240_3,bus,0,3,trip serves at least two distinct stops inside network extent,route ID suffix encodes source type 3,13,unknown,0,0,0,0,0,,1,0,
2188824_3,2188824_3,bus,0,3,trip serves at least two distinct stops inside network extent,route ID suffix encodes source type 3,196,unknown,0,0,0,0,0,,1,0,
2188825_3,2188825_3,bus,0,3,trip serves at least two distinct stops inside network extent,route ID suffix encodes source type 3,183,unknown,0,0,0,0,0,,1,0,
2188826_3,2188826_3,bus,0,3,trip serves at least two distinct stops inside network extent,route ID suffix encodes source type 3,116,unknown,0,0,0,0,0,,1,0,
2188827_3,2188827_3,bus,0,3,trip serves at least two distinct stops inside network extent,route ID suffix encodes source type 3,120,unknown,0,0,0,0,0,,1,0,
2188828_3,2188828_3,bus,0,3,trip serves at least two distinct stops inside network extent,route ID suffix encodes source type 3,49,unknown,0,0,0,0,0,,1,0,
2188829_3,2188829_3,bus,0,3,trip serves at least two distinct stops inside network extent,route ID suffix encodes source type 3,179,unknown,0,0,0,0,0,,1,0,
2188830_3,2188830_3,bus,0,3,trip serves at least two distinct stops inside network extent,route ID suffix encodes source type 3,134,unknown,0,0,0,0,0,,1,0,
2188831_3,2188831_3,bus,0,3,trip serves at least two distinct stops inside network extent,route ID suffix encodes source type 3,97,unknown,0,0,0,0,0,,1,0,
2188832_3,2188832_3,bus,0,3,trip serves at least two distinct stops inside network extent,route ID suffix encodes source type 3,41,unknown,0,0,0,0,0,,1,0,
2188833_3,2188833_3,bus,0,3,trip serves at least two distinct stops inside network extent,route ID suffix encodes source type 3,184,unknown,0,0,0,0,0,,1,0,
2188834_3,2188834_3,bus,0,3,trip serves at least two distinct stops inside network extent,route ID suffix encodes source type 3,106,unknown,0,0,0,0,0,,1,0,
2188835_3,2188835_3,bus,0,3,trip serves at least two distinct stops inside network extent,route ID suffix encodes source type 3,60,unknown,0,0,0,0,0,,1,0,
2188836_3,2188836_3,bus,0,3,trip serves at least two distinct stops inside network extent,route ID suffix encodes source type 3,26,unknown,0,0,0,0,0,,1,0,
2188837_3,2188837_3,bus,0,3,trip serves at least two distinct stops inside network extent,route ID suffix encodes source type 3,6,unknown,0,0,0,0,0,,1,0,
2188838_3,2188838_3,bus,0,3,trip serves at least two distinct stops inside network extent,route ID suffix encodes source type 3,5,unknown,0,0,0,0,0,,1,0,
2188839_3,2188839_3,bus,0,3,trip serves at least two distinct stops inside network extent,route ID suffix encodes source type 3,6,unknown,0,0,0,0,0,,1,0,
2188840_3,2188840_3,bus,0,3,trip serves at least two distinct stops inside network extent,route ID suffix encodes source type 3,2,unknown,0,0,0,0,0,,1,0,
2188841_3,2188841_3,bus,0,3,trip serves at least two distinct stops inside network extent,route ID suffix encodes source type 3,4,unknown,0,0,0,0,0,,1,0,
2188842_3,2188842_3,bus,0,3,trip serves at least two distinct stops inside network extent,route ID suffix encodes source type 3,3,unknown,0,0,0,0,0,,1,0,
2188843_3,2188843_3,bus,0,3,trip serves at least two distinct stops inside network extent,route ID suffix encodes source type 3,2,unknown,0,0,0,0,0,,1,0,
2188844_2,2188844_2,rail,0,2,trip serves at least two distinct stops inside network extent,route ID suffix encodes source type 2,2,unknown,0,0,0,0,0,,1,0,
2188844_3,2188844_3,bus,0,3,trip serves at least two distinct stops inside network extent,route ID suffix encodes source type 3,8,unknown,0,0,0,0,0,,1,0,
2188846_3,2188846_3,bus,0,3,trip serves at least two distinct stops inside network extent,route ID suffix encodes source type 3,1,unknown,0,0,0,0,0,,1,0,
2188847_3,2188847_3,bus,0,3,trip serves at least two distinct stops inside network extent,route ID suffix encodes source type 3,53,unknown,0,0,0,0,0,,1,0,
2188848_3,2188848_3,bus,0,3,trip serves at least two distinct stops inside network extent,route ID suffix encodes source type 3,27,unknown,0,0,0,0,0,,1,0,
2188849_3,2188849_3,bus,0,3,trip serves at least two distinct stops inside network extent,route ID suffix encodes source type 3,35,unknown,0,0,0,0,0,,1,0,
2188851_3,2188851_3,bus,0,3,trip serves at least two distinct stops inside network extent,route ID suffix encodes source type 3,130,unknown,0,0,0,0,0,,1,0,
2188852_3,2188852_3,bus,0,3,trip serves at least two distinct stops inside network extent,route ID suffix encodes source type 3,19,unknown,0,0,0,0,0,,1,0,
2188853_3,2188853_3,bus,0,3,trip serves at least two distinct stops inside network extent,route ID suffix encodes source type 3,3,unknown,0,0,0,0,0,,1,0,
2197794_3,2197794_3,bus,0,3,trip serves at least two distinct stops inside network extent,route ID suffix encodes source type 3,1,unknown,0,0,0,0,0,,1,0,
21_MUC_Tram neu Prognose,21_MUC_Tram neu Prognose,tram,0,0,trip serves at least two distinct stops inside network extent,forecast route name identifies Munich tram,424,1,1,0,0,0,0,,1,1,
2224261_3,2224261_3,bus,0,3,trip serves at least two distinct stops inside network extent,route ID suffix encodes source type 3,1,unknown,0,0,0,0,0,,1,0,
2224269_3,2224269_3,bus,0,3,trip serves at least two distinct stops inside network extent,route ID suffix encodes source type 3,1,unknown,0,0,0,0,0,,1,0,
2224274_3,2224274_3,bus,0,3,trip serves at least two distinct stops inside network extent,route ID suffix encodes source type 3,1,unknown,0,0,0,0,0,,1,0,
2233222_3,2233222_3,bus,0,3,trip serves at least two distinct stops inside network extent,route ID suffix encodes source type 3,32,unknown,0,0,0,0,0,,1,0,
2233223_3,2233223_3,bus,0,3,trip serves at least two distinct stops inside network extent,route ID suffix encodes source type 3,21,unknown,0,0,0,0,0,,1,0,
2233224_3,2233224_3,bus,0,3,trip serves at least two distinct stops inside network extent,route ID suffix encodes source type 3,6,unknown,0,0,0,0,0,,1,0,
2233225_3,2233225_3,bus,0,3,trip serves at least two distinct stops inside network extent,route ID suffix encodes source type 3,1,unknown,0,0,0,0,0,,1,0,
2233226_3,2233226_3,bus,0,3,trip serves at least two distinct stops inside network extent,route ID suffix encodes source type 3,8,unknown,0,0,0,0,0,,1,0,
2233227_3,2233227_3,bus,0,3,trip serves at least two distinct stops inside network extent,route ID suffix encodes source type 3,1,unknown,0,0,0,0,0,,1,0,
2233228_3,2233228_3,bus,0,3,trip serves at least two distinct stops inside network extent,route ID suffix encodes source type 3,7,unknown,0,0,0,0,0,,1,0,
2233229_3,2233229_3,bus,0,3,trip serves at least two distinct stops inside network extent,route ID suffix encodes source type 3,2,unknown,0,0,0,0,0,,1,0,
2233230_3,2233230_3,bus,0,3,trip serves at least two distinct stops inside network extent,route ID suffix encodes source type 3,5,unknown,0,0,0,0,0,,1,0,
2233231_3,2233231_3,bus,0,3,trip serves at least two distinct stops inside network extent,route ID suffix encodes source type 3,8,unknown,0,0,0,0,0,,1,0,
2233232_3,2233232_3,bus,0,3,trip serves at least two distinct stops inside network extent,route ID suffix encodes source type 3,1,unknown,0,0,0,0,0,,1,0,
2233233_3,2233233_3,bus,0,3,trip serves at least two distinct stops inside network extent,route ID suffix encodes source type 3,13,unknown,0,0,0,0,0,,1,0,
2233234_3,2233234_3,bus,0,3,trip serves at least two distinct stops inside network extent,route ID suffix encodes source type 3,11,unknown,0,0,0,0,0,,1,0,
2233235_3,2233235_3,bus,0,3,trip serves at least two distinct stops inside network extent,route ID suffix encodes source type 3,6,unknown,0,0,0,0,0,,1,0,
2237040_3,2237040_3,bus,0,3,trip serves at least two distinct stops inside network extent,route ID suffix encodes source type 3,2,unknown,0,0,0,0,0,,1,0,
2237044_3,2237044_3,bus,0,3,trip serves at least two distinct stops inside network extent,route ID suffix encodes source type 3,16,unknown,0,0,0,0,0,,1,0,
2239405_3,2239405_3,bus,0,3,trip serves at least two distinct stops inside network extent,route ID suffix encodes source type 3,53,unknown,0,0,0,0,0,,1,0,
2239517_3,2239517_3,bus,0,3,trip serves at least two distinct stops inside network extent,route ID suffix encodes source type 3,3,unknown,0,0,0,0,0,,1,0,
2249595_3,2249595_3,bus,0,3,trip serves at least two distinct stops inside network extent,route ID suffix encodes source type 3,122,unknown,0,0,0,0,0,,1,0,
2249596_3,2249596_3,bus,0,3,trip serves at least two distinct stops inside network extent,route ID suffix encodes source type 3,125,unknown,0,0,0,0,0,,1,0,
2249597_3,2249597_3,bus,0,3,trip serves at least two distinct stops inside network extent,route ID suffix encodes source type 3,27,unknown,0,0,0,0,0,,1,0,
2249598_3,2249598_3,bus,0,3,trip serves at least two distinct stops inside network extent,route ID suffix encodes source type 3,73,unknown,0,0,0,0,0,,1,0,
2249599_3,2249599_3,bus,0,3,trip serves at least two distinct stops inside network extent,route ID suffix encodes source type 3,70,unknown,0,0,0,0,0,,1,0,
2249600_3,2249600_3,bus,0,3,trip serves at least two distinct stops inside network extent,route ID suffix encodes source type 3,14,unknown,0,0,0,0,0,,1,0,
2249601_3,2249601_3,bus,0,3,trip serves at least two distinct stops inside network extent,route ID suffix encodes source type 3,38,unknown,0,0,0,0,0,,1,0,
2249602_3,2249602_3,bus,0,3,trip serves at least two distinct stops inside network extent,route ID suffix encodes source type 3,125,unknown,0,0,0,0,0,,1,0,
2249603_3,2249603_3,bus,0,3,trip serves at least two distinct stops inside network extent,route ID suffix encodes source type 3,66,unknown,0,0,0,0,0,,1,0,
2249604_3,2249604_3,bus,0,3,trip serves at least two distinct stops inside network extent,route ID suffix encodes source type 3,21,unknown,0,0,0,0,0,,1,0,
2249605_3,2249605_3,bus,0,3,trip serves at least two distinct stops inside network extent,route ID suffix encodes source type 3,4,unknown,0,0,0,0,0,,1,0,
2249606_3,2249606_3,bus,0,3,trip serves at least two distinct stops inside network extent,route ID suffix encodes source type 3,72,unknown,0,0,0,0,0,,1,0,
2249607_3,2249607_3,bus,0,3,trip serves at least two distinct stops inside network extent,route ID suffix encodes source type 3,5,unknown,0,0,0,0,0,,1,0,
2249608_3,2249608_3,bus,0,3,trip serves at least two distinct stops inside network extent,route ID suffix encodes source type 3,46,unknown,0,0,0,0,0,,1,0,
2249609_3,2249609_3,bus,0,3,trip serves at least two distinct stops inside network extent,route ID suffix encodes source type 3,11,unknown,0,0,0,0,0,,1,0,
2249610_3,2249610_3,bus,0,3,trip serves at least two distinct stops inside network extent,route ID suffix encodes source type 3,86,unknown,0,0,0,0,0,,1,0,
2249611_3,2249611_3,bus,0,3,trip serves at least two distinct stops inside network extent,route ID suffix encodes source type 3,60,unknown,0,0,0,0,0,,1,0,
2249612_3,2249612_3,bus,0,3,trip serves at least two distinct stops inside network extent,route ID suffix encodes source type 3,80,unknown,0,0,0,0,0,,1,0,
2249613_3,2249613_3,bus,0,3,trip serves at least two distinct stops inside network extent,route ID suffix encodes source type 3,59,unknown,0,0,0,0,0,,1,0,
2249614_3,2249614_3,bus,0,3,trip serves at least two distinct stops inside network extent,route ID suffix encodes source type 3,62,unknown,0,0,0,0,0,,1,0,
2249615_3,2249615_3,bus,0,3,trip serves at least two distinct stops inside network extent,route ID suffix encodes source type 3,10,unknown,0,0,0,0,0,,1,0,
2249616_3,2249616_3,bus,0,3,trip serves at least two distinct stops inside network extent,route ID suffix encodes source type 3,13,unknown,0,0,0,0,0,,1,0,
2249617_3,2249617_3,bus,0,3,trip serves at least two distinct stops inside network extent,route ID suffix encodes source type 3,63,unknown,0,0,0,0,0,,1,0,
2249618_3,2249618_3,bus,0,3,trip serves at least two distinct stops inside network extent,route ID suffix encodes source type 3,130,unknown,0,0,0,0,0,,1,0,
2249619_3,2249619_3,bus,0,3,trip serves at least two distinct stops inside network extent,route ID suffix encodes source type 3,125,unknown,0,0,0,0,0,,1,0,
2249620_3,2249620_3,bus,0,3,trip serves at least two distinct stops inside network extent,route ID suffix encodes source type 3,10,unknown,0,0,0,0,0,,1,0,
2249621_3,2249621_3,bus,0,3,trip serves at least two distinct stops inside network extent,route ID suffix encodes source type 3,12,unknown,0,0,0,0,0,,1,0,
2249622_3,2249622_3,bus,0,3,trip serves at least two distinct stops inside network extent,route ID suffix encodes source type 3,7,unknown,0,0,0,0,0,,1,0,
2249623_3,2249623_3,bus,0,3,trip serves at least two distinct stops inside network extent,route ID suffix encodes source type 3,7,unknown,0,0,0,0,0,,1,0,
2249624_3,2249624_3,bus,0,3,trip serves at least two distinct stops inside network extent,route ID suffix encodes source type 3,6,unknown,0,0,0,0,0,,1,0,
2249625_3,2249625_3,bus,0,3,trip serves at least two distinct stops inside network extent,route ID suffix encodes source type 3,7,unknown,0,0,0,0,0,,1,0,
2249626_3,2249626_3,bus,0,3,trip serves at least two distinct stops inside network extent,route ID suffix encodes source type 3,7,unknown,0,0,0,0,0,,1,0,
2249627_3,2249627_3,bus,0,3,trip serves at least two distinct stops inside network extent,route ID suffix encodes source type 3,6,unknown,0,0,0,0,0,,1,0,
2249628_3,2249628_3,bus,0,3,trip serves at least two distinct stops inside network extent,route ID suffix encodes source type 3,7,unknown,0,0,0,0,0,,1,0,
2249629_3,2249629_3,bus,0,3,trip serves at least two distinct stops inside network extent,route ID suffix encodes source type 3,7,unknown,0,0,0,0,0,,1,0,
2249631_3,2249631_3,bus,0,3,trip serves at least two distinct stops inside network extent,route ID suffix encodes source type 3,8,unknown,0,0,0,0,0,,1,0,
2249632_3,2249632_3,bus,0,3,trip serves at least two distinct stops inside network extent,route ID suffix encodes source type 3,4,unknown,0,0,0,0,0,,1,0,
2249633_3,2249633_3,bus,0,3,trip serves at least two distinct stops inside network extent,route ID suffix encodes source type 3,14,unknown,0,0,0,0,0,,1,0,
2249634_3,2249634_3,bus,0,3,trip serves at least two distinct stops inside network extent,route ID suffix encodes source type 3,14,unknown,0,0,0,0,0,,1,0,
2249635_3,2249635_3,bus,0,3,trip serves at least two distinct stops inside network extent,route ID suffix encodes source type 3,4,unknown,0,0,0,0,0,,1,0,
2249636_3,2249636_3,bus,0,3,trip serves at least two distinct stops inside network extent,route ID suffix encodes source type 3,14,unknown,0,0,0,0,0,,1,0,
2249637_3,2249637_3,bus,0,3,trip serves at least two distinct stops inside network extent,route ID suffix encodes source type 3,14,unknown,0,0,0,0,0,,1,0,
2249638_3,2249638_3,bus,0,3,trip serves at least two distinct stops inside network extent,route ID suffix encodes source type 3,15,unknown,0,0,0,0,0,,1,0,
2249639_3,2249639_3,bus,0,3,trip serves at least two distinct stops inside network extent,route ID suffix encodes source type 3,24,unknown,0,0,0,0,0,,1,0,
2249640_3,2249640_3,bus,0,3,trip serves at least two distinct stops inside network extent,route ID suffix encodes source type 3,22,unknown,0,0,0,0,0,,1,0,
2249642_3,2249642_3,bus,0,3,trip serves at least two distinct stops inside network extent,route ID suffix encodes source type 3,7,unknown,0,0,0,0,0,,1,0,
2249643_3,2249643_3,bus,0,3,trip serves at least two distinct stops inside network extent,route ID suffix encodes source type 3,16,unknown,0,0,0,0,0,,1,0,
2249644_3,2249644_3,bus,0,3,trip serves at least two distinct stops inside network extent,route ID suffix encodes source type 3,8,unknown,0,0,0,0,0,,1,0,
2249645_3,2249645_3,bus,0,3,trip serves at least two distinct stops inside network extent,route ID suffix encodes source type 3,7,unknown,0,0,0,0,0,,1,0,
2249646_3,2249646_3,bus,0,3,trip serves at least two distinct stops inside network extent,route ID suffix encodes source type 3,7,unknown,0,0,0,0,0,,1,0,
2249647_3,2249647_3,bus,0,3,trip serves at least two distinct stops inside network extent,route ID suffix encodes source type 3,2,unknown,0,0,0,0,0,,1,0,
2249648_3,2249648_3,bus,0,3,trip serves at least two distinct stops inside network extent,route ID suffix encodes source type 3,7,unknown,0,0,0,0,0,,1,0,
2249651_3,2249651_3,bus,0,3,trip serves at least two distinct stops inside network extent,route ID suffix encodes source type 3,18,unknown,0,0,0,0,0,,1,0,
2249652_3,2249652_3,bus,0,3,trip serves at least two distinct stops inside network extent,route ID suffix encodes source type 3,9,unknown,0,0,0,0,0,,1,0,
2249653_3,2249653_3,bus,0,3,trip serves at least two distinct stops inside network extent,route ID suffix encodes source type 3,20,unknown,0,0,0,0,0,,1,0,
2249892_3,2249892_3,bus,0,3,trip serves at least two distinct stops inside network extent,route ID suffix encodes source type 3,141,4,0,0,0,0,0,,1,0,
2249893_3,2249893_3,bus,0,3,trip serves at least two distinct stops inside network extent,route ID suffix encodes source type 3,146,4,0,0,0,0,0,,1,0,
2249894_3,2249894_3,bus,0,3,trip serves at least two distinct stops inside network extent,route ID suffix encodes source type 3,148,4,0,0,0,0,0,,1,0,
2249895_3,2249895_3,bus,0,3,trip serves at least two distinct stops inside network extent,route ID suffix encodes source type 3,142,4,0,0,0,0,0,,1,0,
2249896_3,2249896_3,bus,0,3,trip serves at least two distinct stops inside network extent,route ID suffix encodes source type 3,143,4,0,0,0,0,0,,1,0,
2249897_3,2249897_3,bus,0,3,trip serves at least two distinct stops inside network extent,route ID suffix encodes source type 3,142,4,0,0,0,0,0,,1,0,
2249898_3,2249898_3,bus,0,3,trip serves at least two distinct stops inside network extent,route ID suffix encodes source type 3,142,4,0,0,0,0,0,,1,0,
2249899_3,2249899_3,bus,0,3,trip serves at least two distinct stops inside network extent,route ID suffix encodes source type 3,142,4,0,0,0,0,0,,1,0,
2249900_3,2249900_3,bus,0,3,trip serves at least two distinct stops inside network extent,route ID suffix encodes source type 3,152,4,0,0,0,0,0,,1,0,
2249901_3,2249901_3,bus,0,3,trip serves at least two distinct stops inside network extent,route ID suffix encodes source type 3,138,4,0,0,0,0,0,,1,0,
2249902_3,2249902_3,bus,0,3,trip serves at least two distinct stops inside network extent,route ID suffix encodes source type 3,141,4,0,0,0,0,0,,1,0,
2249903_3,2249903_3,bus,0,3,trip serves at least two distinct stops inside network extent,route ID suffix encodes source type 3,139,4,0,0,0,0,0,,1,0,
2249904_3,2249904_3,bus,0,3,trip serves at least two distinct stops inside network extent,route ID suffix encodes source type 3,58,4,0,0,0,0,0,,1,0,
2249905_3,2249905_3,bus,0,3,trip serves at least two distinct stops inside network extent,route ID suffix encodes source type 3,65,4,0,0,0,0,0,,1,0,
2249906_3,2249906_3,bus,0,3,trip serves at least two distinct stops inside network extent,route ID suffix encodes source type 3,152,4,0,0,0,0,0,,1,0,
2249907_3,2249907_3,bus,0,3,trip serves at least two distinct stops inside network extent,route ID suffix encodes source type 3,60,4,0,0,0,0,0,,1,0,
2249908_3,2249908_3,bus,0,3,trip serves at least two distinct stops inside network extent,route ID suffix encodes source type 3,22,4,0,0,0,0,0,,1,0,
2249909_3,2249909_3,bus,0,3,trip serves at least two distinct stops inside network extent,route ID suffix encodes source type 3,123,4,0,0,0,0,0,,1,0,
2249910_3,2249910_3,bus,0,3,trip serves at least two distinct stops inside network extent,route ID suffix encodes source type 3,72,4,0,0,0,0,0,,1,0,
2249911_3,2249911_3,bus,0,3,trip serves at least two distinct stops inside network extent,route ID suffix encodes source type 3,3,4,0,0,0,0,0,,1,0,
2249912_3,2249912_3,bus,0,3,trip serves at least two distinct stops inside network extent,route ID suffix encodes source type 3,5,4,0,0,0,0,0,,1,0,
2249913_3,2249913_3,bus,0,3,trip serves at least two distinct stops inside network extent,route ID suffix encodes source type 3,3,4,0,0,0,0,0,,1,0,
2249914_3,2249914_3,bus,0,3,trip serves at least two distinct stops inside network extent,route ID suffix encodes source type 3,3,4,0,0,0,0,0,,1,0,
2249915_3,2249915_3,bus,0,3,trip serves at least two distinct stops inside network extent,route ID suffix encodes source type 3,12,4,0,0,0,0,0,,1,0,
2249916_3,2249916_3,bus,0,3,trip serves at least two distinct stops inside network extent,route ID suffix encodes source type 3,2,4,0,0,0,0,0,,1,0,
2249917_3,2249917_3,bus,0,3,trip serves at least two distinct stops inside network extent,route ID suffix encodes source type 3,1,4,0,0,0,0,0,,1,0,
2249918_0,2249918_0,tram,0,0,trip serves at least two distinct stops inside network extent,route ID suffix encodes source type 0,294,5,0,0,0,0,0,,1,0,
2249919_0,2249919_0,tram,0,0,trip serves at least two distinct stops inside network extent,route ID suffix encodes source type 0,304,5,0,0,0,0,0,,1,0,
2249920_0,2249920_0,tram,0,0,trip serves at least two distinct stops inside network extent,route ID suffix encodes source type 0,295,5,0,0,0,0,0,,0,0,
2249920_0_neu Prognose,2249920_0_neu Prognose,tram,0,0,trip serves at least two distinct stops inside network extent,forecast route name and sampled stop names identify Augsburg tram,275,5,0,0,0,0,0,,1,1,
2249921_0,2249921_0,tram,0,0,trip serves at least two distinct stops inside network extent,route ID suffix encodes source type 0,288,5,0,0,0,0,0,,1,0,
2249922_0,2249922_0,tram,0,0,trip serves at least two distinct stops inside network extent,route ID suffix encodes source type 0,299,5,0,0,0,0,0,,1,0,
2249923_3,2249923_3,bus,0,3,trip serves at least two distinct stops inside network extent,route ID suffix encodes source type 3,63,4,0,0,0,0,0,,1,0,
2250906_3,2250906_3,bus,0,3,trip serves at least two distinct stops inside network extent,route ID suffix encodes source type 3,48,unknown,0,0,0,0,0,,1,0,
2250907_3,2250907_3,bus,0,3,trip serves at least two distinct stops inside network extent,route ID suffix encodes source type 3,106,unknown,0,0,0,0,0,,1,0,
2250908_3,2250908_3,bus,0,3,trip serves at least two distinct stops inside network extent,route ID suffix encodes source type 3,41,unknown,0,0,0,0,0,,1,0,
2250909_3,2250909_3,bus,0,3,trip serves at least two distinct stops inside network extent,route ID suffix encodes source type 3,43,unknown,0,0,0,0,0,,1,0,
2250910_3,2250910_3,bus,0,3,trip serves at least two distinct stops inside network extent,route ID suffix encodes source type 3,64,unknown,0,0,0,0,0,,1,0,
2250911_3,2250911_3,bus,0,3,trip serves at least two distinct stops inside network extent,route ID suffix encodes source type 3,53,unknown,0,0,0,0,0,,1,0,
2250912_3,2250912_3,bus,0,3,trip serves at least two distinct stops inside network extent,route ID suffix encodes source type 3,21,unknown,0,0,0,0,0,,1,0,
2250913_2,2250913_2,rail,0,2,trip serves at least two distinct stops inside network extent,route ID suffix encodes source type 2,2,unknown,0,0,0,0,0,,1,0,
2250913_3,2250913_3,bus,0,3,trip serves at least two distinct stops inside network extent,route ID suffix encodes source type 3,24,unknown,0,0,0,0,0,,1,0,
2250914_3,2250914_3,bus,0,3,trip serves at least two distinct stops inside network extent,route ID suffix encodes source type 3,35,unknown,0,0,0,0,0,,1,0,
2250915_3,2250915_3,bus,0,3,trip serves at least two distinct stops inside network extent,route ID suffix encodes source type 3,9,unknown,0,0,0,0,0,,1,0,
2250916_3,2250916_3,bus,0,3,trip serves at least two distinct stops inside network extent,route ID suffix encodes source type 3,42,unknown,0,0,0,0,0,,1,0,
2250917_3,2250917_3,bus,0,3,trip serves at least two distinct stops inside network extent,route ID suffix encodes source type 3,30,unknown,0,0,0,0,0,,1,0,
2250918_3,2250918_3,bus,0,3,trip serves at least two distinct stops inside network extent,route ID suffix encodes source type 3,40,unknown,0,0,0,0,0,,1,0,
2250919_3,2250919_3,bus,0,3,trip serves at least two distinct stops inside network extent,route ID suffix encodes source type 3,28,unknown,0,0,0,0,0,,1,0,
2250920_3,2250920_3,bus,0,3,trip serves at least two distinct stops inside network extent,route ID suffix encodes source type 3,22,unknown,0,0,0,0,0,,1,0,
2250921_3,2250921_3,bus,0,3,trip serves at least two distinct stops inside network extent,route ID suffix encodes source type 3,59,unknown,0,0,0,0,0,,1,0,
2250922_3,2250922_3,bus,0,3,trip serves at least two distinct stops inside network extent,route ID suffix encodes source type 3,17,unknown,0,0,0,0,0,,1,0,
2250923_3,2250923_3,bus,0,3,trip serves at least two distinct stops inside network extent,route ID suffix encodes source type 3,36,unknown,0,0,0,0,0,,1,0,
2250924_3,2250924_3,bus,0,3,trip serves at least two distinct stops inside network extent,route ID suffix encodes source type 3,38,unknown,0,0,0,0,0,,1,0,
2250925_3,2250925_3,bus,0,3,trip serves at least two distinct stops inside network extent,route ID suffix encodes source type 3,12,unknown,0,0,0,0,0,,1,0,
2250926_3,2250926_3,bus,0,3,trip serves at least two distinct stops inside network extent,route ID suffix encodes source type 3,30,unknown,0,0,0,0,0,,1,0,
2250927_3,2250927_3,bus,0,3,trip serves at least two distinct stops inside network extent,route ID suffix encodes source type 3,58,unknown,0,0,0,0,0,,1,0,
2250928_3,2250928_3,bus,0,3,trip serves at least two distinct stops inside network extent,route ID suffix encodes source type 3,13,unknown,0,0,0,0,0,,1,0,
2250929_3,2250929_3,bus,0,3,trip serves at least two distinct stops inside network extent,route ID suffix encodes source type 3,86,unknown,0,0,0,0,0,,1,0,
2250930_3,2250930_3,bus,0,3,trip serves at least two distinct stops inside network extent,route ID suffix encodes source type 3,14,unknown,0,0,0,0,0,,1,0,
2250931_3,2250931_3,bus,0,3,trip serves at least two distinct stops inside network extent,route ID suffix encodes source type 3,9,unknown,0,0,0,0,0,,1,0,
2250932_3,2250932_3,bus,0,3,trip serves at least two distinct stops inside network extent,route ID suffix encodes source type 3,30,unknown,0,0,0,0,0,,1,0,
2250933_3,2250933_3,bus,0,3,trip serves at least two distinct stops inside network extent,route ID suffix encodes source type 3,23,unknown,0,0,0,0,0,,1,0,
2250934_3,2250934_3,bus,0,3,trip serves at least two distinct stops inside network extent,route ID suffix encodes source type 3,16,unknown,0,0,0,0,0,,1,0,
2250935_3,2250935_3,bus,0,3,trip serves at least two distinct stops inside network extent,route ID suffix encodes source type 3,15,unknown,0,0,0,0,0,,1,0,
2250936_3,2250936_3,bus,0,3,trip serves at least two distinct stops inside network extent,route ID suffix encodes source type 3,8,unknown,0,0,0,0,0,,1,0,
2250937_3,2250937_3,bus,0,3,trip serves at least two distinct stops inside network extent,route ID suffix encodes source type 3,27,unknown,0,0,0,0,0,,1,0,
2250938_3,2250938_3,bus,0,3,trip serves at least two distinct stops inside network extent,route ID suffix encodes source type 3,2,unknown,0,0,0,0,0,,1,0,
2250939_3,2250939_3,bus,0,3,trip serves at least two distinct stops inside network extent,route ID suffix encodes source type 3,15,unknown,0,0,0,0,0,,1,0,
2250940_3,2250940_3,bus,0,3,trip serves at least two distinct stops inside network extent,route ID suffix encodes source type 3,15,unknown,0,0,0,0,0,,1,0,
2250941_3,2250941_3,bus,0,3,trip serves at least two distinct stops inside network extent,route ID suffix encodes source type 3,7,unknown,0,0,0,0,0,,1,0,
2250942_3,2250942_3,bus,0,3,trip serves at least two distinct stops inside network extent,route ID suffix encodes source type 3,14,unknown,0,0,0,0,0,,1,0,
2250943_3,2250943_3,bus,0,3,trip serves at least two distinct stops inside network extent,route ID suffix encodes source type 3,4,unknown,0,0,0,0,0,,1,0,
2250944_3,2250944_3,bus,0,3,trip serves at least two distinct stops inside network extent,route ID suffix encodes source type 3,13,unknown,0,0,0,0,0,,1,0,
2250945_3,2250945_3,bus,0,3,trip serves at least two distinct stops inside network extent,route ID suffix encodes source type 3,5,unknown,0,0,0,0,0,,1,0,
2250946_3,2250946_3,bus,0,3,trip serves at least two distinct stops inside network extent,route ID suffix encodes source type 3,4,unknown,0,0,0,0,0,,1,0,
2250947_3,2250947_3,bus,0,3,trip serves at least two distinct stops inside network extent,route ID suffix encodes source type 3,4,unknown,0,0,0,0,0,,1,0,
2250948_3,2250948_3,bus,0,3,trip serves at least two distinct stops inside network extent,route ID suffix encodes source type 3,4,unknown,0,0,0,0,0,,1,0,
2250949_3,2250949_3,bus,0,3,trip serves at least two distinct stops inside network extent,route ID suffix encodes source type 3,7,unknown,0,0,0,0,0,,1,0,
2250950_3,2250950_3,bus,0,3,trip serves at least two distinct stops inside network extent,route ID suffix encodes source type 3,8,unknown,0,0,0,0,0,,1,0,
2250951_3,2250951_3,bus,0,3,trip serves at least two distinct stops inside network extent,route ID suffix encodes source type 3,10,unknown,0,0,0,0,0,,1,0,
2250952_3,2250952_3,bus,0,3,trip serves at least two distinct stops inside network extent,route ID suffix encodes source type 3,25,unknown,0,0,0,0,0,,1,0,
2250953_3,2250953_3,bus,0,3,trip serves at least two distinct stops inside network extent,route ID suffix encodes source type 3,4,unknown,0,0,0,0,0,,1,0,
2250955_3,2250955_3,bus,0,3,trip serves at least two distinct stops inside network extent,route ID suffix encodes source type 3,16,unknown,0,0,0,0,0,,1,0,
2250958_3,2250958_3,bus,0,3,trip serves at least two distinct stops inside network extent,route ID suffix encodes source type 3,34,unknown,0,0,0,0,0,,1,0,
2250959_3,2250959_3,bus,0,3,trip serves at least two distinct stops inside network extent,route ID suffix encodes source type 3,14,unknown,0,0,0,0,0,,1,0,
2250960_3,2250960_3,bus,0,3,trip serves at least two distinct stops inside network extent,route ID suffix encodes source type 3,5,unknown,0,0,0,0,0,,1,0,
2250961_3,2250961_3,bus,0,3,trip serves at least two distinct stops inside network extent,route ID suffix encodes source type 3,143,unknown,0,0,0,0,0,,1,0,
2250966_3,2250966_3,bus,0,3,trip serves at least two distinct stops inside network extent,route ID suffix encodes source type 3,10,unknown,0,0,0,0,0,,1,0,
2250967_3,2250967_3,bus,0,3,trip serves at least two distinct stops inside network extent,route ID suffix encodes source type 3,29,unknown,0,0,0,0,0,,1,0,
2250968_3,2250968_3,bus,0,3,trip serves at least two distinct stops inside network extent,route ID suffix encodes source type 3,5,unknown,0,0,0,0,0,,1,0,
2254994_3,2254994_3,bus,0,3,trip serves at least two distinct stops inside network extent,route ID suffix encodes source type 3,28,unknown,0,0,0,0,0,,1,0,
2254999_3,2254999_3,bus,0,3,trip serves at least two distinct stops inside network extent,route ID suffix encodes source type 3,15,unknown,0,0,0,0,0,,1,0,
2255000_3,2255000_3,bus,0,3,trip serves at least two distinct stops inside network extent,route ID suffix encodes source type 3,43,unknown,0,0,0,0,0,,1,0,
2255001_3,2255001_3,bus,0,3,trip serves at least two distinct stops inside network extent,route ID suffix encodes source type 3,35,unknown,0,0,0,0,0,,1,0,
2255002_3,2255002_3,bus,0,3,trip serves at least two distinct stops inside network extent,route ID suffix encodes source type 3,23,unknown,0,0,0,0,0,,1,0,
2255003_3,2255003_3,bus,0,3,trip serves at least two distinct stops inside network extent,route ID suffix encodes source type 3,4,unknown,0,0,0,0,0,,1,0,
2255004_3,2255004_3,bus,0,3,trip serves at least two distinct stops inside network extent,route ID suffix encodes source type 3,5,unknown,0,0,0,0,0,,1,0,
2255005_3,2255005_3,bus,0,3,trip serves at least two distinct stops inside network extent,route ID suffix encodes source type 3,7,unknown,0,0,0,0,0,,1,0,
2255006_3,2255006_3,bus,0,3,trip serves at least two distinct stops inside network extent,route ID suffix encodes source type 3,26,unknown,0,0,0,0,0,,1,0,
2255007_3,2255007_3,bus,0,3,trip serves at least two distinct stops inside network extent,route ID suffix encodes source type 3,27,unknown,0,0,0,0,0,,1,0,
2255008_3,2255008_3,bus,0,3,trip serves at least two distinct stops inside network extent,route ID suffix encodes source type 3,5,unknown,0,0,0,0,0,,1,0,
2255009_3,2255009_3,bus,0,3,trip serves at least two distinct stops inside network extent,route ID suffix encodes source type 3,15,unknown,0,0,0,0,0,,1,0,
2255010_3,2255010_3,bus,0,3,trip serves at least two distinct stops inside network extent,route ID suffix encodes source type 3,21,unknown,0,0,0,0,0,,1,0,
2255011_3,2255011_3,bus,0,3,trip serves at least two distinct stops inside network extent,route ID suffix encodes source type 3,37,unknown,0,0,0,0,0,,1,0,
2255012_3,2255012_3,bus,0,3,trip serves at least two distinct stops inside network extent,route ID suffix encodes source type 3,36,unknown,0,0,0,0,0,,1,0,
2255013_3,2255013_3,bus,0,3,trip serves at least two distinct stops inside network extent,route ID suffix encodes source type 3,6,unknown,0,0,0,0,0,,1,0,
2255014_3,2255014_3,bus,0,3,trip serves at least two distinct stops inside network extent,route ID suffix encodes source type 3,50,unknown,0,0,0,0,0,,1,0,
2255015_3,2255015_3,bus,0,3,trip serves at least two distinct stops inside network extent,route ID suffix encodes source type 3,15,unknown,0,0,0,0,0,,1,0,
2255017_3,2255017_3,bus,0,3,trip serves at least two distinct stops inside network extent,route ID suffix encodes source type 3,22,unknown,0,0,0,0,0,,1,0,
2255018_3,2255018_3,bus,0,3,trip serves at least two distinct stops inside network extent,route ID suffix encodes source type 3,10,unknown,0,0,0,0,0,,1,0,
2255019_3,2255019_3,bus,0,3,trip serves at least two distinct stops inside network extent,route ID suffix encodes source type 3,13,unknown,0,0,0,0,0,,1,0,
2255020_3,2255020_3,bus,0,3,trip serves at least two distinct stops inside network extent,route ID suffix encodes source type 3,6,unknown,0,0,0,0,0,,1,0,
2255022_3,2255022_3,bus,0,3,trip serves at least two distinct stops inside network extent,route ID suffix encodes source type 3,1,unknown,0,0,0,0,0,,1,0,
2255025_3,2255025_3,bus,0,3,trip serves at least two distinct stops inside network extent,route ID suffix encodes source type 3,7,unknown,0,0,0,0,0,,1,0,
2255028_3,2255028_3,bus,0,3,trip serves at least two distinct stops inside network extent,route ID suffix encodes source type 3,16,unknown,0,0,0,0,0,,1,0,
2255029_3,2255029_3,bus,0,3,trip serves at least two distinct stops inside network extent,route ID suffix encodes source type 3,5,unknown,0,0,0,0,0,,1,0,
2255031_3,2255031_3,bus,0,3,trip serves at least two distinct stops inside network extent,route ID suffix encodes source type 3,25,unknown,0,0,0,0,0,,1,0,
2255032_3,2255032_3,bus,0,3,trip serves at least two distinct stops inside network extent,route ID suffix encodes source type 3,5,unknown,0,0,0,0,0,,1,0,
2255033_3,2255033_3,bus,0,3,trip serves at least two distinct stops inside network extent,route ID suffix encodes source type 3,2,unknown,0,0,0,0,0,,1,0,
2255037_3,2255037_3,bus,0,3,trip serves at least two distinct stops inside network extent,route ID suffix encodes source type 3,11,unknown,0,0,0,0,0,,1,0,
2255039_3,2255039_3,bus,0,3,trip serves at least two distinct stops inside network extent,route ID suffix encodes source type 3,26,unknown,0,0,0,0,0,,1,0,
2255040_3,2255040_3,bus,0,3,trip serves at least two distinct stops inside network extent,route ID suffix encodes source type 3,20,unknown,0,0,0,0,0,,1,0,
2255041_3,2255041_3,bus,0,3,trip serves at least two distinct stops inside network extent,route ID suffix encodes source type 3,13,unknown,0,0,0,0,0,,1,0,
2255042_3,2255042_3,bus,0,3,trip serves at least two distinct stops inside network extent,route ID suffix encodes source type 3,37,unknown,0,0,0,0,0,,1,0,
2255043_3,2255043_3,bus,0,3,trip serves at least two distinct stops inside network extent,route ID suffix encodes source type 3,29,unknown,0,0,0,0,0,,1,0,
2255044_3,2255044_3,bus,0,3,trip serves at least two distinct stops inside network extent,route ID suffix encodes source type 3,16,unknown,0,0,0,0,0,,1,0,
2255045_3,2255045_3,bus,0,3,trip serves at least two distinct stops inside network extent,route ID suffix encodes source type 3,15,unknown,0,0,0,0,0,,1,0,
2255046_3,2255046_3,bus,0,3,trip serves at least two distinct stops inside network extent,route ID suffix encodes source type 3,9,unknown,0,0,0,0,0,,1,0,
2255049_3,2255049_3,bus,0,3,trip serves at least two distinct stops inside network extent,route ID suffix encodes source type 3,22,unknown,0,0,0,0,0,,1,0,
2255051_3,2255051_3,bus,0,3,trip serves at least two distinct stops inside network extent,route ID suffix encodes source type 3,28,unknown,0,0,0,0,0,,1,0,
2255052_3,2255052_3,bus,0,3,trip serves at least two distinct stops inside network extent,route ID suffix encodes source type 3,19,unknown,0,0,0,0,0,,1,0,
2255054_3,2255054_3,bus,0,3,trip serves at least two distinct stops inside network extent,route ID suffix encodes source type 3,10,unknown,0,0,0,0,0,,1,0,
2255055_3,2255055_3,bus,0,3,trip serves at least two distinct stops inside network extent,route ID suffix encodes source type 3,27,unknown,0,0,0,0,0,,1,0,
2255056_3,2255056_3,bus,0,3,trip serves at least two distinct stops inside network extent,route ID suffix encodes source type 3,23,unknown,0,0,0,0,0,,1,0,
2255057_3,2255057_3,bus,0,3,trip serves at least two distinct stops inside network extent,route ID suffix encodes source type 3,17,unknown,0,0,0,0,0,,1,0,
2255059_3,2255059_3,bus,0,3,trip serves at least two distinct stops inside network extent,route ID suffix encodes source type 3,9,unknown,0,0,0,0,0,,1,0,
2255064_3,2255064_3,bus,0,3,trip serves at least two distinct stops inside network extent,route ID suffix encodes source type 3,27,unknown,0,0,0,0,0,,1,0,
2255065_3,2255065_3,bus,0,3,trip serves at least two distinct stops inside network extent,route ID suffix encodes source type 3,17,unknown,0,0,0,0,0,,1,0,
2255066_3,2255066_3,bus,0,3,trip serves at least two distinct stops inside network extent,route ID suffix encodes source type 3,3,unknown,0,0,0,0,0,,1,0,
2255086_3,2255086_3,bus,0,3,trip serves at least two distinct stops inside network extent,route ID suffix encodes source type 3,4,unknown,0,0,0,0,0,,1,0,
2255087_3,2255087_3,bus,0,3,trip serves at least two distinct stops inside network extent,route ID suffix encodes source type 3,17,unknown,0,0,0,0,0,,1,0,
2255088_3,2255088_3,bus,0,3,trip serves at least two distinct stops inside network extent,route ID suffix encodes source type 3,23,unknown,0,0,0,0,0,,1,0,
2255089_3,2255089_3,bus,0,3,trip serves at least two distinct stops inside network extent,route ID suffix encodes source type 3,23,unknown,0,0,0,0,0,,1,0,
2255090_3,2255090_3,bus,0,3,trip serves at least two distinct stops inside network extent,route ID suffix encodes source type 3,16,unknown,0,0,0,0,0,,1,0,
2255091_3,2255091_3,bus,0,3,trip serves at least two distinct stops inside network extent,route ID suffix encodes source type 3,31,unknown,0,0,0,0,0,,1,0,
2255092_3,2255092_3,bus,0,3,trip serves at least two distinct stops inside network extent,route ID suffix encodes source type 3,26,unknown,0,0,0,0,0,,1,0,
2255093_3,2255093_3,bus,0,3,trip serves at least two distinct stops inside network extent,route ID suffix encodes source type 3,26,unknown,0,0,0,0,0,,1,0,
2255094_3,2255094_3,bus,0,3,trip serves at least two distinct stops inside network extent,route ID suffix encodes source type 3,30,unknown,0,0,0,0,0,,1,0,
2255095_3,2255095_3,bus,0,3,trip serves at least two distinct stops inside network extent,route ID suffix encodes source type 3,19,unknown,0,0,0,0,0,,1,0,
2255096_3,2255096_3,bus,0,3,trip serves at least two distinct stops inside network extent,route ID suffix encodes source type 3,23,unknown,0,0,0,0,0,,1,0,
2255097_3,2255097_3,bus,0,3,trip serves at least two distinct stops inside network extent,route ID suffix encodes source type 3,24,unknown,0,0,0,0,0,,1,0,
2255098_3,2255098_3,bus,0,3,trip serves at least two distinct stops inside network extent,route ID suffix encodes source type 3,4,unknown,0,0,0,0,0,,1,0,
2255099_3,2255099_3,bus,0,3,trip serves at least two distinct stops inside network extent,route ID suffix encodes source type 3,26,unknown,0,0,0,0,0,,1,0,
2255100_3,2255100_3,bus,0,3,trip serves at least two distinct stops inside network extent,route ID suffix encodes source type 3,12,unknown,0,0,0,0,0,,1,0,
2255101_3,2255101_3,bus,0,3,trip serves at least two distinct stops inside network extent,route ID suffix encodes source type 3,16,unknown,0,0,0,0,0,,1,0,
2255102_3,2255102_3,bus,0,3,trip serves at least two distinct stops inside network extent,route ID suffix encodes source type 3,9,unknown,0,0,0,0,0,,1,0,
2255103_3,2255103_3,bus,0,3,trip serves at least two distinct stops inside network extent,route ID suffix encodes source type 3,15,unknown,0,0,0,0,0,,1,0,
2255105_3,2255105_3,bus,0,3,trip serves at least two distinct stops inside network extent,route ID suffix encodes source type 3,15,unknown,0,0,0,0,0,,1,0,
2255106_3,2255106_3,bus,0,3,trip serves at least two distinct stops inside network extent,route ID suffix encodes source type 3,4,unknown,0,0,0,0,0,,1,0,
2255107_3,2255107_3,bus,0,3,trip serves at least two distinct stops inside network extent,route ID suffix encodes source type 3,5,unknown,0,0,0,0,0,,1,0,
2255108_3,2255108_3,bus,0,3,trip serves at least two distinct stops inside network extent,route ID suffix encodes source type 3,3,unknown,0,0,0,0,0,,1,0,
2255109_3,2255109_3,bus,0,3,trip serves at least two distinct stops inside network extent,route ID suffix encodes source type 3,5,unknown,0,0,0,0,0,,1,0,
2255110_3,2255110_3,bus,0,3,trip serves at least two distinct stops inside network extent,route ID suffix encodes source type 3,12,unknown,0,0,0,0,0,,1,0,
2255111_3,2255111_3,bus,0,3,trip serves at least two distinct stops inside network extent,route ID suffix encodes source type 3,1,unknown,0,0,0,0,0,,1,0,
2255112_3,2255112_3,bus,0,3,trip serves at least two distinct stops inside network extent,route ID suffix encodes source type 3,19,unknown,0,0,0,0,0,,1,0,
2255113_3,2255113_3,bus,0,3,trip serves at least two distinct stops inside network extent,route ID suffix encodes source type 3,20,unknown,0,0,0,0,0,,1,0,
2255114_3,2255114_3,bus,0,3,trip serves at least two distinct stops inside network extent,route ID suffix encodes source type 3,12,unknown,0,0,0,0,0,,1,0,
2255115_3,2255115_3,bus,0,3,trip serves at least two distinct stops inside network extent,route ID suffix encodes source type 3,25,unknown,0,0,0,0,0,,1,0,
2255116_3,2255116_3,bus,0,3,trip serves at least two distinct stops inside network extent,route ID suffix encodes source type 3,4,unknown,0,0,0,0,0,,1,0,
2255117_3,2255117_3,bus,0,3,trip serves at least two distinct stops inside network extent,route ID suffix encodes source type 3,4,unknown,0,0,0,0,0,,1,0,
2255120_3,2255120_3,bus,0,3,trip serves at least two distinct stops inside network extent,route ID suffix encodes source type 3,21,unknown,0,0,0,0,0,,1,0,
2255121_3,2255121_3,bus,0,3,trip serves at least two distinct stops inside network extent,route ID suffix encodes source type 3,15,unknown,0,0,0,0,0,,1,0,
2255122_3,2255122_3,bus,0,3,trip serves at least two distinct stops inside network extent,route ID suffix encodes source type 3,21,unknown,0,0,0,0,0,,1,0,
2255123_3,2255123_3,bus,0,3,trip serves at least two distinct stops inside network extent,route ID suffix encodes source type 3,30,unknown,0,0,0,0,0,,1,0,
2255124_3,2255124_3,bus,0,3,trip serves at least two distinct stops inside network extent,route ID suffix encodes source type 3,7,unknown,0,0,0,0,0,,1,0,
2255125_3,2255125_3,bus,0,3,trip serves at least two distinct stops inside network extent,route ID suffix encodes source type 3,13,unknown,0,0,0,0,0,,1,0,
2255126_3,2255126_3,bus,0,3,trip serves at least two distinct stops inside network extent,route ID suffix encodes source type 3,44,unknown,0,0,0,0,0,,1,0,
2255128_3,2255128_3,bus,0,3,trip serves at least two distinct stops inside network extent,route ID suffix encodes source type 3,26,unknown,0,0,0,0,0,,1,0,
2255129_3,2255129_3,bus,0,3,trip serves at least two distinct stops inside network extent,route ID suffix encodes source type 3,40,unknown,0,0,0,0,0,,1,0,
2255130_3,2255130_3,bus,0,3,trip serves at least two distinct stops inside network extent,route ID suffix encodes source type 3,25,unknown,0,0,0,0,0,,1,0,
2255131_3,2255131_3,bus,0,3,trip serves at least two distinct stops inside network extent,route ID suffix encodes source type 3,23,unknown,0,0,0,0,0,,1,0,
2255132_3,2255132_3,bus,0,3,trip serves at least two distinct stops inside network extent,route ID suffix encodes source type 3,9,unknown,0,0,0,0,0,,1,0,
2255133_3,2255133_3,bus,0,3,trip serves at least two distinct stops inside network extent,route ID suffix encodes source type 3,58,unknown,0,0,0,0,0,,1,0,
2255134_3,2255134_3,bus,0,3,trip serves at least two distinct stops inside network extent,route ID suffix encodes source type 3,25,unknown,0,0,0,0,0,,1,0,
2255136_3,2255136_3,bus,0,3,trip serves at least two distinct stops inside network extent,route ID suffix encodes source type 3,7,unknown,0,0,0,0,0,,1,0,
2255137_3,2255137_3,bus,0,3,trip serves at least two distinct stops inside network extent,route ID suffix encodes source type 3,15,unknown,0,0,0,0,0,,1,0,
2255138_3,2255138_3,bus,0,3,trip serves at least two distinct stops inside network extent,route ID suffix encodes source type 3,19,unknown,0,0,0,0,0,,1,0,
2255139_3,2255139_3,bus,0,3,trip serves at least two distinct stops inside network extent,route ID suffix encodes source type 3,1,unknown,0,0,0,0,0,,1,0,
2255140_3,2255140_3,bus,0,3,trip serves at least two distinct stops inside network extent,route ID suffix encodes source type 3,34,unknown,0,0,0,0,0,,1,0,
2255141_3,2255141_3,bus,0,3,trip serves at least two distinct stops inside network extent,route ID suffix encodes source type 3,15,unknown,0,0,0,0,0,,1,0,
2255142_3,2255142_3,bus,0,3,trip serves at least two distinct stops inside network extent,route ID suffix encodes source type 3,11,unknown,0,0,0,0,0,,1,0,
2255143_3,2255143_3,bus,0,3,trip serves at least two distinct stops inside network extent,route ID suffix encodes source type 3,15,unknown,0,0,0,0,0,,1,0,
2255144_3,2255144_3,bus,0,3,trip serves at least two distinct stops inside network extent,route ID suffix encodes source type 3,14,unknown,0,0,0,0,0,,1,0,
2255145_3,2255145_3,bus,0,3,trip serves at least two distinct stops inside network extent,route ID suffix encodes source type 3,29,unknown,0,0,0,0,0,,1,0,
2255146_3,2255146_3,bus,0,3,trip serves at least two distinct stops inside network extent,route ID suffix encodes source type 3,13,unknown,0,0,0,0,0,,1,0,
2255147_3,2255147_3,bus,0,3,trip serves at least two distinct stops inside network extent,route ID suffix encodes source type 3,3,unknown,0,0,0,0,0,,1,0,
2255148_3,2255148_3,bus,0,3,trip serves at least two distinct stops inside network extent,route ID suffix encodes source type 3,2,unknown,0,0,0,0,0,,1,0,
2255149_3,2255149_3,bus,0,3,trip serves at least two distinct stops inside network extent,route ID suffix encodes source type 3,9,unknown,0,0,0,0,0,,1,0,
2255150_3,2255150_3,bus,0,3,trip serves at least two distinct stops inside network extent,route ID suffix encodes source type 3,41,unknown,0,0,0,0,0,,1,0,
2255151_3,2255151_3,bus,0,3,trip serves at least two distinct stops inside network extent,route ID suffix encodes source type 3,4,unknown,0,0,0,0,0,,1,0,
2255152_3,2255152_3,bus,0,3,trip serves at least two distinct stops inside network extent,route ID suffix encodes source type 3,29,unknown,0,0,0,0,0,,1,0,
2255153_3,2255153_3,bus,0,3,trip serves at least two distinct stops inside network extent,route ID suffix encodes source type 3,30,unknown,0,0,0,0,0,,1,0,
2255154_3,2255154_3,bus,0,3,trip serves at least two distinct stops inside network extent,route ID suffix encodes source type 3,22,unknown,0,0,0,0,0,,1,0,
2255155_3,2255155_3,bus,0,3,trip serves at least two distinct stops inside network extent,route ID suffix encodes source type 3,20,unknown,0,0,0,0,0,,1,0,
2255156_3,2255156_3,bus,0,3,trip serves at least two distinct stops inside network extent,route ID suffix encodes source type 3,27,unknown,0,0,0,0,0,,1,0,
2255157_3,2255157_3,bus,0,3,trip serves at least two distinct stops inside network extent,route ID suffix encodes source type 3,27,unknown,0,0,0,0,0,,1,0,
2255158_3,2255158_3,bus,0,3,trip serves at least two distinct stops inside network extent,route ID suffix encodes source type 3,8,unknown,0,0,0,0,0,,1,0,
2255159_3,2255159_3,bus,0,3,trip serves at least two distinct stops inside network extent,route ID suffix encodes source type 3,18,unknown,0,0,0,0,0,,1,0,
2255160_3,2255160_3,bus,0,3,trip serves at least two distinct stops inside network extent,route ID suffix encodes source type 3,17,unknown,0,0,0,0,0,,1,0,
2255161_3,2255161_3,bus,0,3,trip serves at least two distinct stops inside network extent,route ID suffix encodes source type 3,28,unknown,0,0,0,0,0,,1,0,
2255162_3,2255162_3,bus,0,3,trip serves at least two distinct stops inside network extent,route ID suffix encodes source type 3,20,unknown,0,0,0,0,0,,1,0,
2255163_3,2255163_3,bus,0,3,trip serves at least two distinct stops inside network extent,route ID suffix encodes source type 3,5,unknown,0,0,0,0,0,,1,0,
2255165_3,2255165_3,bus,0,3,trip serves at least two distinct stops inside network extent,route ID suffix encodes source type 3,40,unknown,0,0,0,0,0,,1,0,
2267011_3,2267011_3,bus,0,3,trip serves at least two distinct stops inside network extent,route ID suffix encodes source type 3,28,7,0,0,0,0,0,,1,0,
2267012_3,2267012_3,bus,0,3,trip serves at least two distinct stops inside network extent,route ID suffix encodes source type 3,350,7,0,0,0,0,0,,1,0,
2267013_3,2267013_3,bus,0,3,trip serves at least two distinct stops inside network extent,route ID suffix encodes source type 3,700,7,0,0,0,0,0,,1,0,
2267014_3,2267014_3,bus,0,3,trip serves at least two distinct stops inside network extent,route ID suffix encodes source type 3,16,7,0,0,0,0,0,,1,0,
2267015_3,2267015_3,bus,0,3,trip serves at least two distinct stops inside network extent,route ID suffix encodes source type 3,3,unknown,0,0,0,0,0,,1,0,
2267016_3,2267016_3,bus,0,3,trip serves at least two distinct stops inside network extent,route ID suffix encodes source type 3,8,unknown,0,0,0,0,0,,1,0,
2267017_3,2267017_3,bus,0,3,trip serves at least two distinct stops inside network extent,route ID suffix encodes source type 3,9,unknown,0,0,0,0,0,,1,0,
2267018_3,2267018_3,bus,0,3,trip serves at least two distinct stops inside network extent,route ID suffix encodes source type 3,12,unknown,0,0,0,0,0,,1,0,
2267019_3,2267019_3,bus,0,3,trip serves at least two distinct stops inside network extent,route ID suffix encodes source type 3,7,8,0,0,0,0,0,,1,0,
2267020_3,2267020_3,bus,0,3,trip serves at least two distinct stops inside network extent,route ID suffix encodes source type 3,25,8,0,0,0,0,0,,1,0,
2267021_3,2267021_3,bus,0,3,trip serves at least two distinct stops inside network extent,route ID suffix encodes source type 3,57,8,0,0,0,0,0,,1,0,
2267022_3,2267022_3,bus,0,3,trip serves at least two distinct stops inside network extent,route ID suffix encodes source type 3,47,8,0,0,0,0,0,,1,0,
2267023_3,2267023_3,bus,0,3,trip serves at least two distinct stops inside network extent,route ID suffix encodes source type 3,82,8,0,0,0,0,0,,1,0,
2267024_3,2267024_3,bus,0,3,trip serves at least two distinct stops inside network extent,route ID suffix encodes source type 3,49,8,0,0,0,0,0,,1,0,
2267025_3,2267025_3,bus,0,3,trip serves at least two distinct stops inside network extent,route ID suffix encodes source type 3,35,8,0,0,0,0,0,,1,0,
2267027_3,2267027_3,bus,0,3,trip serves at least two distinct stops inside network extent,route ID suffix encodes source type 3,32,8,0,0,0,0,0,,1,0,
2267028_3,2267028_3,bus,0,3,trip serves at least two distinct stops inside network extent,route ID suffix encodes source type 3,74,8,0,0,0,0,0,,1,0,
2267029_3,2267029_3,bus,0,3,trip serves at least two distinct stops inside network extent,route ID suffix encodes source type 3,45,8,0,0,0,0,0,,1,0,
2267033_3,2267033_3,bus,0,3,trip serves at least two distinct stops inside network extent,route ID suffix encodes source type 3,2,8,0,0,0,0,0,,1,0,
2267034_3,2267034_3,bus,0,3,trip serves at least two distinct stops inside network extent,route ID suffix encodes source type 3,13,unknown,0,0,0,0,0,,1,0,
2267035_3,2267035_3,bus,0,3,trip serves at least two distinct stops inside network extent,route ID suffix encodes source type 3,13,9,0,0,0,0,0,,1,0,
2267036_3,2267036_3,bus,0,3,trip serves at least two distinct stops inside network extent,route ID suffix encodes source type 3,10,unknown,0,0,0,0,0,,1,0,
2267037_3,2267037_3,bus,0,3,trip serves at least two distinct stops inside network extent,route ID suffix encodes source type 3,7,unknown,0,0,0,0,0,,1,0,
2267039_3,2267039_3,bus,0,3,trip serves at least two distinct stops inside network extent,route ID suffix encodes source type 3,6,unknown,0,0,0,0,0,,1,0,
2267040_3,2267040_3,bus,0,3,trip serves at least two distinct stops inside network extent,route ID suffix encodes source type 3,22,unknown,0,0,0,0,0,,1,0,
2267041_3,2267041_3,bus,0,3,trip serves at least two distinct stops inside network extent,route ID suffix encodes source type 3,10,11,0,0,0,0,0,,1,0,
2267042_3,2267042_3,bus,0,3,trip serves at least two distinct stops inside network extent,route ID suffix encodes source type 3,14,11,0,0,0,0,0,,1,0,
2267044_3,2267044_3,bus,0,3,trip serves at least two distinct stops inside network extent,route ID suffix encodes source type 3,14,11,0,0,0,0,0,,1,0,
2267045_3,2267045_3,bus,0,3,trip serves at least two distinct stops inside network extent,route ID suffix encodes source type 3,21,unknown,0,0,0,0,0,,1,0,
2267046_3,2267046_3,bus,0,3,trip serves at least two distinct stops inside network extent,route ID suffix encodes source type 3,7,unknown,0,0,0,0,0,,1,0,
2267047_3,2267047_3,bus,0,3,trip serves at least two distinct stops inside network extent,route ID suffix encodes source type 3,11,unknown,0,0,0,0,0,,1,0,
2267048_3,2267048_3,bus,0,3,trip serves at least two distinct stops inside network extent,route ID suffix encodes source type 3,47,12,0,0,0,0,0,,1,0,
2267402_3,2267402_3,bus,0,3,trip serves at least two distinct stops inside network extent,route ID suffix encodes source type 3,4,36,0,0,0,0,0,,1,0,
2267689_3,2267689_3,bus,0,3,trip serves at least two distinct stops inside network extent,route ID suffix encodes source type 3,5,unknown,0,0,0,0,0,,1,0,
2267745_3,2267745_3,bus,0,3,trip serves at least two distinct stops inside network extent,route ID suffix encodes source type 3,6,unknown,0,0,0,0,0,,1,0,
2268527_3,2268527_3,bus,0,3,trip serves at least two distinct stops inside network extent,route ID suffix encodes source type 3,124,unknown,0,0,0,0,0,,1,0,
2268529_3,2268529_3,bus,0,3,trip serves at least two distinct stops inside network extent,route ID suffix encodes source type 3,44,unknown,0,0,0,0,0,,1,0,
2268530_3,2268530_3,bus,0,3,trip serves at least two distinct stops inside network extent,route ID suffix encodes source type 3,37,unknown,0,0,0,0,0,,1,0,
2268531_3,2268531_3,bus,0,3,trip serves at least two distinct stops inside network extent,route ID suffix encodes source type 3,31,unknown,0,0,0,0,0,,1,0,
2268532_3,2268532_3,bus,0,3,trip serves at least two distinct stops inside network extent,route ID suffix encodes source type 3,37,unknown,0,0,0,0,0,,1,0,
2268533_3,2268533_3,bus,0,3,trip serves at least two distinct stops inside network extent,route ID suffix encodes source type 3,32,unknown,0,0,0,0,0,,1,0,
2268534_3,2268534_3,bus,0,3,trip serves at least two distinct stops inside network extent,route ID suffix encodes source type 3,41,unknown,0,0,0,0,0,,1,0,
2268535_3,2268535_3,bus,0,3,trip serves at least two distinct stops inside network extent,route ID suffix encodes source type 3,24,unknown,0,0,0,0,0,,1,0,
2268536_3,2268536_3,bus,0,3,trip serves at least two distinct stops inside network extent,route ID suffix encodes source type 3,3,unknown,0,0,0,0,0,,1,0,
2268538_3,2268538_3,bus,0,3,trip serves at least two distinct stops inside network extent,route ID suffix encodes source type 3,5,unknown,0,0,0,0,0,,1,0,
2268539_3,2268539_3,bus,0,3,trip serves at least two distinct stops inside network extent,route ID suffix encodes source type 3,5,unknown,0,0,0,0,0,,1,0,
2268540_3,2268540_3,bus,0,3,trip serves at least two distinct stops inside network extent,route ID suffix encodes source type 3,15,unknown,0,0,0,0,0,,1,0,
2268542_3,2268542_3,bus,0,3,trip serves at least two distinct stops inside network extent,route ID suffix encodes source type 3,4,unknown,0,0,0,0,0,,1,0,
2268543_3,2268543_3,bus,0,3,trip serves at least two distinct stops inside network extent,route ID suffix encodes source type 3,22,unknown,0,0,0,0,0,,1,0,
2268544_3,2268544_3,bus,0,3,trip serves at least two distinct stops inside network extent,route ID suffix encodes source type 3,22,unknown,0,0,0,0,0,,1,0,
2268545_3,2268545_3,bus,0,3,trip serves at least two distinct stops inside network extent,route ID suffix encodes source type 3,18,unknown,0,0,0,0,0,,1,0,
2268546_3,2268546_3,bus,0,3,trip serves at least two distinct stops inside network extent,route ID suffix encodes source type 3,16,unknown,0,0,0,0,0,,1,0,
2268547_3,2268547_3,bus,0,3,trip serves at least two distinct stops inside network extent,route ID suffix encodes source type 3,19,unknown,0,0,0,0,0,,1,0,
2268548_3,2268548_3,bus,0,3,trip serves at least two distinct stops inside network extent,route ID suffix encodes source type 3,7,unknown,0,0,0,0,0,,1,0,
2268549_3,2268549_3,bus,0,3,trip serves at least two distinct stops inside network extent,route ID suffix encodes source type 3,12,unknown,0,0,0,0,0,,1,0,
2268550_3,2268550_3,bus,0,3,trip serves at least two distinct stops inside network extent,route ID suffix encodes source type 3,26,unknown,0,0,0,0,0,,1,0,
2268551_3,2268551_3,bus,0,3,trip serves at least two distinct stops inside network extent,route ID suffix encodes source type 3,4,unknown,0,0,0,0,0,,1,0,
2268552_3,2268552_3,bus,0,3,trip serves at least two distinct stops inside network extent,route ID suffix encodes source type 3,231,unknown,0,0,0,0,0,,1,0,
2268553_3,2268553_3,bus,0,3,trip serves at least two distinct stops inside network extent,route ID suffix encodes source type 3,97,unknown,0,0,0,0,0,,1,0,
2268554_3,2268554_3,bus,0,3,trip serves at least two distinct stops inside network extent,route ID suffix encodes source type 3,136,unknown,0,0,0,0,0,,1,0,
2268555_3,2268555_3,bus,0,3,trip serves at least two distinct stops inside network extent,route ID suffix encodes source type 3,91,unknown,0,0,0,0,0,,1,0,
2268556_3,2268556_3,bus,0,3,trip serves at least two distinct stops inside network extent,route ID suffix encodes source type 3,55,unknown,0,0,0,0,0,,1,0,
2268557_3,2268557_3,bus,0,3,trip serves at least two distinct stops inside network extent,route ID suffix encodes source type 3,107,unknown,0,0,0,0,0,,1,0,
2268558_3,2268558_3,bus,0,3,trip serves at least two distinct stops inside network extent,route ID suffix encodes source type 3,38,unknown,0,0,0,0,0,,1,0,
2268559_3,2268559_3,bus,0,3,trip serves at least two distinct stops inside network extent,route ID suffix encodes source type 3,112,unknown,0,0,0,0,0,,1,0,
2268560_3,2268560_3,bus,0,3,trip serves at least two distinct stops inside network extent,route ID suffix encodes source type 3,117,unknown,0,0,0,0,0,,1,0,
2268561_3,2268561_3,bus,0,3,trip serves at least two distinct stops inside network extent,route ID suffix encodes source type 3,154,unknown,0,0,0,0,0,,1,0,
2268562_3,2268562_3,bus,0,3,trip serves at least two distinct stops inside network extent,route ID suffix encodes source type 3,118,unknown,0,0,0,0,0,,1,0,
2268563_3,2268563_3,bus,0,3,trip serves at least two distinct stops inside network extent,route ID suffix encodes source type 3,83,unknown,0,0,0,0,0,,1,0,
2268564_3,2268564_3,bus,0,3,trip serves at least two distinct stops inside network extent,route ID suffix encodes source type 3,97,unknown,0,0,0,0,0,,1,0,
2268565_3,2268565_3,bus,0,3,trip serves at least two distinct stops inside network extent,route ID suffix encodes source type 3,35,unknown,0,0,0,0,0,,1,0,
2268566_3,2268566_3,bus,0,3,trip serves at least two distinct stops inside network extent,route ID suffix encodes source type 3,71,unknown,0,0,0,0,0,,1,0,
2268567_3,2268567_3,bus,0,3,trip serves at least two distinct stops inside network extent,route ID suffix encodes source type 3,83,unknown,0,0,0,0,0,,1,0,
2268568_3,2268568_3,bus,0,3,trip serves at least two distinct stops inside network extent,route ID suffix encodes source type 3,18,unknown,0,0,0,0,0,,1,0,
2268569_3,2268569_3,bus,0,3,trip serves at least two distinct stops inside network extent,route ID suffix encodes source type 3,72,unknown,0,0,0,0,0,,1,0,
2268570_3,2268570_3,bus,0,3,trip serves at least two distinct stops inside network extent,route ID suffix encodes source type 3,101,unknown,0,0,0,0,0,,1,0,
2268571_3,2268571_3,bus,0,3,trip serves at least two distinct stops inside network extent,route ID suffix encodes source type 3,106,unknown,0,0,0,0,0,,1,0,
2268572_3,2268572_3,bus,0,3,trip serves at least two distinct stops inside network extent,route ID suffix encodes source type 3,213,unknown,0,0,0,0,0,,1,0,
2268573_3,2268573_3,bus,0,3,trip serves at least two distinct stops inside network extent,route ID suffix encodes source type 3,104,unknown,0,0,0,0,0,,1,0,
2268574_3,2268574_3,bus,0,3,trip serves at least two distinct stops inside network extent,route ID suffix encodes source type 3,70,unknown,0,0,0,0,0,,1,0,
2268575_3,2268575_3,bus,0,3,trip serves at least two distinct stops inside network extent,route ID suffix encodes source type 3,106,unknown,0,0,0,0,0,,1,0,
2268576_3,2268576_3,bus,0,3,trip serves at least two distinct stops inside network extent,route ID suffix encodes source type 3,99,unknown,0,0,0,0,0,,1,0,
2268577_3,2268577_3,bus,0,3,trip serves at least two distinct stops inside network extent,route ID suffix encodes source type 3,82,unknown,0,0,0,0,0,,1,0,
2268578_3,2268578_3,bus,0,3,trip serves at least two distinct stops inside network extent,route ID suffix encodes source type 3,105,unknown,0,0,0,0,0,,1,0,
2268579_3,2268579_3,bus,0,3,trip serves at least two distinct stops inside network extent,route ID suffix encodes source type 3,30,unknown,0,0,0,0,0,,1,0,
2268580_3,2268580_3,bus,0,3,trip serves at least two distinct stops inside network extent,route ID suffix encodes source type 3,162,unknown,0,0,0,0,0,,1,0,
2268581_3,2268581_3,bus,0,3,trip serves at least two distinct stops inside network extent,route ID suffix encodes source type 3,47,unknown,0,0,0,0,0,,1,0,
2268582_3,2268582_3,bus,0,3,trip serves at least two distinct stops inside network extent,route ID suffix encodes source type 3,103,unknown,0,0,0,0,0,,1,0,
2268583_3,2268583_3,bus,0,3,trip serves at least two distinct stops inside network extent,route ID suffix encodes source type 3,106,unknown,0,0,0,0,0,,1,0,
2268584_3,2268584_3,bus,0,3,trip serves at least two distinct stops inside network extent,route ID suffix encodes source type 3,102,unknown,0,0,0,0,0,,1,0,
2268585_3,2268585_3,bus,0,3,trip serves at least two distinct stops inside network extent,route ID suffix encodes source type 3,100,unknown,0,0,0,0,0,,1,0,
2268586_3,2268586_3,bus,0,3,trip serves at least two distinct stops inside network extent,route ID suffix encodes source type 3,46,unknown,0,0,0,0,0,,1,0,
2268587_3,2268587_3,bus,0,3,trip serves at least two distinct stops inside network extent,route ID suffix encodes source type 3,210,unknown,0,0,0,0,0,,1,0,
2268588_3,2268588_3,bus,0,3,trip serves at least two distinct stops inside network extent,route ID suffix encodes source type 3,106,unknown,0,0,0,0,0,,1,0,
2268589_3,2268589_3,bus,0,3,trip serves at least two distinct stops inside network extent,route ID suffix encodes source type 3,106,unknown,0,0,0,0,0,,1,0,
2268590_3,2268590_3,bus,0,3,trip serves at least two distinct stops inside network extent,route ID suffix encodes source type 3,226,unknown,0,0,0,0,0,,1,0,
2268591_3,2268591_3,bus,0,3,trip serves at least two distinct stops inside network extent,route ID suffix encodes source type 3,107,unknown,0,0,0,0,0,,1,0,
2268592_3,2268592_3,bus,0,3,trip serves at least two distinct stops inside network extent,route ID suffix encodes source type 3,107,unknown,0,0,0,0,0,,1,0,
2268593_3,2268593_3,bus,0,3,trip serves at least two distinct stops inside network extent,route ID suffix encodes source type 3,54,unknown,0,0,0,0,0,,1,0,
2268594_3,2268594_3,bus,0,3,trip serves at least two distinct stops inside network extent,route ID suffix encodes source type 3,99,unknown,0,0,0,0,0,,1,0,
2268595_3,2268595_3,bus,0,3,trip serves at least two distinct stops inside network extent,route ID suffix encodes source type 3,47,unknown,0,0,0,0,0,,1,0,
2268596_3,2268596_3,bus,0,3,trip serves at least two distinct stops inside network extent,route ID suffix encodes source type 3,12,unknown,0,0,0,0,0,,1,0,
2268597_3,2268597_3,bus,0,3,trip serves at least two distinct stops inside network extent,route ID suffix encodes source type 3,87,unknown,0,0,0,0,0,,1,0,
2268598_3,2268598_3,bus,0,3,trip serves at least two distinct stops inside network extent,route ID suffix encodes source type 3,30,unknown,0,0,0,0,0,,1,0,
2268599_3,2268599_3,bus,0,3,trip serves at least two distinct stops inside network extent,route ID suffix encodes source type 3,104,unknown,0,0,0,0,0,,1,0,
2268600_3,2268600_3,bus,0,3,trip serves at least two distinct stops inside network extent,route ID suffix encodes source type 3,26,unknown,0,0,0,0,0,,1,0,
2268601_3,2268601_3,bus,0,3,trip serves at least two distinct stops inside network extent,route ID suffix encodes source type 3,91,unknown,0,0,0,0,0,,1,0,
2268602_3,2268602_3,bus,0,3,trip serves at least two distinct stops inside network extent,route ID suffix encodes source type 3,62,unknown,0,0,0,0,0,,1,0,
2268603_3,2268603_3,bus,0,3,trip serves at least two distinct stops inside network extent,route ID suffix encodes source type 3,15,unknown,0,0,0,0,0,,1,0,
2268604_3,2268604_3,bus,0,3,trip serves at least two distinct stops inside network extent,route ID suffix encodes source type 3,17,unknown,0,0,0,0,0,,1,0,
2268605_3,2268605_3,bus,0,3,trip serves at least two distinct stops inside network extent,route ID suffix encodes source type 3,63,unknown,0,0,0,0,0,,1,0,
2268607_3,2268607_3,bus,0,3,trip serves at least two distinct stops inside network extent,route ID suffix encodes source type 3,53,unknown,0,0,0,0,0,,1,0,
2268608_3,2268608_3,bus,0,3,trip serves at least two distinct stops inside network extent,route ID suffix encodes source type 3,32,unknown,0,0,0,0,0,,1,0,
2268610_3,2268610_3,bus,0,3,trip serves at least two distinct stops inside network extent,route ID suffix encodes source type 3,26,unknown,0,0,0,0,0,,1,0,
2268611_3,2268611_3,bus,0,3,trip serves at least two distinct stops inside network extent,route ID suffix encodes source type 3,13,unknown,0,0,0,0,0,,1,0,
2268612_3,2268612_3,bus,0,3,trip serves at least two distinct stops inside network extent,route ID suffix encodes source type 3,7,unknown,0,0,0,0,0,,1,0,
2268613_3,2268613_3,bus,0,3,trip serves at least two distinct stops inside network extent,route ID suffix encodes source type 3,13,unknown,0,0,0,0,0,,1,0,
2268614_3,2268614_3,bus,0,3,trip serves at least two distinct stops inside network extent,route ID suffix encodes source type 3,11,unknown,0,0,0,0,0,,1,0,
2268615_3,2268615_3,bus,0,3,trip serves at least two distinct stops inside network extent,route ID suffix encodes source type 3,54,unknown,0,0,0,0,0,,1,0,
2268616_3,2268616_3,bus,0,3,trip serves at least two distinct stops inside network extent,route ID suffix encodes source type 3,43,unknown,0,0,0,0,0,,1,0,
2268617_3,2268617_3,bus,0,3,trip serves at least two distinct stops inside network extent,route ID suffix encodes source type 3,14,unknown,0,0,0,0,0,,1,0,
2268618_3,2268618_3,bus,0,3,trip serves at least two distinct stops inside network extent,route ID suffix encodes source type 3,15,unknown,0,0,0,0,0,,1,0,
2268619_3,2268619_3,bus,0,3,trip serves at least two distinct stops inside network extent,route ID suffix encodes source type 3,36,unknown,0,0,0,0,0,,1,0,
2268620_3,2268620_3,bus,0,3,trip serves at least two distinct stops inside network extent,route ID suffix encodes source type 3,52,unknown,0,0,0,0,0,,1,0,
2268621_3,2268621_3,bus,0,3,trip serves at least two distinct stops inside network extent,route ID suffix encodes source type 3,20,unknown,0,0,0,0,0,,1,0,
2268622_3,2268622_3,bus,0,3,trip serves at least two distinct stops inside network extent,route ID suffix encodes source type 3,15,unknown,0,0,0,0,0,,1,0,
2268623_3,2268623_3,bus,0,3,trip serves at least two distinct stops inside network extent,route ID suffix encodes source type 3,44,unknown,0,0,0,0,0,,1,0,
2268624_3,2268624_3,bus,0,3,trip serves at least two distinct stops inside network extent,route ID suffix encodes source type 3,15,unknown,0,0,0,0,0,,1,0,
2268625_3,2268625_3,bus,0,3,trip serves at least two distinct stops inside network extent,route ID suffix encodes source type 3,32,unknown,0,0,0,0,0,,1,0,
2268626_3,2268626_3,bus,0,3,trip serves at least two distinct stops inside network extent,route ID suffix encodes source type 3,24,unknown,0,0,0,0,0,,1,0,
2268627_3,2268627_3,bus,0,3,trip serves at least two distinct stops inside network extent,route ID suffix encodes source type 3,26,unknown,0,0,0,0,0,,1,0,
2268628_3,2268628_3,bus,0,3,trip serves at least two distinct stops inside network extent,route ID suffix encodes source type 3,86,unknown,0,0,0,0,0,,1,0,
2268629_3,2268629_3,bus,0,3,trip serves at least two distinct stops inside network extent,route ID suffix encodes source type 3,22,unknown,0,0,0,0,0,,1,0,
2268630_3,2268630_3,bus,0,3,trip serves at least two distinct stops inside network extent,route ID suffix encodes source type 3,23,unknown,0,0,0,0,0,,1,0,
2268631_3,2268631_3,bus,0,3,trip serves at least two distinct stops inside network extent,route ID suffix encodes source type 3,41,unknown,0,0,0,0,0,,1,0,
2268632_3,2268632_3,bus,0,3,trip serves at least two distinct stops inside network extent,route ID suffix encodes source type 3,45,unknown,0,0,0,0,0,,1,0,
2268633_3,2268633_3,bus,0,3,trip serves at least two distinct stops inside network extent,route ID suffix encodes source type 3,19,unknown,0,0,0,0,0,,1,0,
2268634_3,2268634_3,bus,0,3,trip serves at least two distinct stops inside network extent,route ID suffix encodes source type 3,51,unknown,0,0,0,0,0,,1,0,
2268635_3,2268635_3,bus,0,3,trip serves at least two distinct stops inside network extent,route ID suffix encodes source type 3,35,unknown,0,0,0,0,0,,1,0,
2268636_3,2268636_3,bus,0,3,trip serves at least two distinct stops inside network extent,route ID suffix encodes source type 3,30,unknown,0,0,0,0,0,,1,0,
2268637_3,2268637_3,bus,0,3,trip serves at least two distinct stops inside network extent,route ID suffix encodes source type 3,48,unknown,0,0,0,0,0,,1,0,
2268638_3,2268638_3,bus,0,3,trip serves at least two distinct stops inside network extent,route ID suffix encodes source type 3,46,unknown,0,0,0,0,0,,1,0,
2268639_3,2268639_3,bus,0,3,trip serves at least two distinct stops inside network extent,route ID suffix encodes source type 3,19,unknown,0,0,0,0,0,,1,0,
2268640_3,2268640_3,bus,0,3,trip serves at least two distinct stops inside network extent,route ID suffix encodes source type 3,23,unknown,0,0,0,0,0,,1,0,
2268641_3,2268641_3,bus,0,3,trip serves at least two distinct stops inside network extent,route ID suffix encodes source type 3,12,unknown,0,0,0,0,0,,1,0,
2268642_3,2268642_3,bus,0,3,trip serves at least two distinct stops inside network extent,route ID suffix encodes source type 3,16,unknown,0,0,0,0,0,,1,0,
2268643_3,2268643_3,bus,0,3,trip serves at least two distinct stops inside network extent,route ID suffix encodes source type 3,58,unknown,0,0,0,0,0,,1,0,
2268644_3,2268644_3,bus,0,3,trip serves at least two distinct stops inside network extent,route ID suffix encodes source type 3,21,unknown,0,0,0,0,0,,1,0,
2268645_3,2268645_3,bus,0,3,trip serves at least two distinct stops inside network extent,route ID suffix encodes source type 3,12,unknown,0,0,0,0,0,,1,0,
2268646_3,2268646_3,bus,0,3,trip serves at least two distinct stops inside network extent,route ID suffix encodes source type 3,36,unknown,0,0,0,0,0,,1,0,
2268647_3,2268647_3,bus,0,3,trip serves at least two distinct stops inside network extent,route ID suffix encodes source type 3,27,unknown,0,0,0,0,0,,1,0,
2268648_3,2268648_3,bus,0,3,trip serves at least two distinct stops inside network extent,route ID suffix encodes source type 3,18,unknown,0,0,0,0,0,,1,0,
2268649_3,2268649_3,bus,0,3,trip serves at least two distinct stops inside network extent,route ID suffix encodes source type 3,62,unknown,0,0,0,0,0,,1,0,
2268650_3,2268650_3,bus,0,3,trip serves at least two distinct stops inside network extent,route ID suffix encodes source type 3,20,unknown,0,0,0,0,0,,1,0,
2268651_3,2268651_3,bus,0,3,trip serves at least two distinct stops inside network extent,route ID suffix encodes source type 3,23,unknown,0,0,0,0,0,,1,0,
2268652_3,2268652_3,bus,0,3,trip serves at least two distinct stops inside network extent,route ID suffix encodes source type 3,38,unknown,0,0,0,0,0,,1,0,
2268653_3,2268653_3,bus,0,3,trip serves at least two distinct stops inside network extent,route ID suffix encodes source type 3,12,unknown,0,0,0,0,0,,1,0,
2268654_3,2268654_3,bus,0,3,trip serves at least two distinct stops inside network extent,route ID suffix encodes source type 3,19,unknown,0,0,0,0,0,,1,0,
2268655_3,2268655_3,bus,0,3,trip serves at least two distinct stops inside network extent,route ID suffix encodes source type 3,23,unknown,0,0,0,0,0,,1,0,
2268656_3,2268656_3,bus,0,3,trip serves at least two distinct stops inside network extent,route ID suffix encodes source type 3,24,unknown,0,0,0,0,0,,1,0,
2268657_3,2268657_3,bus,0,3,trip serves at least two distinct stops inside network extent,route ID suffix encodes source type 3,11,unknown,0,0,0,0,0,,1,0,
2268659_3,2268659_3,bus,0,3,trip serves at least two distinct stops inside network extent,route ID suffix encodes source type 3,25,unknown,0,0,0,0,0,,1,0,
2268660_3,2268660_3,bus,0,3,trip serves at least two distinct stops inside network extent,route ID suffix encodes source type 3,20,unknown,0,0,0,0,0,,1,0,
2268661_3,2268661_3,bus,0,3,trip serves at least two distinct stops inside network extent,route ID suffix encodes source type 3,42,unknown,0,0,0,0,0,,1,0,
2268662_3,2268662_3,bus,0,3,trip serves at least two distinct stops inside network extent,route ID suffix encodes source type 3,31,unknown,0,0,0,0,0,,1,0,
2268663_3,2268663_3,bus,0,3,trip serves at least two distinct stops inside network extent,route ID suffix encodes source type 3,9,unknown,0,0,0,0,0,,1,0,
2268664_3,2268664_3,bus,0,3,trip serves at least two distinct stops inside network extent,route ID suffix encodes source type 3,8,unknown,0,0,0,0,0,,1,0,
2268665_3,2268665_3,bus,0,3,trip serves at least two distinct stops inside network extent,route ID suffix encodes source type 3,17,unknown,0,0,0,0,0,,1,0,
2268666_3,2268666_3,bus,0,3,trip serves at least two distinct stops inside network extent,route ID suffix encodes source type 3,12,unknown,0,0,0,0,0,,1,0,
2268667_3,2268667_3,bus,0,3,trip serves at least two distinct stops inside network extent,route ID suffix encodes source type 3,3,unknown,0,0,0,0,0,,1,0,
2268668_3,2268668_3,bus,0,3,trip serves at least two distinct stops inside network extent,route ID suffix encodes source type 3,33,unknown,0,0,0,0,0,,1,0,
2268669_3,2268669_3,bus,0,3,trip serves at least two distinct stops inside network extent,route ID suffix encodes source type 3,43,unknown,0,0,0,0,0,,1,0,
2268670_3,2268670_3,bus,0,3,trip serves at least two distinct stops inside network extent,route ID suffix encodes source type 3,46,unknown,0,0,0,0,0,,1,0,
2268671_3,2268671_3,bus,0,3,trip serves at least two distinct stops inside network extent,route ID suffix encodes source type 3,37,unknown,0,0,0,0,0,,1,0,
2268672_3,2268672_3,bus,0,3,trip serves at least two distinct stops inside network extent,route ID suffix encodes source type 3,34,unknown,0,0,0,0,0,,1,0,
2268673_3,2268673_3,bus,0,3,trip serves at least two distinct stops inside network extent,route ID suffix encodes source type 3,18,unknown,0,0,0,0,0,,1,0,
2268674_3,2268674_3,bus,0,3,trip serves at least two distinct stops inside network extent,route ID suffix encodes source type 3,34,unknown,0,0,0,0,0,,1,0,
2268675_3,2268675_3,bus,0,3,trip serves at least two distinct stops inside network extent,route ID suffix encodes source type 3,35,unknown,0,0,0,0,0,,1,0,
2268676_3,2268676_3,bus,0,3,trip serves at least two distinct stops inside network extent,route ID suffix encodes source type 3,33,unknown,0,0,0,0,0,,1,0,
2268677_3,2268677_3,bus,0,3,trip serves at least two distinct stops inside network extent,route ID suffix encodes source type 3,68,unknown,0,0,0,0,0,,1,0,
2268678_3,2268678_3,bus,0,3,trip serves at least two distinct stops inside network extent,route ID suffix encodes source type 3,126,unknown,0,0,0,0,0,,1,0,
2268679_3,2268679_3,bus,0,3,trip serves at least two distinct stops inside network extent,route ID suffix encodes source type 3,13,unknown,0,0,0,0,0,,1,0,
2268680_3,2268680_3,bus,0,3,trip serves at least two distinct stops inside network extent,route ID suffix encodes source type 3,120,unknown,0,0,0,0,0,,1,0,
2268681_3,2268681_3,bus,0,3,trip serves at least two distinct stops inside network extent,route ID suffix encodes source type 3,36,unknown,0,0,0,0,0,,1,0,
2268684_3,2268684_3,bus,0,3,trip serves at least two distinct stops inside network extent,route ID suffix encodes source type 3,72,unknown,0,0,0,0,0,,1,0,
2268685_3,2268685_3,bus,0,3,trip serves at least two distinct stops inside network extent,route ID suffix encodes source type 3,72,unknown,0,0,0,0,0,,1,0,
2268686_3,2268686_3,bus,0,3,trip serves at least two distinct stops inside network extent,route ID suffix encodes source type 3,3,unknown,0,0,0,0,0,,1,0,
2268687_3,2268687_3,bus,0,3,trip serves at least two distinct stops inside network extent,route ID suffix encodes source type 3,2,unknown,0,0,0,0,0,,1,0,
2268688_3,2268688_3,bus,0,3,trip serves at least two distinct stops inside network extent,route ID suffix encodes source type 3,4,unknown,0,0,0,0,0,,1,0,
2268689_3,2268689_3,bus,0,3,trip serves at least two distinct stops inside network extent,route ID suffix encodes source type 3,34,unknown,0,0,0,0,0,,1,0,
2268690_3,2268690_3,bus,0,3,trip serves at least two distinct stops inside network extent,route ID suffix encodes source type 3,2,unknown,0,0,0,0,0,,1,0,
2268692_3,2268692_3,bus,0,3,trip serves at least two distinct stops inside network extent,route ID suffix encodes source type 3,78,unknown,0,0,0,0,0,,1,0,
2268693_3,2268693_3,bus,0,3,trip serves at least two distinct stops inside network extent,route ID suffix encodes source type 3,30,unknown,0,0,0,0,0,,1,0,
2268694_3,2268694_3,bus,0,3,trip serves at least two distinct stops inside network extent,route ID suffix encodes source type 3,29,unknown,0,0,0,0,0,,1,0,
2268695_3,2268695_3,bus,0,3,trip serves at least two distinct stops inside network extent,route ID suffix encodes source type 3,49,unknown,0,0,0,0,0,,1,0,
2268696_3,2268696_3,bus,0,3,trip serves at least two distinct stops inside network extent,route ID suffix encodes source type 3,33,unknown,0,0,0,0,0,,1,0,
2268697_3,2268697_3,bus,0,3,trip serves at least two distinct stops inside network extent,route ID suffix encodes source type 3,105,unknown,0,0,0,0,0,,1,0,
2268698_3,2268698_3,bus,0,3,trip serves at least two distinct stops inside network extent,route ID suffix encodes source type 3,22,unknown,0,0,0,0,0,,1,0,
2268699_3,2268699_3,bus,0,3,trip serves at least two distinct stops inside network extent,route ID suffix encodes source type 3,19,unknown,0,0,0,0,0,,1,0,
2268700_3,2268700_3,bus,0,3,trip serves at least two distinct stops inside network extent,route ID suffix encodes source type 3,16,unknown,0,0,0,0,0,,1,0,
2268701_3,2268701_3,bus,0,3,trip serves at least two distinct stops inside network extent,route ID suffix encodes source type 3,29,unknown,0,0,0,0,0,,1,0,
2268702_3,2268702_3,bus,0,3,trip serves at least two distinct stops inside network extent,route ID suffix encodes source type 3,46,unknown,0,0,0,0,0,,1,0,
2268703_3,2268703_3,bus,0,3,trip serves at least two distinct stops inside network extent,route ID suffix encodes source type 3,39,unknown,0,0,0,0,0,,1,0,
2268704_3,2268704_3,bus,0,3,trip serves at least two distinct stops inside network extent,route ID suffix encodes source type 3,12,unknown,0,0,0,0,0,,1,0,
2268705_3,2268705_3,bus,0,3,trip serves at least two distinct stops inside network extent,route ID suffix encodes source type 3,17,unknown,0,0,0,0,0,,1,0,
2268706_3,2268706_3,bus,0,3,trip serves at least two distinct stops inside network extent,route ID suffix encodes source type 3,36,unknown,0,0,0,0,0,,1,0,
2268707_3,2268707_3,bus,0,3,trip serves at least two distinct stops inside network extent,route ID suffix encodes source type 3,40,unknown,0,0,0,0,0,,1,0,
2268708_3,2268708_3,bus,0,3,trip serves at least two distinct stops inside network extent,route ID suffix encodes source type 3,27,unknown,0,0,0,0,0,,1,0,
2268709_3,2268709_3,bus,0,3,trip serves at least two distinct stops inside network extent,route ID suffix encodes source type 3,48,unknown,0,0,0,0,0,,1,0,
2268710_3,2268710_3,bus,0,3,trip serves at least two distinct stops inside network extent,route ID suffix encodes source type 3,57,unknown,0,0,0,0,0,,1,0,
2268711_3,2268711_3,bus,0,3,trip serves at least two distinct stops inside network extent,route ID suffix encodes source type 3,33,unknown,0,0,0,0,0,,1,0,
2268712_3,2268712_3,bus,0,3,trip serves at least two distinct stops inside network extent,route ID suffix encodes source type 3,6,unknown,0,0,0,0,0,,1,0,
2268713_3,2268713_3,bus,0,3,trip serves at least two distinct stops inside network extent,route ID suffix encodes source type 3,10,unknown,0,0,0,0,0,,1,0,
2268714_3,2268714_3,bus,0,3,trip serves at least two distinct stops inside network extent,route ID suffix encodes source type 3,7,unknown,0,0,0,0,0,,1,0,
2268715_3,2268715_3,bus,0,3,trip serves at least two distinct stops inside network extent,route ID suffix encodes source type 3,36,unknown,0,0,0,0,0,,1,0,
2268716_3,2268716_3,bus,0,3,trip serves at least two distinct stops inside network extent,route ID suffix encodes source type 3,64,unknown,0,0,0,0,0,,1,0,
2268717_3,2268717_3,bus,0,3,trip serves at least two distinct stops inside network extent,route ID suffix encodes source type 3,46,unknown,0,0,0,0,0,,1,0,
2268718_3,2268718_3,bus,0,3,trip serves at least two distinct stops inside network extent,route ID suffix encodes source type 3,113,unknown,0,0,0,0,0,,1,0,
2268719_3,2268719_3,bus,0,3,trip serves at least two distinct stops inside network extent,route ID suffix encodes source type 3,70,unknown,0,0,0,0,0,,1,0,
2268720_3,2268720_3,bus,0,3,trip serves at least two distinct stops inside network extent,route ID suffix encodes source type 3,52,unknown,0,0,0,0,0,,1,0,
2268721_3,2268721_3,bus,0,3,trip serves at least two distinct stops inside network extent,route ID suffix encodes source type 3,46,unknown,0,0,0,0,0,,1,0,
2268722_3,2268722_3,bus,0,3,trip serves at least two distinct stops inside network extent,route ID suffix encodes source type 3,13,unknown,0,0,0,0,0,,1,0,
2268723_3,2268723_3,bus,0,3,trip serves at least two distinct stops inside network extent,route ID suffix encodes source type 3,49,unknown,0,0,0,0,0,,1,0,
2268724_3,2268724_3,bus,0,3,trip serves at least two distinct stops inside network extent,route ID suffix encodes source type 3,26,unknown,0,0,0,0,0,,1,0,
2268725_3,2268725_3,bus,0,3,trip serves at least two distinct stops inside network extent,route ID suffix encodes source type 3,33,unknown,0,0,0,0,0,,1,0,
2268726_3,2268726_3,bus,0,3,trip serves at least two distinct stops inside network extent,route ID suffix encodes source type 3,9,unknown,0,0,0,0,0,,1,0,
2268727_3,2268727_3,bus,0,3,trip serves at least two distinct stops inside network extent,route ID suffix encodes source type 3,176,unknown,0,0,0,0,0,,1,0,
2268728_3,2268728_3,bus,0,3,trip serves at least two distinct stops inside network extent,route ID suffix encodes source type 3,42,unknown,0,0,0,0,0,,1,0,
2268729_3,2268729_3,bus,0,3,trip serves at least two distinct stops inside network extent,route ID suffix encodes source type 3,9,unknown,0,0,0,0,0,,1,0,
2268730_3,2268730_3,bus,0,3,trip serves at least two distinct stops inside network extent,route ID suffix encodes source type 3,91,unknown,0,0,0,0,0,,1,0,
2268732_3,2268732_3,bus,0,3,trip serves at least two distinct stops inside network extent,route ID suffix encodes source type 3,118,unknown,0,0,0,0,0,,1,0,
2268733_3,2268733_3,bus,0,3,trip serves at least two distinct stops inside network extent,route ID suffix encodes source type 3,69,unknown,0,0,0,0,0,,1,0,
2268734_3,2268734_3,bus,0,3,trip serves at least two distinct stops inside network extent,route ID suffix encodes source type 3,53,unknown,0,0,0,0,0,,1,0,
2268735_3,2268735_3,bus,0,3,trip serves at least two distinct stops inside network extent,route ID suffix encodes source type 3,55,unknown,0,0,0,0,0,,1,0,
2268736_3,2268736_3,bus,0,3,trip serves at least two distinct stops inside network extent,route ID suffix encodes source type 3,154,unknown,0,0,0,0,0,,1,0,
2268737_3,2268737_3,bus,0,3,trip serves at least two distinct stops inside network extent,route ID suffix encodes source type 3,74,unknown,0,0,0,0,0,,1,0,
2268738_3,2268738_3,bus,0,3,trip serves at least two distinct stops inside network extent,route ID suffix encodes source type 3,76,unknown,0,0,0,0,0,,1,0,
2268739_3,2268739_3,bus,0,3,trip serves at least two distinct stops inside network extent,route ID suffix encodes source type 3,119,unknown,0,0,0,0,0,,1,0,
2268740_3,2268740_3,bus,0,3,trip serves at least two distinct stops inside network extent,route ID suffix encodes source type 3,103,unknown,0,0,0,0,0,,1,0,
2268741_3,2268741_3,bus,0,3,trip serves at least two distinct stops inside network extent,route ID suffix encodes source type 3,100,unknown,0,0,0,0,0,,1,0,
2268742_3,2268742_3,bus,0,3,trip serves at least two distinct stops inside network extent,route ID suffix encodes source type 3,61,unknown,0,0,0,0,0,,1,0,
2268743_3,2268743_3,bus,0,3,trip serves at least two distinct stops inside network extent,route ID suffix encodes source type 3,25,unknown,0,0,0,0,0,,1,0,
2268744_3,2268744_3,bus,0,3,trip serves at least two distinct stops inside network extent,route ID suffix encodes source type 3,92,unknown,0,0,0,0,0,,1,0,
2268745_3,2268745_3,bus,0,3,trip serves at least two distinct stops inside network extent,route ID suffix encodes source type 3,36,unknown,0,0,0,0,0,,1,0,
2268746_3,2268746_3,bus,0,3,trip serves at least two distinct stops inside network extent,route ID suffix encodes source type 3,103,unknown,0,0,0,0,0,,1,0,
2268747_3,2268747_3,bus,0,3,trip serves at least two distinct stops inside network extent,route ID suffix encodes source type 3,101,unknown,0,0,0,0,0,,1,0,
2268748_3,2268748_3,bus,0,3,trip serves at least two distinct stops inside network extent,route ID suffix encodes source type 3,62,unknown,0,0,0,0,0,,1,0,
2268749_3,2268749_3,bus,0,3,trip serves at least two distinct stops inside network extent,route ID suffix encodes source type 3,30,unknown,0,0,0,0,0,,1,0,
2268750_3,2268750_3,bus,0,3,trip serves at least two distinct stops inside network extent,route ID suffix encodes source type 3,53,unknown,0,0,0,0,0,,1,0,
2268751_3,2268751_3,bus,0,3,trip serves at least two distinct stops inside network extent,route ID suffix encodes source type 3,40,unknown,0,0,0,0,0,,1,0,
2268752_3,2268752_3,bus,0,3,trip serves at least two distinct stops inside network extent,route ID suffix encodes source type 3,129,unknown,0,0,0,0,0,,1,0,
2268753_3,2268753_3,bus,0,3,trip serves at least two distinct stops inside network extent,route ID suffix encodes source type 3,8,unknown,0,0,0,0,0,,1,0,
2268754_3,2268754_3,bus,0,3,trip serves at least two distinct stops inside network extent,route ID suffix encodes source type 3,49,unknown,0,0,0,0,0,,1,0,
2268755_3,2268755_3,bus,0,3,trip serves at least two distinct stops inside network extent,route ID suffix encodes source type 3,11,unknown,0,0,0,0,0,,1,0,
2268756_3,2268756_3,bus,0,3,trip serves at least two distinct stops inside network extent,route ID suffix encodes source type 3,47,unknown,0,0,0,0,0,,1,0,
2268757_3,2268757_3,bus,0,3,trip serves at least two distinct stops inside network extent,route ID suffix encodes source type 3,94,unknown,0,0,0,0,0,,1,0,
2268758_3,2268758_3,bus,0,3,trip serves at least two distinct stops inside network extent,route ID suffix encodes source type 3,34,unknown,0,0,0,0,0,,1,0,
2268759_3,2268759_3,bus,0,3,trip serves at least two distinct stops inside network extent,route ID suffix encodes source type 3,45,unknown,0,0,0,0,0,,1,0,
2268760_3,2268760_3,bus,0,3,trip serves at least two distinct stops inside network extent,route ID suffix encodes source type 3,48,unknown,0,0,0,0,0,,1,0,
2268761_3,2268761_3,bus,0,3,trip serves at least two distinct stops inside network extent,route ID suffix encodes source type 3,4,unknown,0,0,0,0,0,,1,0,
2268762_3,2268762_3,bus,0,3,trip serves at least two distinct stops inside network extent,route ID suffix encodes source type 3,74,unknown,0,0,0,0,0,,1,0,
2268763_3,2268763_3,bus,0,3,trip serves at least two distinct stops inside network extent,route ID suffix encodes source type 3,32,unknown,0,0,0,0,0,,1,0,
2268764_3,2268764_3,bus,0,3,trip serves at least two distinct stops inside network extent,route ID suffix encodes source type 3,51,unknown,0,0,0,0,0,,1,0,
2268765_3,2268765_3,bus,0,3,trip serves at least two distinct stops inside network extent,route ID suffix encodes source type 3,8,unknown,0,0,0,0,0,,1,0,
2268766_3,2268766_3,bus,0,3,trip serves at least two distinct stops inside network extent,route ID suffix encodes source type 3,32,unknown,0,0,0,0,0,,1,0,
2268767_3,2268767_3,bus,0,3,trip serves at least two distinct stops inside network extent,route ID suffix encodes source type 3,55,unknown,0,0,0,0,0,,1,0,
2268768_3,2268768_3,bus,0,3,trip serves at least two distinct stops inside network extent,route ID suffix encodes source type 3,90,unknown,0,0,0,0,0,,1,0,
2268769_3,2268769_3,bus,0,3,trip serves at least two distinct stops inside network extent,route ID suffix encodes source type 3,31,unknown,0,0,0,0,0,,1,0,
2268770_3,2268770_3,bus,0,3,trip serves at least two distinct stops inside network extent,route ID suffix encodes source type 3,5,unknown,0,0,0,0,0,,1,0,
2268771_3,2268771_3,bus,0,3,trip serves at least two distinct stops inside network extent,route ID suffix encodes source type 3,36,unknown,0,0,0,0,0,,1,0,
2268772_3,2268772_3,bus,0,3,trip serves at least two distinct stops inside network extent,route ID suffix encodes source type 3,65,unknown,0,0,0,0,0,,1,0,
2268773_3,2268773_3,bus,0,3,trip serves at least two distinct stops inside network extent,route ID suffix encodes source type 3,35,unknown,0,0,0,0,0,,1,0,
2268774_3,2268774_3,bus,0,3,trip serves at least two distinct stops inside network extent,route ID suffix encodes source type 3,32,unknown,0,0,0,0,0,,1,0,
2268775_3,2268775_3,bus,0,3,trip serves at least two distinct stops inside network extent,route ID suffix encodes source type 3,44,unknown,0,0,0,0,0,,1,0,
2268776_3,2268776_3,bus,0,3,trip serves at least two distinct stops inside network extent,route ID suffix encodes source type 3,33,unknown,0,0,0,0,0,,1,0,
2268777_3,2268777_3,bus,0,3,trip serves at least two distinct stops inside network extent,route ID suffix encodes source type 3,78,unknown,0,0,0,0,0,,1,0,
2268778_3,2268778_3,bus,0,3,trip serves at least two distinct stops inside network extent,route ID suffix encodes source type 3,25,unknown,0,0,0,0,0,,1,0,
2268779_3,2268779_3,bus,0,3,trip serves at least two distinct stops inside network extent,route ID suffix encodes source type 3,90,unknown,0,0,0,0,0,,1,0,
2268780_3,2268780_3,bus,0,3,trip serves at least two distinct stops inside network extent,route ID suffix encodes source type 3,34,unknown,0,0,0,0,0,,1,0,
2268781_3,2268781_3,bus,0,3,trip serves at least two distinct stops inside network extent,route ID suffix encodes source type 3,57,unknown,0,0,0,0,0,,1,0,
2268782_3,2268782_3,bus,0,3,trip serves at least two distinct stops inside network extent,route ID suffix encodes source type 3,62,unknown,0,0,0,0,0,,1,0,
2268783_3,2268783_3,bus,0,3,trip serves at least two distinct stops inside network extent,route ID suffix encodes source type 3,32,unknown,0,0,0,0,0,,1,0,
2268784_3,2268784_3,bus,0,3,trip serves at least two distinct stops inside network extent,route ID suffix encodes source type 3,64,unknown,0,0,0,0,0,,1,0,
2268785_3,2268785_3,bus,0,3,trip serves at least two distinct stops inside network extent,route ID suffix encodes source type 3,100,unknown,0,0,0,0,0,,1,0,
2268786_3,2268786_3,bus,0,3,trip serves at least two distinct stops inside network extent,route ID suffix encodes source type 3,42,unknown,0,0,0,0,0,,1,0,
2268787_3,2268787_3,bus,0,3,trip serves at least two distinct stops inside network extent,route ID suffix encodes source type 3,52,unknown,0,0,0,0,0,,1,0,
2268788_3,2268788_3,bus,0,3,trip serves at least two distinct stops inside network extent,route ID suffix encodes source type 3,68,unknown,0,0,0,0,0,,1,0,
2268790_3,2268790_3,bus,0,3,trip serves at least two distinct stops inside network extent,route ID suffix encodes source type 3,82,unknown,0,0,0,0,0,,1,0,
2268791_3,2268791_3,bus,0,3,trip serves at least two distinct stops inside network extent,route ID suffix encodes source type 3,14,unknown,0,0,0,0,0,,1,0,
2268792_3,2268792_3,bus,0,3,trip serves at least two distinct stops inside network extent,route ID suffix encodes source type 3,61,unknown,0,0,0,0,0,,1,0,
2268793_3,2268793_3,bus,0,3,trip serves at least two distinct stops inside network extent,route ID suffix encodes source type 3,26,unknown,0,0,0,0,0,,1,0,
2268794_3,2268794_3,bus,0,3,trip serves at least two distinct stops inside network extent,route ID suffix encodes source type 3,8,unknown,0,0,0,0,0,,1,0,
2268795_3,2268795_3,bus,0,3,trip serves at least two distinct stops inside network extent,route ID suffix encodes source type 3,15,unknown,0,0,0,0,0,,1,0,
2268796_3,2268796_3,bus,0,3,trip serves at least two distinct stops inside network extent,route ID suffix encodes source type 3,25,unknown,0,0,0,0,0,,1,0,
2268797_3,2268797_3,bus,0,3,trip serves at least two distinct stops inside network extent,route ID suffix encodes source type 3,25,unknown,0,0,0,0,0,,1,0,
2268798_3,2268798_3,bus,0,3,trip serves at least two distinct stops inside network extent,route ID suffix encodes source type 3,25,unknown,0,0,0,0,0,,1,0,
2268799_3,2268799_3,bus,0,3,trip serves at least two distinct stops inside network extent,route ID suffix encodes source type 3,104,unknown,0,0,0,0,0,,1,0,
2268800_3,2268800_3,bus,0,3,trip serves at least two distinct stops inside network extent,route ID suffix encodes source type 3,27,unknown,0,0,0,0,0,,1,0,
2268801_3,2268801_3,bus,0,3,trip serves at least two distinct stops inside network extent,route ID suffix encodes source type 3,73,unknown,0,0,0,0,0,,1,0,
2268802_3,2268802_3,bus,0,3,trip serves at least two distinct stops inside network extent,route ID suffix encodes source type 3,51,unknown,0,0,0,0,0,,1,0,
2268803_3,2268803_3,bus,0,3,trip serves at least two distinct stops inside network extent,route ID suffix encodes source type 3,53,unknown,0,0,0,0,0,,1,0,
2268804_3,2268804_3,bus,0,3,trip serves at least two distinct stops inside network extent,route ID suffix encodes source type 3,128,unknown,0,0,0,0,0,,1,0,
2268805_3,2268805_3,bus,0,3,trip serves at least two distinct stops inside network extent,route ID suffix encodes source type 3,98,unknown,0,0,0,0,0,,1,0,
2268806_3,2268806_3,bus,0,3,trip serves at least two distinct stops inside network extent,route ID suffix encodes source type 3,46,unknown,0,0,0,0,0,,1,0,
2268807_3,2268807_3,bus,0,3,trip serves at least two distinct stops inside network extent,route ID suffix encodes source type 3,20,unknown,0,0,0,0,0,,1,0,
2268808_3,2268808_3,bus,0,3,trip serves at least two distinct stops inside network extent,route ID suffix encodes source type 3,1,unknown,0,0,0,0,0,,1,0,
2268809_3,2268809_3,bus,0,3,trip serves at least two distinct stops inside network extent,route ID suffix encodes source type 3,2,unknown,0,0,0,0,0,,1,0,
2268810_3,2268810_3,bus,0,3,trip serves at least two distinct stops inside network extent,route ID suffix encodes source type 3,1,unknown,0,0,0,0,0,,1,0,
2268811_3,2268811_3,bus,0,3,trip serves at least two distinct stops inside network extent,route ID suffix encodes source type 3,2,unknown,0,0,0,0,0,,1,0,
2268812_3,2268812_3,bus,0,3,trip serves at least two distinct stops inside network extent,route ID suffix encodes source type 3,1,unknown,0,0,0,0,0,,1,0,
2268813_3,2268813_3,bus,0,3,trip serves at least two distinct stops inside network extent,route ID suffix encodes source type 3,1,unknown,0,0,0,0,0,,1,0,
2268814_3,2268814_3,bus,0,3,trip serves at least two distinct stops inside network extent,route ID suffix encodes source type 3,1,unknown,0,0,0,0,0,,1,0,
2269681_3,2269681_3,bus,0,3,trip serves at least two distinct stops inside network extent,route ID suffix encodes source type 3,25,unknown,0,0,0,0,0,,1,0,
2269682_3,2269682_3,bus,0,3,trip serves at least two distinct stops inside network extent,route ID suffix encodes source type 3,25,unknown,0,0,0,0,0,,1,0,
2269683_3,2269683_3,bus,0,3,trip serves at least two distinct stops inside network extent,route ID suffix encodes source type 3,26,unknown,0,0,0,0,0,,1,0,
2269684_3,2269684_3,bus,0,3,trip serves at least two distinct stops inside network extent,route ID suffix encodes source type 3,25,unknown,0,0,0,0,0,,1,0,
2269686_3,2269686_3,bus,0,3,trip serves at least two distinct stops inside network extent,route ID suffix encodes source type 3,16,unknown,0,0,0,0,0,,1,0,
2269687_3,2269687_3,bus,0,3,trip serves at least two distinct stops inside network extent,route ID suffix encodes source type 3,5,unknown,0,0,0,0,0,,1,0,
2269690_3,2269690_3,bus,0,3,trip serves at least two distinct stops inside network extent,route ID suffix encodes source type 3,8,unknown,0,0,0,0,0,,1,0,
2269692_3,2269692_3,bus,0,3,trip serves at least two distinct stops inside network extent,route ID suffix encodes source type 3,31,unknown,0,0,0,0,0,,1,0,
2269693_3,2269693_3,bus,0,3,trip serves at least two distinct stops inside network extent,route ID suffix encodes source type 3,27,unknown,0,0,0,0,0,,1,0,
2269694_3,2269694_3,bus,0,3,trip serves at least two distinct stops inside network extent,route ID suffix encodes source type 3,27,unknown,0,0,0,0,0,,1,0,
2269695_3,2269695_3,bus,0,3,trip serves at least two distinct stops inside network extent,route ID suffix encodes source type 3,27,unknown,0,0,0,0,0,,1,0,
2269696_3,2269696_3,bus,0,3,trip serves at least two distinct stops inside network extent,route ID suffix encodes source type 3,13,unknown,0,0,0,0,0,,1,0,
2269697_3,2269697_3,bus,0,3,trip serves at least two distinct stops inside network extent,route ID suffix encodes source type 3,13,unknown,0,0,0,0,0,,1,0,
2269698_3,2269698_3,bus,0,3,trip serves at least two distinct stops inside network extent,route ID suffix encodes source type 3,1,unknown,0,0,0,0,0,,1,0,
2269699_3,2269699_3,bus,0,3,trip serves at least two distinct stops inside network extent,route ID suffix encodes source type 3,10,unknown,0,0,0,0,0,,1,0,
2269702_3,2269702_3,bus,0,3,trip serves at least two distinct stops inside network extent,route ID suffix encodes source type 3,9,unknown,0,0,0,0,0,,1,0,
2269703_3,2269703_3,bus,0,3,trip serves at least two distinct stops inside network extent,route ID suffix encodes source type 3,13,unknown,0,0,0,0,0,,1,0,
2269704_3,2269704_3,bus,0,3,trip serves at least two distinct stops inside network extent,route ID suffix encodes source type 3,4,unknown,0,0,0,0,0,,1,0,
2269706_3,2269706_3,bus,0,3,trip serves at least two distinct stops inside network extent,route ID suffix encodes source type 3,1,unknown,0,0,0,0,0,,1,0,
2269707_3,2269707_3,bus,0,3,trip serves at least two distinct stops inside network extent,route ID suffix encodes source type 3,9,unknown,0,0,0,0,0,,1,0,
2269710_3,2269710_3,bus,0,3,trip serves at least two distinct stops inside network extent,route ID suffix encodes source type 3,2,unknown,0,0,0,0,0,,1,0,
2269711_3,2269711_3,bus,0,3,trip serves at least two distinct stops inside network extent,route ID suffix encodes source type 3,2,unknown,0,0,0,0,0,,1,0,
2269712_3,2269712_3,bus,0,3,trip serves at least two distinct stops inside network extent,route ID suffix encodes source type 3,4,unknown,0,0,0,0,0,,1,0,
2269713_3,2269713_3,bus,0,3,trip serves at least two distinct stops inside network extent,route ID suffix encodes source type 3,1,unknown,0,0,0,0,0,,1,0,
2269714_3,2269714_3,bus,0,3,trip serves at least two distinct stops inside network extent,route ID suffix encodes source type 3,9,unknown,0,0,0,0,0,,1,0,
2269715_3,2269715_3,bus,0,3,trip serves at least two distinct stops inside network extent,route ID suffix encodes source type 3,11,unknown,0,0,0,0,0,,1,0,
2269717_3,2269717_3,bus,0,3,trip serves at least two distinct stops inside network extent,route ID suffix encodes source type 3,6,unknown,0,0,0,0,0,,1,0,
2269718_3,2269718_3,bus,0,3,trip serves at least two distinct stops inside network extent,route ID suffix encodes source type 3,6,unknown,0,0,0,0,0,,1,0,
2269719_3,2269719_3,bus,0,3,trip serves at least two distinct stops inside network extent,route ID suffix encodes source type 3,84,unknown,0,0,0,0,0,,1,0,
2269720_3,2269720_3,bus,0,3,trip serves at least two distinct stops inside network extent,route ID suffix encodes source type 3,33,unknown,0,0,0,0,0,,1,0,
2269721_3,2269721_3,bus,0,3,trip serves at least two distinct stops inside network extent,route ID suffix encodes source type 3,28,unknown,0,0,0,0,0,,1,0,
2269722_3,2269722_3,bus,0,3,trip serves at least two distinct stops inside network extent,route ID suffix encodes source type 3,14,unknown,0,0,0,0,0,,1,0,
2269723_3,2269723_3,bus,0,3,trip serves at least two distinct stops inside network extent,route ID suffix encodes source type 3,4,unknown,0,0,0,0,0,,1,0,
2269724_3,2269724_3,bus,0,3,trip serves at least two distinct stops inside network extent,route ID suffix encodes source type 3,15,unknown,0,0,0,0,0,,1,0,
2269725_3,2269725_3,bus,0,3,trip serves at least two distinct stops inside network extent,route ID suffix encodes source type 3,40,unknown,0,0,0,0,0,,1,0,
2269727_3,2269727_3,bus,0,3,trip serves at least two distinct stops inside network extent,route ID suffix encodes source type 3,28,unknown,0,0,0,0,0,,1,0,
2269728_3,2269728_3,bus,0,3,trip serves at least two distinct stops inside network extent,route ID suffix encodes source type 3,16,unknown,0,0,0,0,0,,1,0,
2269729_3,2269729_3,bus,0,3,trip serves at least two distinct stops inside network extent,route ID suffix encodes source type 3,5,unknown,0,0,0,0,0,,1,0,
2269730_3,2269730_3,bus,0,3,trip serves at least two distinct stops inside network extent,route ID suffix encodes source type 3,65,unknown,0,0,0,0,0,,1,0,
2269731_3,2269731_3,bus,0,3,trip serves at least two distinct stops inside network extent,route ID suffix encodes source type 3,53,unknown,0,0,0,0,0,,1,0,
2269732_3,2269732_3,bus,0,3,trip serves at least two distinct stops inside network extent,route ID suffix encodes source type 3,6,unknown,0,0,0,0,0,,1,0,
2269733_3,2269733_3,bus,0,3,trip serves at least two distinct stops inside network extent,route ID suffix encodes source type 3,1,unknown,0,0,0,0,0,,1,0,
2269734_3,2269734_3,bus,0,3,trip serves at least two distinct stops inside network extent,route ID suffix encodes source type 3,15,unknown,0,0,0,0,0,,1,0,
2269736_3,2269736_3,bus,0,3,trip serves at least two distinct stops inside network extent,route ID suffix encodes source type 3,9,unknown,0,0,0,0,0,,1,0,
2269737_3,2269737_3,bus,0,3,trip serves at least two distinct stops inside network extent,route ID suffix encodes source type 3,5,unknown,0,0,0,0,0,,1,0,
2269738_3,2269738_3,bus,0,3,trip serves at least two distinct stops inside network extent,route ID suffix encodes source type 3,5,unknown,0,0,0,0,0,,1,0,
2269739_3,2269739_3,bus,0,3,trip serves at least two distinct stops inside network extent,route ID suffix encodes source type 3,4,unknown,0,0,0,0,0,,1,0,
2269740_3,2269740_3,bus,0,3,trip serves at least two distinct stops inside network extent,route ID suffix encodes source type 3,15,unknown,0,0,0,0,0,,1,0,
2269741_3,2269741_3,bus,0,3,trip serves at least two distinct stops inside network extent,route ID suffix encodes source type 3,1,unknown,0,0,0,0,0,,1,0,
2269742_3,2269742_3,bus,0,3,trip serves at least two distinct stops inside network extent,route ID suffix encodes source type 3,15,unknown,0,0,0,0,0,,1,0,
2269743_3,2269743_3,bus,0,3,trip serves at least two distinct stops inside network extent,route ID suffix encodes source type 3,5,unknown,0,0,0,0,0,,1,0,
2269744_3,2269744_3,bus,0,3,trip serves at least two distinct stops inside network extent,route ID suffix encodes source type 3,2,unknown,0,0,0,0,0,,1,0,
2269745_3,2269745_3,bus,0,3,trip serves at least two distinct stops inside network extent,route ID suffix encodes source type 3,2,unknown,0,0,0,0,0,,1,0,
2269746_3,2269746_3,bus,0,3,trip serves at least two distinct stops inside network extent,route ID suffix encodes source type 3,11,unknown,0,0,0,0,0,,1,0,
2269747_3,2269747_3,bus,0,3,trip serves at least two distinct stops inside network extent,route ID suffix encodes source type 3,9,unknown,0,0,0,0,0,,1,0,
2269748_3,2269748_3,bus,0,3,trip serves at least two distinct stops inside network extent,route ID suffix encodes source type 3,4,unknown,0,0,0,0,0,,1,0,
2269749_3,2269749_3,bus,0,3,trip serves at least two distinct stops inside network extent,route ID suffix encodes source type 3,2,unknown,0,0,0,0,0,,1,0,
2269750_3,2269750_3,bus,0,3,trip serves at least two distinct stops inside network extent,route ID suffix encodes source type 3,2,unknown,0,0,0,0,0,,1,0,
2269751_3,2269751_3,bus,0,3,trip serves at least two distinct stops inside network extent,route ID suffix encodes source type 3,12,unknown,0,0,0,0,0,,1,0,
2269752_3,2269752_3,bus,0,3,trip serves at least two distinct stops inside network extent,route ID suffix encodes source type 3,22,unknown,0,0,0,0,0,,1,0,
2269753_3,2269753_3,bus,0,3,trip serves at least two distinct stops inside network extent,route ID suffix encodes source type 3,20,unknown,0,0,0,0,0,,1,0,
2269754_3,2269754_3,bus,0,3,trip serves at least two distinct stops inside network extent,route ID suffix encodes source type 3,22,unknown,0,0,0,0,0,,1,0,
2269755_3,2269755_3,bus,0,3,trip serves at least two distinct stops inside network extent,route ID suffix encodes source type 3,11,unknown,0,0,0,0,0,,1,0,
2269756_3,2269756_3,bus,0,3,trip serves at least two distinct stops inside network extent,route ID suffix encodes source type 3,59,unknown,0,0,0,0,0,,1,0,
2269757_3,2269757_3,bus,0,3,trip serves at least two distinct stops inside network extent,route ID suffix encodes source type 3,7,unknown,0,0,0,0,0,,1,0,
2269758_3,2269758_3,bus,0,3,trip serves at least two distinct stops inside network extent,route ID suffix encodes source type 3,7,unknown,0,0,0,0,0,,1,0,
2269759_3,2269759_3,bus,0,3,trip serves at least two distinct stops inside network extent,route ID suffix encodes source type 3,7,unknown,0,0,0,0,0,,1,0,
2269760_3,2269760_3,bus,0,3,trip serves at least two distinct stops inside network extent,route ID suffix encodes source type 3,11,unknown,0,0,0,0,0,,1,0,
2269761_3,2269761_3,bus,0,3,trip serves at least two distinct stops inside network extent,route ID suffix encodes source type 3,26,unknown,0,0,0,0,0,,1,0,
2269762_3,2269762_3,bus,0,3,trip serves at least two distinct stops inside network extent,route ID suffix encodes source type 3,4,unknown,0,0,0,0,0,,1,0,
2269763_3,2269763_3,bus,0,3,trip serves at least two distinct stops inside network extent,route ID suffix encodes source type 3,5,unknown,0,0,0,0,0,,1,0,
2269764_3,2269764_3,bus,0,3,trip serves at least two distinct stops inside network extent,route ID suffix encodes source type 3,25,unknown,0,0,0,0,0,,1,0,
2269765_3,2269765_3,bus,0,3,trip serves at least two distinct stops inside network extent,route ID suffix encodes source type 3,49,unknown,0,0,0,0,0,,1,0,
2269767_3,2269767_3,bus,0,3,trip serves at least two distinct stops inside network extent,route ID suffix encodes source type 3,5,unknown,0,0,0,0,0,,1,0,
2269768_3,2269768_3,bus,0,3,trip serves at least two distinct stops inside network extent,route ID suffix encodes source type 3,24,unknown,0,0,0,0,0,,1,0,
2269769_3,2269769_3,bus,0,3,trip serves at least two distinct stops inside network extent,route ID suffix encodes source type 3,5,unknown,0,0,0,0,0,,1,0,
2269770_3,2269770_3,bus,0,3,trip serves at least two distinct stops inside network extent,route ID suffix encodes source type 3,8,unknown,0,0,0,0,0,,1,0,
2269771_3,2269771_3,bus,0,3,trip serves at least two distinct stops inside network extent,route ID suffix encodes source type 3,35,unknown,0,0,0,0,0,,1,0,
2269772_3,2269772_3,bus,0,3,trip serves at least two distinct stops inside network extent,route ID suffix encodes source type 3,5,unknown,0,0,0,0,0,,1,0,
2269773_3,2269773_3,bus,0,3,trip serves at least two distinct stops inside network extent,route ID suffix encodes source type 3,7,unknown,0,0,0,0,0,,1,0,
2269774_3,2269774_3,bus,0,3,trip serves at least two distinct stops inside network extent,route ID suffix encodes source type 3,15,unknown,0,0,0,0,0,,1,0,
2269775_3,2269775_3,bus,0,3,trip serves at least two distinct stops inside network extent,route ID suffix encodes source type 3,5,unknown,0,0,0,0,0,,1,0,
2269776_3,2269776_3,bus,0,3,trip serves at least two distinct stops inside network extent,route ID suffix encodes source type 3,21,unknown,0,0,0,0,0,,1,0,
2269777_3,2269777_3,bus,0,3,trip serves at least two distinct stops inside network extent,route ID suffix encodes source type 3,7,unknown,0,0,0,0,0,,1,0,
2269778_3,2269778_3,bus,0,3,trip serves at least two distinct stops inside network extent,route ID suffix encodes source type 3,5,unknown,0,0,0,0,0,,1,0,
2269779_3,2269779_3,bus,0,3,trip serves at least two distinct stops inside network extent,route ID suffix encodes source type 3,17,unknown,0,0,0,0,0,,1,0,
2269785_3,2269785_3,bus,0,3,trip serves at least two distinct stops inside network extent,route ID suffix encodes source type 3,2,unknown,0,0,0,0,0,,1,0,
2269786_3,2269786_3,bus,0,3,trip serves at least two distinct stops inside network extent,route ID suffix encodes source type 3,10,unknown,0,0,0,0,0,,1,0,
2269787_3,2269787_3,bus,0,3,trip serves at least two distinct stops inside network extent,route ID suffix encodes source type 3,10,unknown,0,0,0,0,0,,1,0,
2269788_3,2269788_3,bus,0,3,trip serves at least two distinct stops inside network extent,route ID suffix encodes source type 3,3,unknown,0,0,0,0,0,,1,0,
2269789_3,2269789_3,bus,0,3,trip serves at least two distinct stops inside network extent,route ID suffix encodes source type 3,3,unknown,0,0,0,0,0,,1,0,
2269790_3,2269790_3,bus,0,3,trip serves at least two distinct stops inside network extent,route ID suffix encodes source type 3,3,unknown,0,0,0,0,0,,1,0,
2269791_3,2269791_3,bus,0,3,trip serves at least two distinct stops inside network extent,route ID suffix encodes source type 3,2,unknown,0,0,0,0,0,,1,0,
2269795_3,2269795_3,bus,0,3,trip serves at least two distinct stops inside network extent,route ID suffix encodes source type 3,73,unknown,0,0,0,0,0,,1,0,
2269796_3,2269796_3,bus,0,3,trip serves at least two distinct stops inside network extent,route ID suffix encodes source type 3,3,unknown,0,0,0,0,0,,1,0,
2269797_3,2269797_3,bus,0,3,trip serves at least two distinct stops inside network extent,route ID suffix encodes source type 3,51,unknown,0,0,0,0,0,,1,0,
2269798_3,2269798_3,bus,0,3,trip serves at least two distinct stops inside network extent,route ID suffix encodes source type 3,6,unknown,0,0,0,0,0,,1,0,
2269800_3,2269800_3,bus,0,3,trip serves at least two distinct stops inside network extent,route ID suffix encodes source type 3,15,unknown,0,0,0,0,0,,1,0,
2269801_3,2269801_3,bus,0,3,trip serves at least two distinct stops inside network extent,route ID suffix encodes source type 3,6,unknown,0,0,0,0,0,,1,0,
2269802_3,2269802_3,bus,0,3,trip serves at least two distinct stops inside network extent,route ID suffix encodes source type 3,17,unknown,0,0,0,0,0,,1,0,
2269803_3,2269803_3,bus,0,3,trip serves at least two distinct stops inside network extent,route ID suffix encodes source type 3,32,unknown,0,0,0,0,0,,1,0,
2269804_3,2269804_3,bus,0,3,trip serves at least two distinct stops inside network extent,route ID suffix encodes source type 3,25,unknown,0,0,0,0,0,,1,0,
2269805_3,2269805_3,bus,0,3,trip serves at least two distinct stops inside network extent,route ID suffix encodes source type 3,18,unknown,0,0,0,0,0,,1,0,
2269806_3,2269806_3,bus,0,3,trip serves at least two distinct stops inside network extent,route ID suffix encodes source type 3,14,unknown,0,0,0,0,0,,1,0,
2269807_3,2269807_3,bus,0,3,trip serves at least two distinct stops inside network extent,route ID suffix encodes source type 3,4,unknown,0,0,0,0,0,,1,0,
2269808_3,2269808_3,bus,0,3,trip serves at least two distinct stops inside network extent,route ID suffix encodes source type 3,29,unknown,0,0,0,0,0,,1,0,
2269809_3,2269809_3,bus,0,3,trip serves at least two distinct stops inside network extent,route ID suffix encodes source type 3,14,unknown,0,0,0,0,0,,1,0,
2269810_3,2269810_3,bus,0,3,trip serves at least two distinct stops inside network extent,route ID suffix encodes source type 3,25,unknown,0,0,0,0,0,,1,0,
2269811_3,2269811_3,bus,0,3,trip serves at least two distinct stops inside network extent,route ID suffix encodes source type 3,2,unknown,0,0,0,0,0,,1,0,
2269812_3,2269812_3,bus,0,3,trip serves at least two distinct stops inside network extent,route ID suffix encodes source type 3,17,unknown,0,0,0,0,0,,1,0,
2269813_3,2269813_3,bus,0,3,trip serves at least two distinct stops inside network extent,route ID suffix encodes source type 3,10,unknown,0,0,0,0,0,,1,0,
2269814_3,2269814_3,bus,0,3,trip serves at least two distinct stops inside network extent,route ID suffix encodes source type 3,2,unknown,0,0,0,0,0,,1,0,
2269816_3,2269816_3,bus,0,3,trip serves at least two distinct stops inside network extent,route ID suffix encodes source type 3,5,unknown,0,0,0,0,0,,1,0,
2269817_3,2269817_3,bus,0,3,trip serves at least two distinct stops inside network extent,route ID suffix encodes source type 3,3,unknown,0,0,0,0,0,,1,0,
2269818_3,2269818_3,bus,0,3,trip serves at least two distinct stops inside network extent,route ID suffix encodes source type 3,1,unknown,0,0,0,0,0,,1,0,
2269819_3,2269819_3,bus,0,3,trip serves at least two distinct stops inside network extent,route ID suffix encodes source type 3,21,unknown,0,0,0,0,0,,1,0,
2269820_3,2269820_3,bus,0,3,trip serves at least two distinct stops inside network extent,route ID suffix encodes source type 3,8,unknown,0,0,0,0,0,,1,0,
2269821_3,2269821_3,bus,0,3,trip serves at least two distinct stops inside network extent,route ID suffix encodes source type 3,7,unknown,0,0,0,0,0,,1,0,
2269822_3,2269822_3,bus,0,3,trip serves at least two distinct stops inside network extent,route ID suffix encodes source type 3,3,unknown,0,0,0,0,0,,1,0,
2269823_3,2269823_3,bus,0,3,trip serves at least two distinct stops inside network extent,route ID suffix encodes source type 3,14,unknown,0,0,0,0,0,,1,0,
2269824_3,2269824_3,bus,0,3,trip serves at least two distinct stops inside network extent,route ID suffix encodes source type 3,2,unknown,0,0,0,0,0,,1,0,
2269825_3,2269825_3,bus,0,3,trip serves at least two distinct stops inside network extent,route ID suffix encodes source type 3,15,unknown,0,0,0,0,0,,1,0,
2269826_3,2269826_3,bus,0,3,trip serves at least two distinct stops inside network extent,route ID suffix encodes source type 3,7,unknown,0,0,0,0,0,,1,0,
2269827_3,2269827_3,bus,0,3,trip serves at least two distinct stops inside network extent,route ID suffix encodes source type 3,6,unknown,0,0,0,0,0,,1,0,
2269828_3,2269828_3,bus,0,3,trip serves at least two distinct stops inside network extent,route ID suffix encodes source type 3,7,unknown,0,0,0,0,0,,1,0,
2269829_3,2269829_3,bus,0,3,trip serves at least two distinct stops inside network extent,route ID suffix encodes source type 3,5,unknown,0,0,0,0,0,,1,0,
2269830_3,2269830_3,bus,0,3,trip serves at least two distinct stops inside network extent,route ID suffix encodes source type 3,9,unknown,0,0,0,0,0,,1,0,
2269831_3,2269831_3,bus,0,3,trip serves at least two distinct stops inside network extent,route ID suffix encodes source type 3,8,unknown,0,0,0,0,0,,1,0,
2269832_3,2269832_3,bus,0,3,trip serves at least two distinct stops inside network extent,route ID suffix encodes source type 3,4,unknown,0,0,0,0,0,,1,0,
2269834_3,2269834_3,bus,0,3,trip serves at least two distinct stops inside network extent,route ID suffix encodes source type 3,21,unknown,0,0,0,0,0,,1,0,
2269835_3,2269835_3,bus,0,3,trip serves at least two distinct stops inside network extent,route ID suffix encodes source type 3,19,unknown,0,0,0,0,0,,1,0,
2269836_3,2269836_3,bus,0,3,trip serves at least two distinct stops inside network extent,route ID suffix encodes source type 3,1,unknown,0,0,0,0,0,,1,0,
2269837_3,2269837_3,bus,0,3,trip serves at least two distinct stops inside network extent,route ID suffix encodes source type 3,9,unknown,0,0,0,0,0,,1,0,
2269838_3,2269838_3,bus,0,3,trip serves at least two distinct stops inside network extent,route ID suffix encodes source type 3,4,unknown,0,0,0,0,0,,1,0,
2269839_3,2269839_3,bus,0,3,trip serves at least two distinct stops inside network extent,route ID suffix encodes source type 3,3,unknown,0,0,0,0,0,,1,0,
2269840_3,2269840_3,bus,0,3,trip serves at least two distinct stops inside network extent,route ID suffix encodes source type 3,1,unknown,0,0,0,0,0,,1,0,
2269841_3,2269841_3,bus,0,3,trip serves at least two distinct stops inside network extent,route ID suffix encodes source type 3,1,unknown,0,0,0,0,0,,1,0,
2269843_3,2269843_3,bus,0,3,trip serves at least two distinct stops inside network extent,route ID suffix encodes source type 3,1,unknown,0,0,0,0,0,,1,0,
2269848_3,2269848_3,bus,0,3,trip serves at least two distinct stops inside network extent,route ID suffix encodes source type 3,1,unknown,0,0,0,0,0,,1,0,
2269850_3,2269850_3,bus,0,3,trip serves at least two distinct stops inside network extent,route ID suffix encodes source type 3,17,unknown,0,0,0,0,0,,1,0,
2269866_3,2269866_3,bus,0,3,trip serves at least two distinct stops inside network extent,route ID suffix encodes source type 3,20,unknown,0,0,0,0,0,,1,0,
2269873_3,2269873_3,bus,0,3,trip serves at least two distinct stops inside network extent,route ID suffix encodes source type 3,10,unknown,0,0,0,0,0,,1,0,
2269875_3,2269875_3,bus,0,3,trip serves at least two distinct stops inside network extent,route ID suffix encodes source type 3,2,unknown,0,0,0,0,0,,1,0,
2269876_3,2269876_3,bus,0,3,trip serves at least two distinct stops inside network extent,route ID suffix encodes source type 3,6,unknown,0,0,0,0,0,,1,0,
2269877_3,2269877_3,bus,0,3,trip serves at least two distinct stops inside network extent,route ID suffix encodes source type 3,3,unknown,0,0,0,0,0,,1,0,
2269885_3,2269885_3,bus,0,3,trip serves at least two distinct stops inside network extent,route ID suffix encodes source type 3,5,unknown,0,0,0,0,0,,1,0,
2269888_3,2269888_3,bus,0,3,trip serves at least two distinct stops inside network extent,route ID suffix encodes source type 3,4,unknown,0,0,0,0,0,,1,0,
2269889_3,2269889_3,bus,0,3,trip serves at least two distinct stops inside network extent,route ID suffix encodes source type 3,7,unknown,0,0,0,0,0,,1,0,
2269890_3,2269890_3,bus,0,3,trip serves at least two distinct stops inside network extent,route ID suffix encodes source type 3,5,unknown,0,0,0,0,0,,1,0,
2269891_3,2269891_3,bus,0,3,trip serves at least two distinct stops inside network extent,route ID suffix encodes source type 3,7,unknown,0,0,0,0,0,,1,0,
2269900_3,2269900_3,bus,0,3,trip serves at least two distinct stops inside network extent,route ID suffix encodes source type 3,4,unknown,0,0,0,0,0,,1,0,
2269904_3,2269904_3,bus,0,3,trip serves at least two distinct stops inside network extent,route ID suffix encodes source type 3,4,unknown,0,0,0,0,0,,1,0,
2269905_3,2269905_3,bus,0,3,trip serves at least two distinct stops inside network extent,route ID suffix encodes source type 3,2,unknown,0,0,0,0,0,,1,0,
2269912_3,2269912_3,bus,0,3,trip serves at least two distinct stops inside network extent,route ID suffix encodes source type 3,8,unknown,0,0,0,0,0,,1,0,
2269913_3,2269913_3,bus,0,3,trip serves at least two distinct stops inside network extent,route ID suffix encodes source type 3,92,unknown,0,0,0,0,0,,1,0,
2269914_3,2269914_3,bus,0,3,trip serves at least two distinct stops inside network extent,route ID suffix encodes source type 3,12,unknown,0,0,0,0,0,,1,0,
2269915_3,2269915_3,bus,0,3,trip serves at least two distinct stops inside network extent,route ID suffix encodes source type 3,60,unknown,0,0,0,0,0,,1,0,
2269916_3,2269916_3,bus,0,3,trip serves at least two distinct stops inside network extent,route ID suffix encodes source type 3,6,unknown,0,0,0,0,0,,1,0,
2269917_3,2269917_3,bus,0,3,trip serves at least two distinct stops inside network extent,route ID suffix encodes source type 3,34,unknown,0,0,0,0,0,,1,0,
2269918_3,2269918_3,bus,0,3,trip serves at least two distinct stops inside network extent,route ID suffix encodes source type 3,6,unknown,0,0,0,0,0,,1,0,
2269919_3,2269919_3,bus,0,3,trip serves at least two distinct stops inside network extent,route ID suffix encodes source type 3,11,unknown,0,0,0,0,0,,1,0,
2269920_3,2269920_3,bus,0,3,trip serves at least two distinct stops inside network extent,route ID suffix encodes source type 3,18,unknown,0,0,0,0,0,,1,0,
2269922_3,2269922_3,bus,0,3,trip serves at least two distinct stops inside network extent,route ID suffix encodes source type 3,4,unknown,0,0,0,0,0,,1,0,
2269923_3,2269923_3,bus,0,3,trip serves at least two distinct stops inside network extent,route ID suffix encodes source type 3,11,unknown,0,0,0,0,0,,1,0,
2269924_3,2269924_3,bus,0,3,trip serves at least two distinct stops inside network extent,route ID suffix encodes source type 3,86,unknown,0,0,0,0,0,,1,0,
2269925_3,2269925_3,bus,0,3,trip serves at least two distinct stops inside network extent,route ID suffix encodes source type 3,23,unknown,0,0,0,0,0,,1,0,
2269926_3,2269926_3,bus,0,3,trip serves at least two distinct stops inside network extent,route ID suffix encodes source type 3,16,unknown,0,0,0,0,0,,1,0,
2269927_3,2269927_3,bus,0,3,trip serves at least two distinct stops inside network extent,route ID suffix encodes source type 3,2,unknown,0,0,0,0,0,,1,0,
2269929_3,2269929_3,bus,0,3,trip serves at least two distinct stops inside network extent,route ID suffix encodes source type 3,4,unknown,0,0,0,0,0,,1,0,
2269930_3,2269930_3,bus,0,3,trip serves at least two distinct stops inside network extent,route ID suffix encodes source type 3,21,unknown,0,0,0,0,0,,1,0,
2269931_3,2269931_3,bus,0,3,trip serves at least two distinct stops inside network extent,route ID suffix encodes source type 3,5,unknown,0,0,0,0,0,,1,0,
2269932_3,2269932_3,bus,0,3,trip serves at least two distinct stops inside network extent,route ID suffix encodes source type 3,22,unknown,0,0,0,0,0,,1,0,
2269933_3,2269933_3,bus,0,3,trip serves at least two distinct stops inside network extent,route ID suffix encodes source type 3,1,unknown,0,0,0,0,0,,1,0,
2269935_3,2269935_3,bus,0,3,trip serves at least two distinct stops inside network extent,route ID suffix encodes source type 3,11,unknown,0,0,0,0,0,,1,0,
2269936_3,2269936_3,bus,0,3,trip serves at least two distinct stops inside network extent,route ID suffix encodes source type 3,6,unknown,0,0,0,0,0,,1,0,
2269937_3,2269937_3,bus,0,3,trip serves at least two distinct stops inside network extent,route ID suffix encodes source type 3,2,unknown,0,0,0,0,0,,1,0,
2269938_3,2269938_3,bus,0,3,trip serves at least two distinct stops inside network extent,route ID suffix encodes source type 3,2,unknown,0,0,0,0,0,,1,0,
2269939_3,2269939_3,bus,0,3,trip serves at least two distinct stops inside network extent,route ID suffix encodes source type 3,8,unknown,0,0,0,0,0,,1,0,
2269964_3,2269964_3,bus,0,3,trip serves at least two distinct stops inside network extent,route ID suffix encodes source type 3,9,unknown,0,0,0,0,0,,1,0,
2269966_3,2269966_3,bus,0,3,trip serves at least two distinct stops inside network extent,route ID suffix encodes source type 3,4,unknown,0,0,0,0,0,,1,0,
2269968_3,2269968_3,bus,0,3,trip serves at least two distinct stops inside network extent,route ID suffix encodes source type 3,4,unknown,0,0,0,0,0,,1,0,
2269969_3,2269969_3,bus,0,3,trip serves at least two distinct stops inside network extent,route ID suffix encodes source type 3,2,unknown,0,0,0,0,0,,1,0,
2269970_3,2269970_3,bus,0,3,trip serves at least two distinct stops inside network extent,route ID suffix encodes source type 3,12,unknown,0,0,0,0,0,,1,0,
2269971_3,2269971_3,bus,0,3,trip serves at least two distinct stops inside network extent,route ID suffix encodes source type 3,11,unknown,0,0,0,0,0,,1,0,
2269972_3,2269972_3,bus,0,3,trip serves at least two distinct stops inside network extent,route ID suffix encodes source type 3,4,unknown,0,0,0,0,0,,1,0,
2269973_3,2269973_3,bus,0,3,trip serves at least two distinct stops inside network extent,route ID suffix encodes source type 3,3,unknown,0,0,0,0,0,,1,0,
2270039_3,2270039_3,bus,0,3,trip serves at least two distinct stops inside network extent,route ID suffix encodes source type 3,40,unknown,0,0,0,0,0,,1,0,
2270040_3,2270040_3,bus,0,3,trip serves at least two distinct stops inside network extent,route ID suffix encodes source type 3,8,unknown,0,0,0,0,0,,1,0,
2270041_3,2270041_3,bus,0,3,trip serves at least two distinct stops inside network extent,route ID suffix encodes source type 3,11,unknown,0,0,0,0,0,,1,0,
2270042_3,2270042_3,bus,0,3,trip serves at least two distinct stops inside network extent,route ID suffix encodes source type 3,2,unknown,0,0,0,0,0,,1,0,
2270072_3,2270072_3,bus,0,3,trip serves at least two distinct stops inside network extent,route ID suffix encodes source type 3,5,unknown,0,0,0,0,0,,1,0,
2270074_3,2270074_3,bus,0,3,trip serves at least two distinct stops inside network extent,route ID suffix encodes source type 3,1,unknown,0,0,0,0,0,,1,0,
2270075_3,2270075_3,bus,0,3,trip serves at least two distinct stops inside network extent,route ID suffix encodes source type 3,3,unknown,0,0,0,0,0,,1,0,
2270076_3,2270076_3,bus,0,3,trip serves at least two distinct stops inside network extent,route ID suffix encodes source type 3,3,unknown,0,0,0,0,0,,1,0,
2270078_3,2270078_3,bus,0,3,trip serves at least two distinct stops inside network extent,route ID suffix encodes source type 3,4,unknown,0,0,0,0,0,,1,0,
2270079_3,2270079_3,bus,0,3,trip serves at least two distinct stops inside network extent,route ID suffix encodes source type 3,17,unknown,0,0,0,0,0,,1,0,
2270080_3,2270080_3,bus,0,3,trip serves at least two distinct stops inside network extent,route ID suffix encodes source type 3,2,unknown,0,0,0,0,0,,1,0,
2270081_3,2270081_3,bus,0,3,trip serves at least two distinct stops inside network extent,route ID suffix encodes source type 3,57,unknown,0,0,0,0,0,,1,0,
2270082_3,2270082_3,bus,0,3,trip serves at least two distinct stops inside network extent,route ID suffix encodes source type 3,86,unknown,0,0,0,0,0,,1,0,
2270083_3,2270083_3,bus,0,3,trip serves at least two distinct stops inside network extent,route ID suffix encodes source type 3,7,unknown,0,0,0,0,0,,1,0,
2270084_3,2270084_3,bus,0,3,trip serves at least two distinct stops inside network extent,route ID suffix encodes source type 3,3,unknown,0,0,0,0,0,,1,0,
2270085_3,2270085_3,bus,0,3,trip serves at least two distinct stops inside network extent,route ID suffix encodes source type 3,12,unknown,0,0,0,0,0,,1,0,
2270086_3,2270086_3,bus,0,3,trip serves at least two distinct stops inside network extent,route ID suffix encodes source type 3,3,unknown,0,0,0,0,0,,1,0,
2270087_3,2270087_3,bus,0,3,trip serves at least two distinct stops inside network extent,route ID suffix encodes source type 3,7,unknown,0,0,0,0,0,,1,0,
2270088_3,2270088_3,bus,0,3,trip serves at least two distinct stops inside network extent,route ID suffix encodes source type 3,3,unknown,0,0,0,0,0,,1,0,
2270089_3,2270089_3,bus,0,3,trip serves at least two distinct stops inside network extent,route ID suffix encodes source type 3,6,unknown,0,0,0,0,0,,1,0,
2270090_3,2270090_3,bus,0,3,trip serves at least two distinct stops inside network extent,route ID suffix encodes source type 3,18,unknown,0,0,0,0,0,,1,0,
2270091_3,2270091_3,bus,0,3,trip serves at least two distinct stops inside network extent,route ID suffix encodes source type 3,5,unknown,0,0,0,0,0,,1,0,
2270092_3,2270092_3,bus,0,3,trip serves at least two distinct stops inside network extent,route ID suffix encodes source type 3,5,unknown,0,0,0,0,0,,1,0,
2270093_3,2270093_3,bus,0,3,trip serves at least two distinct stops inside network extent,route ID suffix encodes source type 3,34,unknown,0,0,0,0,0,,1,0,
2270094_3,2270094_3,bus,0,3,trip serves at least two distinct stops inside network extent,route ID suffix encodes source type 3,7,unknown,0,0,0,0,0,,1,0,
2270095_3,2270095_3,bus,0,3,trip serves at least two distinct stops inside network extent,route ID suffix encodes source type 3,1,unknown,0,0,0,0,0,,1,0,
2270096_3,2270096_3,bus,0,3,trip serves at least two distinct stops inside network extent,route ID suffix encodes source type 3,3,unknown,0,0,0,0,0,,1,0,
2270097_3,2270097_3,bus,0,3,trip serves at least two distinct stops inside network extent,route ID suffix encodes source type 3,14,unknown,0,0,0,0,0,,1,0,
2270098_3,2270098_3,bus,0,3,trip serves at least two distinct stops inside network extent,route ID suffix encodes source type 3,30,unknown,0,0,0,0,0,,1,0,
2270099_3,2270099_3,bus,0,3,trip serves at least two distinct stops inside network extent,route ID suffix encodes source type 3,26,unknown,0,0,0,0,0,,1,0,
2270100_3,2270100_3,bus,0,3,trip serves at least two distinct stops inside network extent,route ID suffix encodes source type 3,6,unknown,0,0,0,0,0,,1,0,
2270104_3,2270104_3,bus,0,3,trip serves at least two distinct stops inside network extent,route ID suffix encodes source type 3,65,unknown,0,0,0,0,0,,1,0,
2270105_3,2270105_3,bus,0,3,trip serves at least two distinct stops inside network extent,route ID suffix encodes source type 3,7,unknown,0,0,0,0,0,,1,0,
2270110_3,2270110_3,bus,0,3,trip serves at least two distinct stops inside network extent,route ID suffix encodes source type 3,6,unknown,0,0,0,0,0,,1,0,
2270114_3,2270114_3,bus,0,3,trip serves at least two distinct stops inside network extent,route ID suffix encodes source type 3,29,unknown,0,0,0,0,0,,1,0,
2270115_3,2270115_3,bus,0,3,trip serves at least two distinct stops inside network extent,route ID suffix encodes source type 3,1,unknown,0,0,0,0,0,,1,0,
2270116_3,2270116_3,bus,0,3,trip serves at least two distinct stops inside network extent,route ID suffix encodes source type 3,10,unknown,0,0,0,0,0,,1,0,
2270117_3,2270117_3,bus,0,3,trip serves at least two distinct stops inside network extent,route ID suffix encodes source type 3,10,unknown,0,0,0,0,0,,1,0,
2270118_3,2270118_3,bus,0,3,trip serves at least two distinct stops inside network extent,route ID suffix encodes source type 3,2,unknown,0,0,0,0,0,,1,0,
2270119_3,2270119_3,bus,0,3,trip serves at least two distinct stops inside network extent,route ID suffix encodes source type 3,17,unknown,0,0,0,0,0,,1,0,
2270120_3,2270120_3,bus,0,3,trip serves at least two distinct stops inside network extent,route ID suffix encodes source type 3,8,unknown,0,0,0,0,0,,1,0,
2270121_3,2270121_3,bus,0,3,trip serves at least two distinct stops inside network extent,route ID suffix encodes source type 3,11,unknown,0,0,0,0,0,,1,0,
2270122_3,2270122_3,bus,0,3,trip serves at least two distinct stops inside network extent,route ID suffix encodes source type 3,4,unknown,0,0,0,0,0,,1,0,
2270123_3,2270123_3,bus,0,3,trip serves at least two distinct stops inside network extent,route ID suffix encodes source type 3,5,unknown,0,0,0,0,0,,1,0,
2270124_3,2270124_3,bus,0,3,trip serves at least two distinct stops inside network extent,route ID suffix encodes source type 3,4,unknown,0,0,0,0,0,,1,0,
2270125_3,2270125_3,bus,0,3,trip serves at least two distinct stops inside network extent,route ID suffix encodes source type 3,26,unknown,0,0,0,0,0,,1,0,
2270126_3,2270126_3,bus,0,3,trip serves at least two distinct stops inside network extent,route ID suffix encodes source type 3,23,unknown,0,0,0,0,0,,1,0,
2270127_3,2270127_3,bus,0,3,trip serves at least two distinct stops inside network extent,route ID suffix encodes source type 3,8,unknown,0,0,0,0,0,,1,0,
2270128_3,2270128_3,bus,0,3,trip serves at least two distinct stops inside network extent,route ID suffix encodes source type 3,2,unknown,0,0,0,0,0,,1,0,
2270129_3,2270129_3,bus,0,3,trip serves at least two distinct stops inside network extent,route ID suffix encodes source type 3,1,unknown,0,0,0,0,0,,1,0,
2270130_3,2270130_3,bus,0,3,trip serves at least two distinct stops inside network extent,route ID suffix encodes source type 3,1,unknown,0,0,0,0,0,,1,0,
2270131_3,2270131_3,bus,0,3,trip serves at least two distinct stops inside network extent,route ID suffix encodes source type 3,9,unknown,0,0,0,0,0,,1,0,
2270132_3,2270132_3,bus,0,3,trip serves at least two distinct stops inside network extent,route ID suffix encodes source type 3,2,unknown,0,0,0,0,0,,1,0,
2270133_3,2270133_3,bus,0,3,trip serves at least two distinct stops inside network extent,route ID suffix encodes source type 3,1,unknown,0,0,0,0,0,,1,0,
2270139_3,2270139_3,bus,0,3,trip serves at least two distinct stops inside network extent,route ID suffix encodes source type 3,16,unknown,0,0,0,0,0,,1,0,
2270140_3,2270140_3,bus,0,3,trip serves at least two distinct stops inside network extent,route ID suffix encodes source type 3,6,unknown,0,0,0,0,0,,1,0,
2270141_3,2270141_3,bus,0,3,trip serves at least two distinct stops inside network extent,route ID suffix encodes source type 3,9,unknown,0,0,0,0,0,,1,0,
2270142_3,2270142_3,bus,0,3,trip serves at least two distinct stops inside network extent,route ID suffix encodes source type 3,24,unknown,0,0,0,0,0,,1,0,
2270143_3,2270143_3,bus,0,3,trip serves at least two distinct stops inside network extent,route ID suffix encodes source type 3,8,unknown,0,0,0,0,0,,1,0,
2270144_3,2270144_3,bus,0,3,trip serves at least two distinct stops inside network extent,route ID suffix encodes source type 3,10,unknown,0,0,0,0,0,,1,0,
2270145_3,2270145_3,bus,0,3,trip serves at least two distinct stops inside network extent,route ID suffix encodes source type 3,14,unknown,0,0,0,0,0,,1,0,
2270146_3,2270146_3,bus,0,3,trip serves at least two distinct stops inside network extent,route ID suffix encodes source type 3,22,unknown,0,0,0,0,0,,1,0,
2270147_3,2270147_3,bus,0,3,trip serves at least two distinct stops inside network extent,route ID suffix encodes source type 3,7,unknown,0,0,0,0,0,,1,0,
2270148_3,2270148_3,bus,0,3,trip serves at least two distinct stops inside network extent,route ID suffix encodes source type 3,10,unknown,0,0,0,0,0,,1,0,
2270151_3,2270151_3,bus,0,3,trip serves at least two distinct stops inside network extent,route ID suffix encodes source type 3,4,unknown,0,0,0,0,0,,1,0,
2270156_3,2270156_3,bus,0,3,trip serves at least two distinct stops inside network extent,route ID suffix encodes source type 3,7,unknown,0,0,0,0,0,,1,0,
2270202_3,2270202_3,bus,0,3,trip serves at least two distinct stops inside network extent,route ID suffix encodes source type 3,6,unknown,0,0,0,0,0,,1,0,
2270203_3,2270203_3,bus,0,3,trip serves at least two distinct stops inside network extent,route ID suffix encodes source type 3,9,unknown,0,0,0,0,0,,1,0,
2270204_3,2270204_3,bus,0,3,trip serves at least two distinct stops inside network extent,route ID suffix encodes source type 3,2,unknown,0,0,0,0,0,,1,0,
2270205_3,2270205_3,bus,0,3,trip serves at least two distinct stops inside network extent,route ID suffix encodes source type 3,3,unknown,0,0,0,0,0,,1,0,
2270207_3,2270207_3,bus,0,3,trip serves at least two distinct stops inside network extent,route ID suffix encodes source type 3,41,unknown,0,0,0,0,0,,1,0,
2270208_3,2270208_3,bus,0,3,trip serves at least two distinct stops inside network extent,route ID suffix encodes source type 3,11,unknown,0,0,0,0,0,,1,0,
2270209_3,2270209_3,bus,0,3,trip serves at least two distinct stops inside network extent,route ID suffix encodes source type 3,5,unknown,0,0,0,0,0,,1,0,
2270210_3,2270210_3,bus,0,3,trip serves at least two distinct stops inside network extent,route ID suffix encodes source type 3,10,unknown,0,0,0,0,0,,1,0,
2270215_3,2270215_3,bus,0,3,trip serves at least two distinct stops inside network extent,route ID suffix encodes source type 3,14,unknown,0,0,0,0,0,,1,0,
2270216_3,2270216_3,bus,0,3,trip serves at least two distinct stops inside network extent,route ID suffix encodes source type 3,4,unknown,0,0,0,0,0,,1,0,
2270217_3,2270217_3,bus,0,3,trip serves at least two distinct stops inside network extent,route ID suffix encodes source type 3,14,unknown,0,0,0,0,0,,1,0,
2270218_3,2270218_3,bus,0,3,trip serves at least two distinct stops inside network extent,route ID suffix encodes source type 3,17,unknown,0,0,0,0,0,,1,0,
2270219_3,2270219_3,bus,0,3,trip serves at least two distinct stops inside network extent,route ID suffix encodes source type 3,25,unknown,0,0,0,0,0,,1,0,
2270220_3,2270220_3,bus,0,3,trip serves at least two distinct stops inside network extent,route ID suffix encodes source type 3,16,unknown,0,0,0,0,0,,1,0,
2270221_3,2270221_3,bus,0,3,trip serves at least two distinct stops inside network extent,route ID suffix encodes source type 3,3,unknown,0,0,0,0,0,,1,0,
2270222_3,2270222_3,bus,0,3,trip serves at least two distinct stops inside network extent,route ID suffix encodes source type 3,13,unknown,0,0,0,0,0,,1,0,
2270223_3,2270223_3,bus,0,3,trip serves at least two distinct stops inside network extent,route ID suffix encodes source type 3,20,unknown,0,0,0,0,0,,1,0,
2270224_3,2270224_3,bus,0,3,trip serves at least two distinct stops inside network extent,route ID suffix encodes source type 3,13,unknown,0,0,0,0,0,,1,0,
2270225_3,2270225_3,bus,0,3,trip serves at least two distinct stops inside network extent,route ID suffix encodes source type 3,20,unknown,0,0,0,0,0,,1,0,
2270231_3,2270231_3,bus,0,3,trip serves at least two distinct stops inside network extent,route ID suffix encodes source type 3,12,unknown,0,0,0,0,0,,1,0,
2270240_3,2270240_3,bus,0,3,trip serves at least two distinct stops inside network extent,route ID suffix encodes source type 3,7,unknown,0,0,0,0,0,,1,0,
2270249_3,2270249_3,bus,0,3,trip serves at least two distinct stops inside network extent,route ID suffix encodes source type 3,3,unknown,0,0,0,0,0,,1,0,
2270250_3,2270250_3,bus,0,3,trip serves at least two distinct stops inside network extent,route ID suffix encodes source type 3,4,unknown,0,0,0,0,0,,1,0,
2270251_3,2270251_3,bus,0,3,trip serves at least two distinct stops inside network extent,route ID suffix encodes source type 3,9,unknown,0,0,0,0,0,,1,0,
2270264_3,2270264_3,bus,0,3,trip serves at least two distinct stops inside network extent,route ID suffix encodes source type 3,36,unknown,0,0,0,0,0,,1,0,
2270265_3,2270265_3,bus,0,3,trip serves at least two distinct stops inside network extent,route ID suffix encodes source type 3,6,unknown,0,0,0,0,0,,1,0,
2270269_3,2270269_3,bus,0,3,trip serves at least two distinct stops inside network extent,route ID suffix encodes source type 3,10,unknown,0,0,0,0,0,,1,0,
2270403_3,2270403_3,bus,0,3,trip serves at least two distinct stops inside network extent,route ID suffix encodes source type 3,6,unknown,0,0,0,0,0,,1,0,
2270497_3,2270497_3,bus,0,3,trip serves at least two distinct stops inside network extent,route ID suffix encodes source type 3,4,unknown,0,0,0,0,0,,1,0,
2270498_3,2270498_3,bus,0,3,trip serves at least two distinct stops inside network extent,route ID suffix encodes source type 3,7,unknown,0,0,0,0,0,,1,0,
2270505_3,2270505_3,bus,0,3,trip serves at least two distinct stops inside network extent,route ID suffix encodes source type 3,4,unknown,0,0,0,0,0,,1,0,
2270506_3,2270506_3,bus,0,3,trip serves at least two distinct stops inside network extent,route ID suffix encodes source type 3,10,unknown,0,0,0,0,0,,1,0,
2270507_3,2270507_3,bus,0,3,trip serves at least two distinct stops inside network extent,route ID suffix encodes source type 3,7,unknown,0,0,0,0,0,,1,0,
2270508_3,2270508_3,bus,0,3,trip serves at least two distinct stops inside network extent,route ID suffix encodes source type 3,5,unknown,0,0,0,0,0,,1,0,
2270729_3,2270729_3,bus,0,3,trip serves at least two distinct stops inside network extent,route ID suffix encodes source type 3,27,unknown,0,0,0,0,0,,1,0,
2270730_3,2270730_3,bus,0,3,trip serves at least two distinct stops inside network extent,route ID suffix encodes source type 3,28,unknown,0,0,0,0,0,,1,0,
2270731_3,2270731_3,bus,0,3,trip serves at least two distinct stops inside network extent,route ID suffix encodes source type 3,26,unknown,0,0,0,0,0,,1,0,
2270732_3,2270732_3,bus,0,3,trip serves at least two distinct stops inside network extent,route ID suffix encodes source type 3,30,unknown,0,0,0,0,0,,1,0,
2270733_3,2270733_3,bus,0,3,trip serves at least two distinct stops inside network extent,route ID suffix encodes source type 3,13,unknown,0,0,0,0,0,,1,0,
2270734_3,2270734_3,bus,0,3,trip serves at least two distinct stops inside network extent,route ID suffix encodes source type 3,14,unknown,0,0,0,0,0,,1,0,
2270737_3,2270737_3,bus,0,3,trip serves at least two distinct stops inside network extent,route ID suffix encodes source type 3,13,unknown,0,0,0,0,0,,1,0,
2270741_3,2270741_3,bus,0,3,trip serves at least two distinct stops inside network extent,route ID suffix encodes source type 3,4,unknown,0,0,0,0,0,,1,0,
2270742_3,2270742_3,bus,0,3,trip serves at least two distinct stops inside network extent,route ID suffix encodes source type 3,7,unknown,0,0,0,0,0,,1,0,
2270743_3,2270743_3,bus,0,3,trip serves at least two distinct stops inside network extent,route ID suffix encodes source type 3,4,unknown,0,0,0,0,0,,1,0,
2270747_3,2270747_3,bus,0,3,trip serves at least two distinct stops inside network extent,route ID suffix encodes source type 3,7,unknown,0,0,0,0,0,,1,0,
2270748_3,2270748_3,bus,0,3,trip serves at least two distinct stops inside network extent,route ID suffix encodes source type 3,3,unknown,0,0,0,0,0,,1,0,
2270749_3,2270749_3,bus,0,3,trip serves at least two distinct stops inside network extent,route ID suffix encodes source type 3,8,unknown,0,0,0,0,0,,1,0,
2270750_3,2270750_3,bus,0,3,trip serves at least two distinct stops inside network extent,route ID suffix encodes source type 3,9,unknown,0,0,0,0,0,,1,0,
2270751_3,2270751_3,bus,0,3,trip serves at least two distinct stops inside network extent,route ID suffix encodes source type 3,3,unknown,0,0,0,0,0,,1,0,
2270752_3,2270752_3,bus,0,3,trip serves at least two distinct stops inside network extent,route ID suffix encodes source type 3,6,unknown,0,0,0,0,0,,1,0,
2270753_3,2270753_3,bus,0,3,trip serves at least two distinct stops inside network extent,route ID suffix encodes source type 3,5,unknown,0,0,0,0,0,,1,0,
2270754_3,2270754_3,bus,0,3,trip serves at least two distinct stops inside network extent,route ID suffix encodes source type 3,13,unknown,0,0,0,0,0,,1,0,
2270755_3,2270755_3,bus,0,3,trip serves at least two distinct stops inside network extent,route ID suffix encodes source type 3,6,unknown,0,0,0,0,0,,1,0,
2270756_3,2270756_3,bus,0,3,trip serves at least two distinct stops inside network extent,route ID suffix encodes source type 3,10,unknown,0,0,0,0,0,,1,0,
2270757_3,2270757_3,bus,0,3,trip serves at least two distinct stops inside network extent,route ID suffix encodes source type 3,6,unknown,0,0,0,0,0,,1,0,
2270758_3,2270758_3,bus,0,3,trip serves at least two distinct stops inside network extent,route ID suffix encodes source type 3,14,unknown,0,0,0,0,0,,1,0,
2270759_3,2270759_3,bus,0,3,trip serves at least two distinct stops inside network extent,route ID suffix encodes source type 3,25,unknown,0,0,0,0,0,,1,0,
2270760_3,2270760_3,bus,0,3,trip serves at least two distinct stops inside network extent,route ID suffix encodes source type 3,11,unknown,0,0,0,0,0,,1,0,
2270761_3,2270761_3,bus,0,3,trip serves at least two distinct stops inside network extent,route ID suffix encodes source type 3,10,unknown,0,0,0,0,0,,1,0,
2270763_3,2270763_3,bus,0,3,trip serves at least two distinct stops inside network extent,route ID suffix encodes source type 3,6,unknown,0,0,0,0,0,,1,0,
2270764_3,2270764_3,bus,0,3,trip serves at least two distinct stops inside network extent,route ID suffix encodes source type 3,3,unknown,0,0,0,0,0,,1,0,
2270765_3,2270765_3,bus,0,3,trip serves at least two distinct stops inside network extent,route ID suffix encodes source type 3,1,unknown,0,0,0,0,0,,1,0,
2270767_3,2270767_3,bus,0,3,trip serves at least two distinct stops inside network extent,route ID suffix encodes source type 3,3,unknown,0,0,0,0,0,,1,0,
2270768_3,2270768_3,bus,0,3,trip serves at least two distinct stops inside network extent,route ID suffix encodes source type 3,5,unknown,0,0,0,0,0,,1,0,
2270769_3,2270769_3,bus,0,3,trip serves at least two distinct stops inside network extent,route ID suffix encodes source type 3,4,unknown,0,0,0,0,0,,1,0,
2270770_3,2270770_3,bus,0,3,trip serves at least two distinct stops inside network extent,route ID suffix encodes source type 3,4,unknown,0,0,0,0,0,,1,0,
2270771_3,2270771_3,bus,0,3,trip serves at least two distinct stops inside network extent,route ID suffix encodes source type 3,6,unknown,0,0,0,0,0,,1,0,
2270772_3,2270772_3,bus,0,3,trip serves at least two distinct stops inside network extent,route ID suffix encodes source type 3,3,unknown,0,0,0,0,0,,1,0,
2270773_3,2270773_3,bus,0,3,trip serves at least two distinct stops inside network extent,route ID suffix encodes source type 3,4,unknown,0,0,0,0,0,,1,0,
2270774_3,2270774_3,bus,0,3,trip serves at least two distinct stops inside network extent,route ID suffix encodes source type 3,5,unknown,0,0,0,0,0,,1,0,
2270816_3,2270816_3,bus,0,3,trip serves at least two distinct stops inside network extent,route ID suffix encodes source type 3,10,unknown,0,0,0,0,0,,1,0,
2270817_3,2270817_3,bus,0,3,trip serves at least two distinct stops inside network extent,route ID suffix encodes source type 3,12,unknown,0,0,0,0,0,,1,0,
2270818_3,2270818_3,bus,0,3,trip serves at least two distinct stops inside network extent,route ID suffix encodes source type 3,12,unknown,0,0,0,0,0,,1,0,
2270878_3,2270878_3,bus,0,3,trip serves at least two distinct stops inside network extent,route ID suffix encodes source type 3,19,unknown,0,0,0,0,0,,1,0,
2270879_3,2270879_3,bus,0,3,trip serves at least two distinct stops inside network extent,route ID suffix encodes source type 3,19,unknown,0,0,0,0,0,,1,0,
2270880_3,2270880_3,bus,0,3,trip serves at least two distinct stops inside network extent,route ID suffix encodes source type 3,11,unknown,0,0,0,0,0,,1,0,
2270881_3,2270881_3,bus,0,3,trip serves at least two distinct stops inside network extent,route ID suffix encodes source type 3,5,unknown,0,0,0,0,0,,1,0,
2270885_3,2270885_3,bus,0,3,trip serves at least two distinct stops inside network extent,route ID suffix encodes source type 3,18,unknown,0,0,0,0,0,,1,0,
2270886_3,2270886_3,bus,0,3,trip serves at least two distinct stops inside network extent,route ID suffix encodes source type 3,40,unknown,0,0,0,0,0,,1,0,
2270887_3,2270887_3,bus,0,3,trip serves at least two distinct stops inside network extent,route ID suffix encodes source type 3,5,unknown,0,0,0,0,0,,1,0,
2270888_3,2270888_3,bus,0,3,trip serves at least two distinct stops inside network extent,route ID suffix encodes source type 3,20,unknown,0,0,0,0,0,,1,0,
2270889_3,2270889_3,bus,0,3,trip serves at least two distinct stops inside network extent,route ID suffix encodes source type 3,5,unknown,0,0,0,0,0,,1,0,
2270892_3,2270892_3,bus,0,3,trip serves at least two distinct stops inside network extent,route ID suffix encodes source type 3,8,unknown,0,0,0,0,0,,1,0,
2270893_3,2270893_3,bus,0,3,trip serves at least two distinct stops inside network extent,route ID suffix encodes source type 3,15,unknown,0,0,0,0,0,,1,0,
2270894_3,2270894_3,bus,0,3,trip serves at least two distinct stops inside network extent,route ID suffix encodes source type 3,29,unknown,0,0,0,0,0,,1,0,
2270895_3,2270895_3,bus,0,3,trip serves at least two distinct stops inside network extent,route ID suffix encodes source type 3,4,unknown,0,0,0,0,0,,1,0,
2270896_3,2270896_3,bus,0,3,trip serves at least two distinct stops inside network extent,route ID suffix encodes source type 3,6,unknown,0,0,0,0,0,,1,0,
2270897_3,2270897_3,bus,0,3,trip serves at least two distinct stops inside network extent,route ID suffix encodes source type 3,4,unknown,0,0,0,0,0,,1,0,
2270898_3,2270898_3,bus,0,3,trip serves at least two distinct stops inside network extent,route ID suffix encodes source type 3,4,unknown,0,0,0,0,0,,1,0,
2270899_3,2270899_3,bus,0,3,trip serves at least two distinct stops inside network extent,route ID suffix encodes source type 3,2,unknown,0,0,0,0,0,,1,0,
2270900_3,2270900_3,bus,0,3,trip serves at least two distinct stops inside network extent,route ID suffix encodes source type 3,4,unknown,0,0,0,0,0,,1,0,
2270901_3,2270901_3,bus,0,3,trip serves at least two distinct stops inside network extent,route ID suffix encodes source type 3,11,unknown,0,0,0,0,0,,1,0,
2270902_3,2270902_3,bus,0,3,trip serves at least two distinct stops inside network extent,route ID suffix encodes source type 3,3,unknown,0,0,0,0,0,,1,0,
2270903_3,2270903_3,bus,0,3,trip serves at least two distinct stops inside network extent,route ID suffix encodes source type 3,13,unknown,0,0,0,0,0,,1,0,
2270904_3,2270904_3,bus,0,3,trip serves at least two distinct stops inside network extent,route ID suffix encodes source type 3,5,unknown,0,0,0,0,0,,1,0,
2270905_3,2270905_3,bus,0,3,trip serves at least two distinct stops inside network extent,route ID suffix encodes source type 3,2,unknown,0,0,0,0,0,,1,0,
2270906_3,2270906_3,bus,0,3,trip serves at least two distinct stops inside network extent,route ID suffix encodes source type 3,2,unknown,0,0,0,0,0,,1,0,
2270907_3,2270907_3,bus,0,3,trip serves at least two distinct stops inside network extent,route ID suffix encodes source type 3,7,unknown,0,0,0,0,0,,1,0,
2270909_3,2270909_3,bus,0,3,trip serves at least two distinct stops inside network extent,route ID suffix encodes source type 3,5,unknown,0,0,0,0,0,,1,0,
2270910_3,2270910_3,bus,0,3,trip serves at least two distinct stops inside network extent,route ID suffix encodes source type 3,5,unknown,0,0,0,0,0,,1,0,
2270911_3,2270911_3,bus,0,3,trip serves at least two distinct stops inside network extent,route ID suffix encodes source type 3,5,unknown,0,0,0,0,0,,1,0,
2270912_3,2270912_3,bus,0,3,trip serves at least two distinct stops inside network extent,route ID suffix encodes source type 3,6,unknown,0,0,0,0,0,,1,0,
2270913_3,2270913_3,bus,0,3,trip serves at least two distinct stops inside network extent,route ID suffix encodes source type 3,4,unknown,0,0,0,0,0,,1,0,
2270914_3,2270914_3,bus,0,3,trip serves at least two distinct stops inside network extent,route ID suffix encodes source type 3,2,unknown,0,0,0,0,0,,1,0,
2270915_3,2270915_3,bus,0,3,trip serves at least two distinct stops inside network extent,route ID suffix encodes source type 3,5,unknown,0,0,0,0,0,,1,0,
2270916_3,2270916_3,bus,0,3,trip serves at least two distinct stops inside network extent,route ID suffix encodes source type 3,7,unknown,0,0,0,0,0,,1,0,
2270932_3,2270932_3,bus,0,3,trip serves at least two distinct stops inside network extent,route ID suffix encodes source type 3,13,unknown,0,0,0,0,0,,1,0,
2270933_3,2270933_3,bus,0,3,trip serves at least two distinct stops inside network extent,route ID suffix encodes source type 3,4,unknown,0,0,0,0,0,,1,0,
2270935_3,2270935_3,bus,0,3,trip serves at least two distinct stops inside network extent,route ID suffix encodes source type 3,14,unknown,0,0,0,0,0,,1,0,
2270936_3,2270936_3,bus,0,3,trip serves at least two distinct stops inside network extent,route ID suffix encodes source type 3,7,unknown,0,0,0,0,0,,1,0,
2270937_3,2270937_3,bus,0,3,trip serves at least two distinct stops inside network extent,route ID suffix encodes source type 3,4,unknown,0,0,0,0,0,,1,0,
2270972_3,2270972_3,bus,0,3,trip serves at least two distinct stops inside network extent,route ID suffix encodes source type 3,3,unknown,0,0,0,0,0,,1,0,
2271008_3,2271008_3,bus,0,3,trip serves at least two distinct stops inside network extent,route ID suffix encodes source type 3,2,unknown,0,0,0,0,0,,1,0,
2271018_3,2271018_3,bus,0,3,trip serves at least two distinct stops inside network extent,route ID suffix encodes source type 3,19,unknown,0,0,0,0,0,,1,0,
2271022_3,2271022_3,bus,0,3,trip serves at least two distinct stops inside network extent,route ID suffix encodes source type 3,45,unknown,0,0,0,0,0,,1,0,
2271023_3,2271023_3,bus,0,3,trip serves at least two distinct stops inside network extent,route ID suffix encodes source type 3,8,unknown,0,0,0,0,0,,1,0,
2271026_3,2271026_3,bus,0,3,trip serves at least two distinct stops inside network extent,route ID suffix encodes source type 3,12,unknown,0,0,0,0,0,,1,0,
2271027_3,2271027_3,bus,0,3,trip serves at least two distinct stops inside network extent,route ID suffix encodes source type 3,20,unknown,0,0,0,0,0,,1,0,
2271028_3,2271028_3,bus,0,3,trip serves at least two distinct stops inside network extent,route ID suffix encodes source type 3,19,unknown,0,0,0,0,0,,1,0,
2271029_3,2271029_3,bus,0,3,trip serves at least two distinct stops inside network extent,route ID suffix encodes source type 3,19,unknown,0,0,0,0,0,,1,0,
2271033_3,2271033_3,bus,0,3,trip serves at least two distinct stops inside network extent,route ID suffix encodes source type 3,4,unknown,0,0,0,0,0,,1,0,
2271034_3,2271034_3,bus,0,3,trip serves at least two distinct stops inside network extent,route ID suffix encodes source type 3,22,unknown,0,0,0,0,0,,1,0,
2271035_3,2271035_3,bus,0,3,trip serves at least two distinct stops inside network extent,route ID suffix encodes source type 3,17,unknown,0,0,0,0,0,,1,0,
2271036_3,2271036_3,bus,0,3,trip serves at least two distinct stops inside network extent,route ID suffix encodes source type 3,13,unknown,0,0,0,0,0,,1,0,
2271037_3,2271037_3,bus,0,3,trip serves at least two distinct stops inside network extent,route ID suffix encodes source type 3,22,unknown,0,0,0,0,0,,1,0,
2271038_3,2271038_3,bus,0,3,trip serves at least two distinct stops inside network extent,route ID suffix encodes source type 3,4,unknown,0,0,0,0,0,,1,0,
2271041_3,2271041_3,bus,0,3,trip serves at least two distinct stops inside network extent,route ID suffix encodes source type 3,7,unknown,0,0,0,0,0,,1,0,
2271042_3,2271042_3,bus,0,3,trip serves at least two distinct stops inside network extent,route ID suffix encodes source type 3,15,unknown,0,0,0,0,0,,1,0,
2271144_3,2271144_3,bus,0,3,trip serves at least two distinct stops inside network extent,route ID suffix encodes source type 3,7,unknown,0,0,0,0,0,,1,0,
2271145_3,2271145_3,bus,0,3,trip serves at least two distinct stops inside network extent,route ID suffix encodes source type 3,5,unknown,0,0,0,0,0,,1,0,
2271148_3,2271148_3,bus,0,3,trip serves at least two distinct stops inside network extent,route ID suffix encodes source type 3,22,unknown,0,0,0,0,0,,1,0,
2271150_3,2271150_3,bus,0,3,trip serves at least two distinct stops inside network extent,route ID suffix encodes source type 3,17,unknown,0,0,0,0,0,,1,0,
2271151_3,2271151_3,bus,0,3,trip serves at least two distinct stops inside network extent,route ID suffix encodes source type 3,16,unknown,0,0,0,0,0,,1,0,
2271152_3,2271152_3,bus,0,3,trip serves at least two distinct stops inside network extent,route ID suffix encodes source type 3,9,unknown,0,0,0,0,0,,1,0,
2271153_3,2271153_3,bus,0,3,trip serves at least two distinct stops inside network extent,route ID suffix encodes source type 3,12,unknown,0,0,0,0,0,,1,0,
2271154_3,2271154_3,bus,0,3,trip serves at least two distinct stops inside network extent,route ID suffix encodes source type 3,4,unknown,0,0,0,0,0,,1,0,
2271155_3,2271155_3,bus,0,3,trip serves at least two distinct stops inside network extent,route ID suffix encodes source type 3,3,unknown,0,0,0,0,0,,1,0,
2271157_3,2271157_3,bus,0,3,trip serves at least two distinct stops inside network extent,route ID suffix encodes source type 3,3,unknown,0,0,0,0,0,,1,0,
2271165_3,2271165_3,bus,0,3,trip serves at least two distinct stops inside network extent,route ID suffix encodes source type 3,12,unknown,0,0,0,0,0,,1,0,
2271208_3,2271208_3,bus,0,3,trip serves at least two distinct stops inside network extent,route ID suffix encodes source type 3,6,unknown,0,0,0,0,0,,1,0,
2271323_3,2271323_3,bus,0,3,trip serves at least two distinct stops inside network extent,route ID suffix encodes source type 3,4,unknown,0,0,0,0,0,,1,0,
2271324_3,2271324_3,bus,0,3,trip serves at least two distinct stops inside network extent,route ID suffix encodes source type 3,3,unknown,0,0,0,0,0,,1,0,
2271995_1,2271995_1,subway,0,1,trip serves at least two distinct stops inside network extent,route ID suffix encodes source type 1,229,unknown,1,0,0,0,0,,0,0,
2271996_1,2271996_1,subway,0,1,trip serves at least two distinct stops inside network extent,route ID suffix encodes source type 1,386,unknown,1,0,0,0,0,,0,0,
2271997_1,2271997_1,subway,0,1,trip serves at least two distinct stops inside network extent,route ID suffix encodes source type 1,327,unknown,1,0,0,0,0,,0,0,
2271998_1,2271998_1,subway,0,1,trip serves at least two distinct stops inside network extent,route ID suffix encodes source type 1,235,unknown,1,0,0,0,0,,0,0,
2271999_1,2271999_1,subway,0,1,trip serves at least two distinct stops inside network extent,route ID suffix encodes source type 1,358,unknown,1,0,0,0,0,,0,0,
2272000_1,2272000_1,subway,0,1,trip serves at least two distinct stops inside network extent,route ID suffix encodes source type 1,418,unknown,1,0,0,0,0,,0,0,
2272001_1,2272001_1,subway,0,1,trip serves at least two distinct stops inside network extent,route ID suffix encodes source type 1,128,unknown,1,0,0,0,0,,0,0,
2272004_0,2272004_0,tram,0,0,trip serves at least two distinct stops inside network extent,route ID suffix encodes source type 0,221,32,1,0,0,0,0,,0,0,
2272005_0,2272005_0,tram,0,0,trip serves at least two distinct stops inside network extent,route ID suffix encodes source type 0,194,32,1,0,0,0,0,,0,0,
2272006_0,2272006_0,tram,0,0,trip serves at least two distinct stops inside network extent,route ID suffix encodes source type 0,218,32,1,0,0,0,0,,0,0,
2272007_0,2272007_0,tram,0,0,trip serves at least two distinct stops inside network extent,route ID suffix encodes source type 0,226,32,1,0,0,0,0,,0,0,
2272008_0,2272008_0,tram,0,0,trip serves at least two distinct stops inside network extent,route ID suffix encodes source type 0,229,32,1,0,0,0,0,,0,0,
2272009_0,2272009_0,tram,0,0,trip serves at least two distinct stops inside network extent,route ID suffix encodes source type 0,228,32,1,0,0,0,0,,0,0,
2272010_0,2272010_0,tram,0,0,trip serves at least two distinct stops inside network extent,route ID suffix encodes source type 0,222,32,1,0,0,0,0,,0,0,
2272011_0,2272011_0,tram,0,0,trip serves at least two distinct stops inside network extent,route ID suffix encodes source type 0,217,32,1,0,0,0,0,,0,0,
2272012_0,2272012_0,tram,0,0,trip serves at least two distinct stops inside network extent,route ID suffix encodes source type 0,288,32,1,0,0,0,0,,0,0,
2272013_0,2272013_0,tram,0,0,trip serves at least two distinct stops inside network extent,route ID suffix encodes source type 0,200,32,1,0,0,0,0,,0,0,
2272014_0,2272014_0,tram,0,0,trip serves at least two distinct stops inside network extent,route ID suffix encodes source type 0,220,32,1,0,0,0,0,,0,0,
2272015_0,2272015_0,tram,0,0,trip serves at least two distinct stops inside network extent,route ID suffix encodes source type 0,162,32,1,0,0,0,0,,0,0,
2272016_0,2272016_0,tram,0,0,trip serves at least two distinct stops inside network extent,route ID suffix encodes source type 0,172,32,1,0,0,0,0,,0,0,
2272017_0,2272017_0,tram,0,0,trip serves at least two distinct stops inside network extent,route ID suffix encodes source type 0,220,32,1,0,0,0,0,,0,0,
2272018_0,2272018_0,tram,0,0,trip serves at least two distinct stops inside network extent,route ID suffix encodes source type 0,249,32,1,0,0,0,0,,0,0,
2272025_0,2272025_0,tram,0,0,trip serves at least two distinct stops inside network extent,route ID suffix encodes source type 0,8,32,1,0,0,0,0,,0,0,
2272026_0,2272026_0,tram,0,0,trip serves at least two distinct stops inside network extent,route ID suffix encodes source type 0,8,32,1,0,0,0,0,,0,0,
2272028_0,2272028_0,tram,0,0,trip serves at least two distinct stops inside network extent,route ID suffix encodes source type 0,8,32,1,0,0,0,0,,0,0,
2272029_0,2272029_0,tram,0,0,trip serves at least two distinct stops inside network extent,route ID suffix encodes source type 0,8,32,1,0,0,0,0,,0,0,
2272030_3,2272030_3,bus,0,3,trip serves at least two distinct stops inside network extent,route ID suffix encodes source type 3,228,unknown,0,0,0,0,0,,1,0,
2272031_3,2272031_3,bus,0,3,trip serves at least two distinct stops inside network extent,route ID suffix encodes source type 3,229,unknown,0,0,0,0,0,,1,0,
2272032_3,2272032_3,bus,0,3,trip serves at least two distinct stops inside network extent,route ID suffix encodes source type 3,278,unknown,0,0,0,0,0,,1,0,
2272033_3,2272033_3,bus,0,3,trip serves at least two distinct stops inside network extent,route ID suffix encodes source type 3,229,unknown,0,0,0,0,0,,1,0,
2272034_3,2272034_3,bus,0,3,trip serves at least two distinct stops inside network extent,route ID suffix encodes source type 3,288,unknown,0,0,0,0,0,,1,0,
2272035_3,2272035_3,bus,0,3,trip serves at least two distinct stops inside network extent,route ID suffix encodes source type 3,309,unknown,0,0,0,0,0,,1,0,
2272036_3,2272036_3,bus,0,3,trip serves at least two distinct stops inside network extent,route ID suffix encodes source type 3,282,unknown,0,0,0,0,0,,1,0,
2272037_3,2272037_3,bus,0,3,trip serves at least two distinct stops inside network extent,route ID suffix encodes source type 3,331,unknown,0,0,0,0,0,,1,0,
2272038_3,2272038_3,bus,0,3,trip serves at least two distinct stops inside network extent,route ID suffix encodes source type 3,199,unknown,0,0,0,0,0,,1,0,
2272039_3,2272039_3,bus,0,3,trip serves at least two distinct stops inside network extent,route ID suffix encodes source type 3,224,unknown,0,0,0,0,0,,1,0,
2272040_3,2272040_3,bus,0,3,trip serves at least two distinct stops inside network extent,route ID suffix encodes source type 3,238,unknown,0,0,0,0,0,,1,0,
2272041_3,2272041_3,bus,0,3,trip serves at least two distinct stops inside network extent,route ID suffix encodes source type 3,299,unknown,0,0,0,0,0,,1,0,
2272042_3,2272042_3,bus,0,3,trip serves at least two distinct stops inside network extent,route ID suffix encodes source type 3,261,unknown,0,0,0,0,0,,1,0,
2272043_3,2272043_3,bus,0,3,trip serves at least two distinct stops inside network extent,route ID suffix encodes source type 3,199,unknown,0,0,0,0,0,,1,0,
2272051_3,2272051_3,bus,0,3,trip serves at least two distinct stops inside network extent,route ID suffix encodes source type 3,197,unknown,0,0,0,0,0,,1,0,
2272052_3,2272052_3,bus,0,3,trip serves at least two distinct stops inside network extent,route ID suffix encodes source type 3,202,unknown,0,0,0,0,0,,1,0,
2272053_3,2272053_3,bus,0,3,trip serves at least two distinct stops inside network extent,route ID suffix encodes source type 3,211,unknown,0,0,0,0,0,,1,0,
2272054_3,2272054_3,bus,0,3,trip serves at least two distinct stops inside network extent,route ID suffix encodes source type 3,123,unknown,0,0,0,0,0,,1,0,
2272055_3,2272055_3,bus,0,3,trip serves at least two distinct stops inside network extent,route ID suffix encodes source type 3,90,unknown,0,0,0,0,0,,1,0,
2272056_3,2272056_3,bus,0,3,trip serves at least two distinct stops inside network extent,route ID suffix encodes source type 3,93,unknown,0,0,0,0,0,,1,0,
2272057_3,2272057_3,bus,0,3,trip serves at least two distinct stops inside network extent,route ID suffix encodes source type 3,214,unknown,0,0,0,0,0,,1,0,
2272058_3,2272058_3,bus,0,3,trip serves at least two distinct stops inside network extent,route ID suffix encodes source type 3,125,unknown,0,0,0,0,0,,1,0,
2272059_3,2272059_3,bus,0,3,trip serves at least two distinct stops inside network extent,route ID suffix encodes source type 3,121,unknown,0,0,0,0,0,,1,0,
2272060_3,2272060_3,bus,0,3,trip serves at least two distinct stops inside network extent,route ID suffix encodes source type 3,211,unknown,0,0,0,0,0,,1,0,
2272061_3,2272061_3,bus,0,3,trip serves at least two distinct stops inside network extent,route ID suffix encodes source type 3,147,unknown,0,0,0,0,0,,1,0,
2272062_3,2272062_3,bus,0,3,trip serves at least two distinct stops inside network extent,route ID suffix encodes source type 3,90,unknown,0,0,0,0,0,,1,0,
2272063_3,2272063_3,bus,0,3,trip serves at least two distinct stops inside network extent,route ID suffix encodes source type 3,212,unknown,0,0,0,0,0,,1,0,
2272064_3,2272064_3,bus,0,3,trip serves at least two distinct stops inside network extent,route ID suffix encodes source type 3,57,unknown,0,0,0,0,0,,1,0,
2272065_3,2272065_3,bus,0,3,trip serves at least two distinct stops inside network extent,route ID suffix encodes source type 3,88,unknown,0,0,0,0,0,,1,0,
2272066_3,2272066_3,bus,0,3,trip serves at least two distinct stops inside network extent,route ID suffix encodes source type 3,181,unknown,0,0,0,0,0,,1,0,
2272067_3,2272067_3,bus,0,3,trip serves at least two distinct stops inside network extent,route ID suffix encodes source type 3,163,unknown,0,0,0,0,0,,1,0,
2272068_3,2272068_3,bus,0,3,trip serves at least two distinct stops inside network extent,route ID suffix encodes source type 3,247,unknown,0,0,0,0,0,,1,0,
2272069_3,2272069_3,bus,0,3,trip serves at least two distinct stops inside network extent,route ID suffix encodes source type 3,208,unknown,0,0,0,0,0,,1,0,
2272070_3,2272070_3,bus,0,3,trip serves at least two distinct stops inside network extent,route ID suffix encodes source type 3,207,unknown,0,0,0,0,0,,1,0,
2272071_3,2272071_3,bus,0,3,trip serves at least two distinct stops inside network extent,route ID suffix encodes source type 3,80,unknown,0,0,0,0,0,,1,0,
2272072_3,2272072_3,bus,0,3,trip serves at least two distinct stops inside network extent,route ID suffix encodes source type 3,60,unknown,0,0,0,0,0,,1,0,
2272073_3,2272073_3,bus,0,3,trip serves at least two distinct stops inside network extent,route ID suffix encodes source type 3,39,unknown,0,0,0,0,0,,1,0,
2272074_3,2272074_3,bus,0,3,trip serves at least two distinct stops inside network extent,route ID suffix encodes source type 3,224,unknown,0,0,0,0,0,,1,0,
2272075_3,2272075_3,bus,0,3,trip serves at least two distinct stops inside network extent,route ID suffix encodes source type 3,161,unknown,0,0,0,0,0,,1,0,
2272076_3,2272076_3,bus,0,3,trip serves at least two distinct stops inside network extent,route ID suffix encodes source type 3,208,unknown,0,0,0,0,0,,1,0,
2272077_3,2272077_3,bus,0,3,trip serves at least two distinct stops inside network extent,route ID suffix encodes source type 3,133,unknown,0,0,0,0,0,,1,0,
2272078_3,2272078_3,bus,0,3,trip serves at least two distinct stops inside network extent,route ID suffix encodes source type 3,152,unknown,0,0,0,0,0,,1,0,
2272079_3,2272079_3,bus,0,3,trip serves at least two distinct stops inside network extent,route ID suffix encodes source type 3,92,unknown,0,0,0,0,0,,1,0,
2272080_3,2272080_3,bus,0,3,trip serves at least two distinct stops inside network extent,route ID suffix encodes source type 3,174,unknown,0,0,0,0,0,,1,0,
2272081_3,2272081_3,bus,0,3,trip serves at least two distinct stops inside network extent,route ID suffix encodes source type 3,24,unknown,0,0,0,0,0,,1,0,
2272082_3,2272082_3,bus,0,3,trip serves at least two distinct stops inside network extent,route ID suffix encodes source type 3,247,unknown,0,0,0,0,0,,1,0,
2272083_3,2272083_3,bus,0,3,trip serves at least two distinct stops inside network extent,route ID suffix encodes source type 3,108,unknown,0,0,0,0,0,,1,0,
2272084_3,2272084_3,bus,0,3,trip serves at least two distinct stops inside network extent,route ID suffix encodes source type 3,91,unknown,0,0,0,0,0,,1,0,
2272085_3,2272085_3,bus,0,3,trip serves at least two distinct stops inside network extent,route ID suffix encodes source type 3,121,unknown,0,0,0,0,0,,1,0,
2272086_3,2272086_3,bus,0,3,trip serves at least two distinct stops inside network extent,route ID suffix encodes source type 3,157,unknown,0,0,0,0,0,,1,0,
2272087_3,2272087_3,bus,0,3,trip serves at least two distinct stops inside network extent,route ID suffix encodes source type 3,186,unknown,0,0,0,0,0,,1,0,
2272088_3,2272088_3,bus,0,3,trip serves at least two distinct stops inside network extent,route ID suffix encodes source type 3,159,unknown,0,0,0,0,0,,1,0,
2272089_3,2272089_3,bus,0,3,trip serves at least two distinct stops inside network extent,route ID suffix encodes source type 3,150,unknown,0,0,0,0,0,,1,0,
2272090_3,2272090_3,bus,0,3,trip serves at least two distinct stops inside network extent,route ID suffix encodes source type 3,100,unknown,0,0,0,0,0,,1,0,
2272091_3,2272091_3,bus,0,3,trip serves at least two distinct stops inside network extent,route ID suffix encodes source type 3,204,unknown,0,0,0,0,0,,1,0,
2272092_3,2272092_3,bus,0,3,trip serves at least two distinct stops inside network extent,route ID suffix encodes source type 3,120,unknown,0,0,0,0,0,,1,0,
2272093_3,2272093_3,bus,0,3,trip serves at least two distinct stops inside network extent,route ID suffix encodes source type 3,61,unknown,0,0,0,0,0,,1,0,
2272094_3,2272094_3,bus,0,3,trip serves at least two distinct stops inside network extent,route ID suffix encodes source type 3,255,unknown,0,0,0,0,0,,1,0,
2272095_3,2272095_3,bus,0,3,trip serves at least two distinct stops inside network extent,route ID suffix encodes source type 3,213,unknown,0,0,0,0,0,,1,0,
2272096_3,2272096_3,bus,0,3,trip serves at least two distinct stops inside network extent,route ID suffix encodes source type 3,122,unknown,0,0,0,0,0,,1,0,
2272097_3,2272097_3,bus,0,3,trip serves at least two distinct stops inside network extent,route ID suffix encodes source type 3,110,unknown,0,0,0,0,0,,1,0,
2272098_3,2272098_3,bus,0,3,trip serves at least two distinct stops inside network extent,route ID suffix encodes source type 3,185,unknown,0,0,0,0,0,,1,0,
2272099_3,2272099_3,bus,0,3,trip serves at least two distinct stops inside network extent,route ID suffix encodes source type 3,22,unknown,0,0,0,0,0,,1,0,
2272100_3,2272100_3,bus,0,3,trip serves at least two distinct stops inside network extent,route ID suffix encodes source type 3,118,unknown,0,0,0,0,0,,1,0,
2272101_3,2272101_3,bus,0,3,trip serves at least two distinct stops inside network extent,route ID suffix encodes source type 3,118,unknown,0,0,0,0,0,,1,0,
2272102_3,2272102_3,bus,0,3,trip serves at least two distinct stops inside network extent,route ID suffix encodes source type 3,89,unknown,0,0,0,0,0,,1,0,
2272103_3,2272103_3,bus,0,3,trip serves at least two distinct stops inside network extent,route ID suffix encodes source type 3,161,unknown,0,0,0,0,0,,1,0,
2272104_3,2272104_3,bus,0,3,trip serves at least two distinct stops inside network extent,route ID suffix encodes source type 3,87,unknown,0,0,0,0,0,,1,0,
2272105_3,2272105_3,bus,0,3,trip serves at least two distinct stops inside network extent,route ID suffix encodes source type 3,172,unknown,0,0,0,0,0,,1,0,
2272106_3,2272106_3,bus,0,3,trip serves at least two distinct stops inside network extent,route ID suffix encodes source type 3,206,unknown,0,0,0,0,0,,1,0,
2272107_3,2272107_3,bus,0,3,trip serves at least two distinct stops inside network extent,route ID suffix encodes source type 3,125,unknown,0,0,0,0,0,,1,0,
2272108_3,2272108_3,bus,0,3,trip serves at least two distinct stops inside network extent,route ID suffix encodes source type 3,124,unknown,0,0,0,0,0,,1,0,
2272109_3,2272109_3,bus,0,3,trip serves at least two distinct stops inside network extent,route ID suffix encodes source type 3,103,unknown,0,0,0,0,0,,1,0,
2272110_3,2272110_3,bus,0,3,trip serves at least two distinct stops inside network extent,route ID suffix encodes source type 3,209,unknown,0,0,0,0,0,,1,0,
2272111_3,2272111_3,bus,0,3,trip serves at least two distinct stops inside network extent,route ID suffix encodes source type 3,112,unknown,0,0,0,0,0,,1,0,
2272112_3,2272112_3,bus,0,3,trip serves at least two distinct stops inside network extent,route ID suffix encodes source type 3,92,unknown,0,0,0,0,0,,1,0,
2272121_3,2272121_3,bus,0,3,trip serves at least two distinct stops inside network extent,route ID suffix encodes source type 3,8,unknown,0,0,0,0,0,,1,0,
2272122_3,2272122_3,bus,0,3,trip serves at least two distinct stops inside network extent,route ID suffix encodes source type 3,8,unknown,0,0,0,0,0,,1,0,
2272124_3,2272124_3,bus,0,3,trip serves at least two distinct stops inside network extent,route ID suffix encodes source type 3,2,unknown,0,0,0,0,0,,1,0,
2272125_3,2272125_3,bus,0,3,trip serves at least two distinct stops inside network extent,route ID suffix encodes source type 3,8,unknown,0,0,0,0,0,,1,0,
2272126_3,2272126_3,bus,0,3,trip serves at least two distinct stops inside network extent,route ID suffix encodes source type 3,8,unknown,0,0,0,0,0,,1,0,
2272127_3,2272127_3,bus,0,3,trip serves at least two distinct stops inside network extent,route ID suffix encodes source type 3,4,unknown,0,0,0,0,0,,1,0,
2272128_3,2272128_3,bus,0,3,trip serves at least two distinct stops inside network extent,route ID suffix encodes source type 3,4,unknown,0,0,0,0,0,,1,0,
2272129_3,2272129_3,bus,0,3,trip serves at least two distinct stops inside network extent,route ID suffix encodes source type 3,12,unknown,0,0,0,0,0,,1,0,
2272131_3,2272131_3,bus,0,3,trip serves at least two distinct stops inside network extent,route ID suffix encodes source type 3,7,unknown,0,0,0,0,0,,1,0,
2272132_3,2272132_3,bus,0,3,trip serves at least two distinct stops inside network extent,route ID suffix encodes source type 3,8,unknown,0,0,0,0,0,,1,0,
2272138_3,2272138_3,bus,0,3,trip serves at least two distinct stops inside network extent,route ID suffix encodes source type 3,1,unknown,0,0,0,0,0,,1,0,
2272139_3,2272139_3,bus,0,3,trip serves at least two distinct stops inside network extent,route ID suffix encodes source type 3,1,unknown,0,0,0,0,0,,1,0,
2272140_3,2272140_3,bus,0,3,trip serves at least two distinct stops inside network extent,route ID suffix encodes source type 3,279,unknown,0,0,0,0,0,,1,0,
2272141_3,2272141_3,bus,0,3,trip serves at least two distinct stops inside network extent,route ID suffix encodes source type 3,176,unknown,0,0,0,0,0,,1,0,
2272142_3,2272142_3,bus,0,3,trip serves at least two distinct stops inside network extent,route ID suffix encodes source type 3,97,unknown,0,0,0,0,0,,1,0,
2272143_3,2272143_3,bus,0,3,trip serves at least two distinct stops inside network extent,route ID suffix encodes source type 3,98,unknown,0,0,0,0,0,,1,0,
2272145_3,2272145_3,bus,0,3,trip serves at least two distinct stops inside network extent,route ID suffix encodes source type 3,24,unknown,0,0,0,0,0,,1,0,
2272146_3,2272146_3,bus,0,3,trip serves at least two distinct stops inside network extent,route ID suffix encodes source type 3,222,unknown,0,0,0,0,0,,1,0,
2275231_3,2275231_3,bus,0,3,trip serves at least two distinct stops inside network extent,route ID suffix encodes source type 3,10,unknown,0,0,0,0,0,,1,0,
2275232_3,2275232_3,bus,0,3,trip serves at least two distinct stops inside network extent,route ID suffix encodes source type 3,4,unknown,0,0,0,0,0,,1,0,
2275233_3,2275233_3,bus,0,3,trip serves at least two distinct stops inside network extent,route ID suffix encodes source type 3,4,unknown,0,0,0,0,0,,1,0,
2275235_3,2275235_3,bus,0,3,trip serves at least two distinct stops inside network extent,route ID suffix encodes source type 3,3,unknown,0,0,0,0,0,,1,0,
2275236_3,2275236_3,bus,0,3,trip serves at least two distinct stops inside network extent,route ID suffix encodes source type 3,3,unknown,0,0,0,0,0,,1,0,
2275240_3,2275240_3,bus,0,3,trip serves at least two distinct stops inside network extent,route ID suffix encodes source type 3,18,unknown,0,0,0,0,0,,1,0,
2275257_3,2275257_3,bus,0,3,trip serves at least two distinct stops inside network extent,route ID suffix encodes source type 3,34,unknown,0,0,0,0,0,,1,0,
2275258_3,2275258_3,bus,0,3,trip serves at least two distinct stops inside network extent,route ID suffix encodes source type 3,2,unknown,0,0,0,0,0,,1,0,
2275260_3,2275260_3,bus,0,3,trip serves at least two distinct stops inside network extent,route ID suffix encodes source type 3,28,unknown,0,0,0,0,0,,1,0,
2275261_3,2275261_3,bus,0,3,trip serves at least two distinct stops inside network extent,route ID suffix encodes source type 3,8,unknown,0,0,0,0,0,,1,0,
2275262_3,2275262_3,bus,0,3,trip serves at least two distinct stops inside network extent,route ID suffix encodes source type 3,8,unknown,0,0,0,0,0,,1,0,
2275263_3,2275263_3,bus,0,3,trip serves at least two distinct stops inside network extent,route ID suffix encodes source type 3,9,unknown,0,0,0,0,0,,1,0,
2275264_3,2275264_3,bus,0,3,trip serves at least two distinct stops inside network extent,route ID suffix encodes source type 3,6,unknown,0,0,0,0,0,,1,0,
2275265_3,2275265_3,bus,0,3,trip serves at least two distinct stops inside network extent,route ID suffix encodes source type 3,27,unknown,0,0,0,0,0,,1,0,
2275266_3,2275266_3,bus,0,3,trip serves at least two distinct stops inside network extent,route ID suffix encodes source type 3,22,unknown,0,0,0,0,0,,1,0,
2275268_3,2275268_3,bus,0,3,trip serves at least two distinct stops inside network extent,route ID suffix encodes source type 3,25,unknown,0,0,0,0,0,,1,0,
2275269_3,2275269_3,bus,0,3,trip serves at least two distinct stops inside network extent,route ID suffix encodes source type 3,22,unknown,0,0,0,0,0,,1,0,
2275280_3,2275280_3,bus,0,3,trip serves at least two distinct stops inside network extent,route ID suffix encodes source type 3,16,unknown,0,0,0,0,0,,1,0,
2275281_3,2275281_3,bus,0,3,trip serves at least two distinct stops inside network extent,route ID suffix encodes source type 3,5,unknown,0,0,0,0,0,,1,0,
2275299_3,2275299_3,bus,0,3,trip serves at least two distinct stops inside network extent,route ID suffix encodes source type 3,4,unknown,0,0,0,0,0,,1,0,
2275300_3,2275300_3,bus,0,3,trip serves at least two distinct stops inside network extent,route ID suffix encodes source type 3,28,unknown,0,0,0,0,0,,1,0,
2275301_3,2275301_3,bus,0,3,trip serves at least two distinct stops inside network extent,route ID suffix encodes source type 3,6,unknown,0,0,0,0,0,,1,0,
2275302_3,2275302_3,bus,0,3,trip serves at least two distinct stops inside network extent,route ID suffix encodes source type 3,4,unknown,0,0,0,0,0,,1,0,
2275303_3,2275303_3,bus,0,3,trip serves at least two distinct stops inside network extent,route ID suffix encodes source type 3,5,unknown,0,0,0,0,0,,1,0,
2275304_3,2275304_3,bus,0,3,trip serves at least two distinct stops inside network extent,route ID suffix encodes source type 3,23,unknown,0,0,0,0,0,,1,0,
2275305_3,2275305_3,bus,0,3,trip serves at least two distinct stops inside network extent,route ID suffix encodes source type 3,20,unknown,0,0,0,0,0,,1,0,
2275328_3,2275328_3,bus,0,3,trip serves at least two distinct stops inside network extent,route ID suffix encodes source type 3,3,unknown,0,0,0,0,0,,1,0,
2275329_3,2275329_3,bus,0,3,trip serves at least two distinct stops inside network extent,route ID suffix encodes source type 3,12,unknown,0,0,0,0,0,,1,0,
2275330_3,2275330_3,bus,0,3,trip serves at least two distinct stops inside network extent,route ID suffix encodes source type 3,23,unknown,0,0,0,0,0,,1,0,
2275331_3,2275331_3,bus,0,3,trip serves at least two distinct stops inside network extent,route ID suffix encodes source type 3,14,unknown,0,0,0,0,0,,1,0,
2275332_3,2275332_3,bus,0,3,trip serves at least two distinct stops inside network extent,route ID suffix encodes source type 3,12,unknown,0,0,0,0,0,,1,0,
2275333_3,2275333_3,bus,0,3,trip serves at least two distinct stops inside network extent,route ID suffix encodes source type 3,31,unknown,0,0,0,0,0,,1,0,
2275334_3,2275334_3,bus,0,3,trip serves at least two distinct stops inside network extent,route ID suffix encodes source type 3,19,unknown,0,0,0,0,0,,1,0,
2275335_3,2275335_3,bus,0,3,trip serves at least two distinct stops inside network extent,route ID suffix encodes source type 3,11,unknown,0,0,0,0,0,,1,0,
2275343_3,2275343_3,bus,0,3,trip serves at least two distinct stops inside network extent,route ID suffix encodes source type 3,9,6,0,0,0,0,0,,1,0,
2275344_3,2275344_3,bus,0,3,trip serves at least two distinct stops inside network extent,route ID suffix encodes source type 3,5,6,0,0,0,0,0,,1,0,
2275345_3,2275345_3,bus,0,3,trip serves at least two distinct stops inside network extent,route ID suffix encodes source type 3,10,6,0,0,0,0,0,,1,0,
2275346_3,2275346_3,bus,0,3,trip serves at least two distinct stops inside network extent,route ID suffix encodes source type 3,4,6,0,0,0,0,0,,1,0,
2275347_3,2275347_3,bus,0,3,trip serves at least two distinct stops inside network extent,route ID suffix encodes source type 3,10,6,0,0,0,0,0,,1,0,
2275349_3,2275349_3,bus,0,3,trip serves at least two distinct stops inside network extent,route ID suffix encodes source type 3,12,6,0,0,0,0,0,,1,0,
2275359_3,2275359_3,bus,0,3,trip serves at least two distinct stops inside network extent,route ID suffix encodes source type 3,10,6,0,0,0,0,0,,1,0,
2275362_3,2275362_3,bus,0,3,trip serves at least two distinct stops inside network extent,route ID suffix encodes source type 3,17,6,0,0,0,0,0,,1,0,
2275363_3,2275363_3,bus,0,3,trip serves at least two distinct stops inside network extent,route ID suffix encodes source type 3,13,6,0,0,0,0,0,,1,0,
2275364_3,2275364_3,bus,0,3,trip serves at least two distinct stops inside network extent,route ID suffix encodes source type 3,20,6,0,0,0,0,0,,1,0,
2275368_3,2275368_3,bus,0,3,trip serves at least two distinct stops inside network extent,route ID suffix encodes source type 3,21,6,0,0,0,0,0,,1,0,
2275369_3,2275369_3,bus,0,3,trip serves at least two distinct stops inside network extent,route ID suffix encodes source type 3,24,6,0,0,0,0,0,,1,0,
2275371_3,2275371_3,bus,0,3,trip serves at least two distinct stops inside network extent,route ID suffix encodes source type 3,24,6,0,0,0,0,0,,1,0,
2275406_3,2275406_3,bus,0,3,trip serves at least two distinct stops inside network extent,route ID suffix encodes source type 3,3,unknown,0,0,0,0,0,,1,0,
2277632_3,2277632_3,bus,0,3,trip serves at least two distinct stops inside network extent,route ID suffix encodes source type 3,11,unknown,0,0,0,0,0,,1,0,
22_MUC_Tram neu Prognose,22_MUC_Tram neu Prognose,tram,0,0,trip serves at least two distinct stops inside network extent,forecast route name identifies Munich tram,71,1,1,0,0,0,0,,1,1,
232602_2,232602_2,rail,0,2,trip serves at least two distinct stops inside network extent,custom Analyselinie_Schiene flag,8,unknown,0,1,0,0,0,,1,0,
23_MUC_Tram neu Prognose,23_MUC_Tram neu Prognose,tram,0,0,trip serves at least two distinct stops inside network extent,forecast route name identifies Munich tram,388,1,1,0,0,0,0,,1,1,
24_MUC_Tram neu Prognose,24_MUC_Tram neu Prognose,tram,0,0,trip serves at least two distinct stops inside network extent,forecast route name identifies Munich tram,206,1,1,0,0,0,0,,1,1,
25_MUC_Tram neu Prognose,25_MUC_Tram neu Prognose,tram,0,0,trip serves at least two distinct stops inside network extent,forecast route name identifies Munich tram,257,1,1,0,0,0,0,,1,1,
27_MUC_Tram neu Prognose,27_MUC_Tram neu Prognose,tram,0,0,trip serves at least two distinct stops inside network extent,forecast route name identifies Munich tram,232,1,1,0,0,0,0,,1,1,
28_MUC_Tram neu Prognose,28_MUC_Tram neu Prognose,tram,0,0,trip serves at least two distinct stops inside network extent,forecast route name identifies Munich tram,194,1,1,0,0,0,0,,1,1,
3243953_4,3243953_4,ferry,0,4,trip serves at least two distinct stops inside network extent,custom Fährlinie_BY flag,11,1190,0,0,1,0,0,,1,0,
3243954_4,3243954_4,ferry,0,4,trip serves at least two distinct stops inside network extent,custom Fährlinie_BY flag,3,1190,0,0,1,0,0,,1,0,
3243956_4,3243956_4,ferry,0,4,trip serves at least two distinct stops inside network extent,custom Fährlinie_BY flag,31,1190,0,0,1,0,0,,1,0,
3243959_4,3243959_4,ferry,0,4,trip serves at least two distinct stops inside network extent,custom Fährlinie_BY flag,4,1189,0,0,1,0,0,,1,0,
3243960_4,3243960_4,ferry,0,4,trip serves at least two distinct stops inside network extent,custom Fährlinie_BY flag,17,1189,0,0,1,0,0,,1,0,
40 Bad Aibling-Kolbermoor-Rosenheim,40 Bad Aibling-Kolbermoor-Rosenheim,bus,0,3,trip serves at least two distinct stops inside network extent,"Bad Aibling regional/local route family, corroborated by stop names",42,unknown,0,0,0,0,0,,1,0,
41 Bad Aibling Moorexpress,41 Bad Aibling Moorexpress,bus,0,3,trip serves at least two distinct stops inside network extent,"Bad Aibling regional/local route family, corroborated by stop names",4,unknown,0,0,0,0,0,,1,0,
44 Großkarolinenfeld-Kolbermoor-Bad Aibling,44 Großkarolinenfeld-Kolbermoor-Bad Aibling,bus,0,3,trip serves at least two distinct stops inside network extent,"Bad Aibling regional/local route family, corroborated by stop names",7,unknown,0,0,0,0,0,,1,0,
45 Bad Aibling-Hohenthann-Grafing,45 Bad Aibling-Hohenthann-Grafing,bus,0,3,trip serves at least two distinct stops inside network extent,"Bad Aibling regional/local route family, corroborated by stop names",8,unknown,0,0,0,0,0,,1,0,
46 Bad Aibling-Ostermünchen-Rosenheim,46 Bad Aibling-Ostermünchen-Rosenheim,bus,0,3,trip serves at least two distinct stops inside network extent,"Bad Aibling regional/local route family, corroborated by stop names",8,unknown,0,0,0,0,0,,1,0,
514706_106,514706_106,rail,0,2,trip serves at least two distinct stops inside network extent,custom Analyselinie_Schiene flag,42,unknown,0,1,0,0,0,,0,0,
514707_106,514707_106,rail,0,2,trip serves at least two distinct stops inside network extent,custom Analyselinie_Schiene flag,2,unknown,0,1,0,0,0,,0,0,
BMW_110,BMW_110,bus,0,3,trip serves at least two distinct stops inside network extent,custom BMW-Werkslinie flag,2,unknown,0,0,0,1,0,,1,0,
BMW_161,BMW_161,bus,0,3,trip serves at least two distinct stops inside network extent,custom BMW-Werkslinie flag,4,unknown,0,0,0,1,0,,1,0,
BMW_410,BMW_410,bus,0,3,trip serves at least two distinct stops inside network extent,custom BMW-Werkslinie flag,2,unknown,0,0,0,1,0,,1,0,
BMW_411,BMW_411,bus,0,3,trip serves at least two distinct stops inside network extent,custom BMW-Werkslinie flag,4,unknown,0,0,0,1,0,,1,0,
BMW_413,BMW_413,bus,0,3,trip serves at least two distinct stops inside network extent,custom BMW-Werkslinie flag,4,unknown,0,0,0,1,0,,1,0,
BMW_420,BMW_420,bus,0,3,trip serves at least two distinct stops inside network extent,custom BMW-Werkslinie flag,2,unknown,0,0,0,1,0,,1,0,
BMW_421,BMW_421,bus,0,3,trip serves at least two distinct stops inside network extent,custom BMW-Werkslinie flag,4,unknown,0,0,0,1,0,,1,0,
BMW_435,BMW_435,bus,0,3,trip serves at least two distinct stops inside network extent,custom BMW-Werkslinie flag,2,unknown,0,0,0,1,0,,1,0,
BMW_436,BMW_436,bus,0,3,trip serves at least two distinct stops inside network extent,custom BMW-Werkslinie flag,4,unknown,0,0,0,1,0,,1,0,
BMW_600,BMW_600,bus,0,3,trip serves at least two distinct stops inside network extent,custom BMW-Werkslinie flag,2,unknown,0,0,0,1,0,,1,0,
BMW_601,BMW_601,bus,0,3,trip serves at least two distinct stops inside network extent,custom BMW-Werkslinie flag,4,unknown,0,0,0,1,0,,1,0,
BMW_610,BMW_610,bus,0,3,trip serves at least two distinct stops inside network extent,custom BMW-Werkslinie flag,2,unknown,0,0,0,1,0,,1,0,
BMW_616,BMW_616,bus,0,3,trip serves at least two distinct stops inside network extent,custom BMW-Werkslinie flag,4,unknown,0,0,0,1,0,,1,0,
BMW_621,BMW_621,bus,0,3,trip serves at least two distinct stops inside network extent,custom BMW-Werkslinie flag,4,unknown,0,0,0,1,0,,1,0,
BMW_640,BMW_640,bus,0,3,trip serves at least two distinct stops inside network extent,custom BMW-Werkslinie flag,2,unknown,0,0,0,1,0,,1,0,
BMW_645,BMW_645,bus,0,3,trip serves at least two distinct stops inside network extent,custom BMW-Werkslinie flag,2,unknown,0,0,0,1,0,,1,0,
BMW_646,BMW_646,bus,0,3,trip serves at least two distinct stops inside network extent,custom BMW-Werkslinie flag,4,unknown,0,0,0,1,0,,1,0,
BMW_650,BMW_650,bus,0,3,trip serves at least two distinct stops inside network extent,custom BMW-Werkslinie flag,2,unknown,0,0,0,1,0,,1,0,
BMW_651,BMW_651,bus,0,3,trip serves at least two distinct stops inside network extent,custom BMW-Werkslinie flag,4,unknown,0,0,0,1,0,,1,0,
BMW_656,BMW_656,bus,0,3,trip serves at least two distinct stops inside network extent,custom BMW-Werkslinie flag,4,unknown,0,0,0,1,0,,1,0,
BMW_710,BMW_710,bus,0,3,trip serves at least two distinct stops inside network extent,custom BMW-Werkslinie flag,2,unknown,0,0,0,1,0,,1,0,
BMW_711,BMW_711,bus,0,3,trip serves at least two distinct stops inside network extent,custom BMW-Werkslinie flag,4,unknown,0,0,0,1,0,,1,0,
BMW_720,BMW_720,bus,0,3,trip serves at least two distinct stops inside network extent,custom BMW-Werkslinie flag,2,unknown,0,0,0,1,0,,1,0,
BMW_721,BMW_721,bus,0,3,trip serves at least two distinct stops inside network extent,custom BMW-Werkslinie flag,4,unknown,0,0,0,1,0,,1,0,
BMW_951,BMW_951,bus,0,3,trip serves at least two distinct stops inside network extent,custom BMW-Werkslinie flag,4,unknown,0,0,0,1,0,,1,0,
BW Ex 2.a,BW Ex 2.a,rail,0,2,trip serves at least two distinct stops inside network extent,Deutschlandtakt flag or Deutschlandtakt line name,40,unknown,0,0,0,0,1,BW Ex 2.a,1,0,
E 11 BY,E 11 BY,rail,0,2,trip serves at least two distinct stops inside network extent,Deutschlandtakt flag or Deutschlandtakt line name,40,unknown,0,0,0,0,1,E 11 BY,1,0,
E 13.a BY,E 13.a BY,rail,0,2,trip serves at least two distinct stops inside network extent,Deutschlandtakt flag or Deutschlandtakt line name,18,unknown,0,0,0,0,1,E 13.a BY,1,0,
E 13.a/13.b BY,E 13.a/13.b BY,rail,0,2,trip serves at least two distinct stops inside network extent,Deutschlandtakt flag or Deutschlandtakt line name,20,unknown,0,0,0,0,1,E 13.a/13.b BY,1,0,
E 14.a1 BY,E 14.a1 BY,rail,0,2,trip serves at least two distinct stops inside network extent,Deutschlandtakt flag or Deutschlandtakt line name,40,unknown,0,0,0,0,1,E 14.a1 BY,1,0,
E 14.a2 BY,E 14.a2 BY,rail,0,2,trip serves at least two distinct stops inside network extent,Deutschlandtakt flag or Deutschlandtakt line name,40,unknown,0,0,0,0,1,E 14.a2 BY,1,0,
E 14.b1 BY,E 14.b1 BY,rail,0,2,trip serves at least two distinct stops inside network extent,Deutschlandtakt flag or Deutschlandtakt line name,41,unknown,0,0,0,0,1,E 14.b1 BY,1,0,
E 14.b2 BY,E 14.b2 BY,rail,0,2,trip serves at least two distinct stops inside network extent,Deutschlandtakt flag or Deutschlandtakt line name,41,unknown,0,0,0,0,1,E 14.b2 BY,1,0,
E 15 BY,E 15 BY,rail,0,2,trip serves at least two distinct stops inside network extent,Deutschlandtakt flag or Deutschlandtakt line name,40,unknown,0,0,0,0,1,E 15 BY,1,0,
E 18 BY und E 18.a BY,E 18 BY und E 18.a BY,rail,0,2,trip serves at least two distinct stops inside network extent,Deutschlandtakt flag or Deutschlandtakt line name,40,unknown,0,0,0,0,1,E 18 BY und E 18.a BY,1,0,
E 21 BY,E 21 BY,rail,0,2,trip serves at least two distinct stops inside network extent,Deutschlandtakt flag or Deutschlandtakt line name,40,unknown,0,0,0,0,1,E 21 BY,1,0,
E 22.a1 BY,E 22.a1 BY,rail,0,2,trip serves at least two distinct stops inside network extent,Deutschlandtakt flag or Deutschlandtakt line name,42,unknown,0,0,0,0,1,E 22.a1 BY,1,0,
E 22.a2/b2 BY,E 22.a2/b2 BY,rail,0,2,trip serves at least two distinct stops inside network extent,Deutschlandtakt flag or Deutschlandtakt line name,84,unknown,0,0,0,0,1,E 22.a2/b2 BY,1,0,
E 22.b1 BY,E 22.b1 BY,rail,0,2,trip serves at least two distinct stops inside network extent,Deutschlandtakt flag or Deutschlandtakt line name,42,unknown,0,0,0,0,1,E 22.b1 BY,1,0,
E 27 BY,E 27 BY,rail,0,2,trip serves at least two distinct stops inside network extent,Deutschlandtakt flag or Deutschlandtakt line name,18,unknown,0,0,0,0,1,E 27 BY,1,0,
E 27.1 BY,E 27.1 BY,rail,0,2,trip serves at least two distinct stops inside network extent,Deutschlandtakt flag or Deutschlandtakt line name,18,unknown,0,0,0,0,1,E 27.1 BY,1,0,
E 28.a BY,E 28.a BY,rail,0,2,trip serves at least two distinct stops inside network extent,Deutschlandtakt flag or Deutschlandtakt line name,40,unknown,0,0,0,0,1,E 28.a BY,1,0,
E 28.b BY,E 28.b BY,rail,0,2,trip serves at least two distinct stops inside network extent,Deutschlandtakt flag or Deutschlandtakt line name,80,unknown,0,0,0,0,1,E 28.b BY,1,0,
E 29 BY,E 29 BY,rail,0,2,trip serves at least two distinct stops inside network extent,Deutschlandtakt flag or Deutschlandtakt line name,19,unknown,0,0,0,0,1,E 29 BY,1,0,
E 29.1 BY,E 29.1 BY,rail,0,2,trip serves at least two distinct stops inside network extent,Deutschlandtakt flag or Deutschlandtakt line name,19,unknown,0,0,0,0,1,E 29.1 BY,1,0,
E 30 BY,E 30 BY,rail,0,2,trip serves at least two distinct stops inside network extent,Deutschlandtakt flag or Deutschlandtakt line name,20,unknown,0,0,0,0,1,E 30 BY,1,0,
E 31 BY,E 31 BY,rail,0,2,trip serves at least two distinct stops inside network extent,Deutschlandtakt flag or Deutschlandtakt line name,20,unknown,0,0,0,0,1,E 31 BY,1,0,
E 40 BY,E 40 BY,rail,0,2,trip serves at least two distinct stops inside network extent,Deutschlandtakt flag or Deutschlandtakt line name,40,unknown,0,0,0,0,1,E 40 BY,1,0,
E 41 BY,E 41 BY,rail,0,2,trip serves at least two distinct stops inside network extent,Deutschlandtakt flag or Deutschlandtakt line name,38,unknown,0,0,0,0,1,E 41 BY,1,0,
E 42 BY,E 42 BY,rail,0,2,trip serves at least two distinct stops inside network extent,Deutschlandtakt flag or Deutschlandtakt line name,42,unknown,0,0,0,0,1,E 42 BY,1,0,
E 43 BY,E 43 BY,rail,0,2,trip serves at least two distinct stops inside network extent,Deutschlandtakt flag or Deutschlandtakt line name,40,unknown,0,0,0,0,1,E 43 BY,1,0,
E 52 BY,E 52 BY,rail,0,2,trip serves at least two distinct stops inside network extent,Deutschlandtakt flag or Deutschlandtakt line name,38,unknown,0,0,0,0,1,E 52 BY,1,0,
E 56 BY,E 56 BY,rail,0,2,trip serves at least two distinct stops inside network extent,Deutschlandtakt flag or Deutschlandtakt line name,21,unknown,0,0,0,0,1,E 56 BY,1,0,
E 57 BY,E 57 BY,rail,0,2,trip serves at least two distinct stops inside network extent,Deutschlandtakt flag or Deutschlandtakt line name,40,unknown,0,0,0,0,1,E 57 BY,1,0,
EC83/85/87,EC83/85/87,rail,0,2,trip serves at least two distinct stops inside network extent,custom Analyselinie_Schiene flag,9,unknown,0,1,0,0,0,,0,0,
FR 4/FR 5.a,FR 4/FR 5.a,rail,0,2,trip serves at least two distinct stops inside network extent,Deutschlandtakt flag or Deutschlandtakt line name,48,1198,0,0,0,0,1,FR 4/FR 5.a,1,0,
FR 90,FR 90,rail,0,2,trip serves at least two distinct stops inside network extent,Deutschlandtakt flag or Deutschlandtakt line name,14,unknown,0,0,0,0,1,FR 90,1,0,
FV 16,FV 16,rail,0,2,trip serves at least two distinct stops inside network extent,Deutschlandtakt flag or Deutschlandtakt line name,30,unknown,0,0,0,0,1,FV 16,1,0,
FV 17.b,FV 17.b,rail,0,2,trip serves at least two distinct stops inside network extent,Deutschlandtakt flag or Deutschlandtakt line name,16,unknown,0,0,0,0,1,FV 17.b,1,0,
FV 22.a,FV 22.a,rail,0,2,trip serves at least two distinct stops inside network extent,Deutschlandtakt flag or Deutschlandtakt line name,17,unknown,0,0,0,0,1,FV 22.a,1,0,
FV 24,FV 24,rail,0,2,trip serves at least two distinct stops inside network extent,Deutschlandtakt flag or Deutschlandtakt line name,19,1198,0,0,0,0,1,FV 24,1,0,
FV 25.a/25.b BY,FV 25.a/25.b BY,rail,0,2,trip serves at least two distinct stops inside network extent,Deutschlandtakt flag or Deutschlandtakt line name,16,unknown,0,0,0,0,1,FV 25.a/25.b BY,1,0,
FV 26,FV 26,rail,0,2,trip serves at least two distinct stops inside network extent,Deutschlandtakt flag or Deutschlandtakt line name,18,1198,0,0,0,0,1,FV 26,1,0,
FV 27,FV 27,rail,0,2,trip serves at least two distinct stops inside network extent,Deutschlandtakt flag or Deutschlandtakt line name,32,unknown,0,0,0,0,1,FV 27,1,0,
FV 4.a,FV 4.a,rail,0,2,trip serves at least two distinct stops inside network extent,Deutschlandtakt flag or Deutschlandtakt line name,19,unknown,0,0,0,0,1,FV 4.a,1,0,
FV 4.b,FV 4.b,rail,0,2,trip serves at least two distinct stops inside network extent,Deutschlandtakt flag or Deutschlandtakt line name,18,unknown,0,0,0,0,1,FV 4.b,1,0,
FV 40,FV 40,rail,0,2,trip serves at least two distinct stops inside network extent,Deutschlandtakt flag or Deutschlandtakt line name,16,unknown,0,0,0,0,1,FV 40,1,0,
FV 41,FV 41,rail,0,2,trip serves at least two distinct stops inside network extent,Deutschlandtakt flag or Deutschlandtakt line name,16,unknown,0,0,0,0,1,FV 41,1,0,
FV 5,FV 5,rail,0,2,trip serves at least two distinct stops inside network extent,Deutschlandtakt flag or Deutschlandtakt line name,32,unknown,0,0,0,0,1,FV 5,1,0,
FV 8,FV 8,rail,0,2,trip serves at least two distinct stops inside network extent,Deutschlandtakt flag or Deutschlandtakt line name,32,unknown,0,0,0,0,1,FV 8,1,0,
FV 91,FV 91,rail,0,2,trip serves at least two distinct stops inside network extent,Deutschlandtakt flag or Deutschlandtakt line name,16,unknown,0,0,0,0,1,FV 91,1,0,
FV 93,FV 93,rail,0,2,trip serves at least two distinct stops inside network extent,Deutschlandtakt flag or Deutschlandtakt line name,18,unknown,0,0,0,0,1,FV 93,1,0,
L14,L14,bus,0,3,trip serves at least two distinct stops inside network extent,"L-prefixed Bavarian regional bus family, corroborated by stop names",12,unknown,0,0,0,0,0,,1,0,
L15,L15,bus,0,3,trip serves at least two distinct stops inside network extent,"L-prefixed Bavarian regional bus family, corroborated by stop names",12,unknown,0,0,0,0,0,,1,0,
L15b,L15b,bus,0,3,trip serves at least two distinct stops inside network extent,"L-prefixed Bavarian regional bus family, corroborated by stop names",4,unknown,0,0,0,0,0,,1,0,
L16,L16,bus,0,3,trip serves at least two distinct stops inside network extent,"L-prefixed Bavarian regional bus family, corroborated by stop names",8,unknown,0,0,0,0,0,,1,0,
L16a,L16a,bus,0,3,trip serves at least two distinct stops inside network extent,"L-prefixed Bavarian regional bus family, corroborated by stop names",7,unknown,0,0,0,0,0,,1,0,
L18,L18,bus,0,3,trip serves at least two distinct stops inside network extent,"L-prefixed Bavarian regional bus family, corroborated by stop names",7,unknown,0,0,0,0,0,,1,0,
L19,L19,bus,0,3,trip serves at least two distinct stops inside network extent,"L-prefixed Bavarian regional bus family, corroborated by stop names",11,unknown,0,0,0,0,0,,1,0,
L20,L20,bus,0,3,trip serves at least two distinct stops inside network extent,"L-prefixed Bavarian regional bus family, corroborated by stop names",7,unknown,0,0,0,0,0,,1,0,
L25,L25,bus,0,3,trip serves at least two distinct stops inside network extent,"L-prefixed Bavarian regional bus family, corroborated by stop names",4,unknown,0,0,0,0,0,,1,0,
L26,L26,bus,0,3,trip serves at least two distinct stops inside network extent,"L-prefixed Bavarian regional bus family, corroborated by stop names",4,unknown,0,0,0,0,0,,1,0,
L27,L27,bus,0,3,trip serves at least two distinct stops inside network extent,"L-prefixed Bavarian regional bus family, corroborated by stop names",8,unknown,0,0,0,0,0,,1,0,
L29/30,L29/30,bus,0,3,trip serves at least two distinct stops inside network extent,"L-prefixed Bavarian regional bus family, corroborated by stop names",9,unknown,0,0,0,0,0,,1,0,
L32,L32,bus,0,3,trip serves at least two distinct stops inside network extent,"L-prefixed Bavarian regional bus family, corroborated by stop names",8,unknown,0,0,0,0,0,,1,0,
L39,L39,bus,0,3,trip serves at least two distinct stops inside network extent,"L-prefixed Bavarian regional bus family, corroborated by stop names",4,unknown,0,0,0,0,0,,1,0,
L42,L42,bus,0,3,trip serves at least two distinct stops inside network extent,"L-prefixed Bavarian regional bus family, corroborated by stop names",4,unknown,0,0,0,0,0,,1,0,
L47,L47,bus,0,3,trip serves at least two distinct stops inside network extent,"L-prefixed Bavarian regional bus family, corroborated by stop names",2,unknown,0,0,0,0,0,,1,0,
L48,L48,bus,0,3,trip serves at least two distinct stops inside network extent,"L-prefixed Bavarian regional bus family, corroborated by stop names",2,unknown,0,0,0,0,0,,1,0,
L51,L51,bus,0,3,trip serves at least two distinct stops inside network extent,"L-prefixed Bavarian regional bus family, corroborated by stop names",2,unknown,0,0,0,0,0,,1,0,
Linie 5_Augsburg_neu Prognose,Linie 5_Augsburg_neu Prognose,tram,0,0,trip serves at least two distinct stops inside network extent,forecast route name and sampled stop names identify Augsburg tram,283,unknown,0,0,0,0,0,,1,1,
MUC_U1_neu Prognose,MUC_U1_neu Prognose,subway,0,1,trip serves at least two distinct stops inside network extent,forecast route name identifies Munich U-Bahn,421,unknown,1,0,0,0,0,,1,1,
MUC_U2_neu Prognose,MUC_U2_neu Prognose,subway,0,1,trip serves at least two distinct stops inside network extent,forecast route name identifies Munich U-Bahn,418,unknown,1,0,0,0,0,,1,1,
MUC_U3_neu Prognose,MUC_U3_neu Prognose,subway,0,1,trip serves at least two distinct stops inside network extent,forecast route name identifies Munich U-Bahn,438,unknown,1,0,0,0,0,,1,1,
MUC_U4_neu Prognose,MUC_U4_neu Prognose,subway,0,1,trip serves at least two distinct stops inside network extent,forecast route name identifies Munich U-Bahn,398,1,1,0,0,0,0,,1,1,
MUC_U5_neu Prognose,MUC_U5_neu Prognose,subway,0,1,trip serves at least two distinct stops inside network extent,forecast route name identifies Munich U-Bahn,474,1,1,0,0,0,0,,1,1,
MUC_U6_neu Prognose,MUC_U6_neu Prognose,subway,0,1,trip serves at least two distinct stops inside network extent,forecast route name identifies Munich U-Bahn,547,1,1,0,0,0,0,,1,1,
München-Budapest,München-Budapest,rail,0,2,trip serves at least two distinct stops inside network extent,custom Analyselinie_Schiene flag,1,unknown,0,1,0,0,0,,0,0,
N 17 BY,N 17 BY,rail,0,2,trip serves at least two distinct stops inside network extent,Deutschlandtakt flag or Deutschlandtakt line name,40,unknown,0,0,0,0,1,N 17 BY,1,0,
N 181 BY,N 181 BY,rail,0,2,trip serves at least two distinct stops inside network extent,Deutschlandtakt flag or Deutschlandtakt line name,38,unknown,0,0,0,0,1,N 181 BY,1,0,
N 28.a BY,N 28.a BY,rail,0,2,trip serves at least two distinct stops inside network extent,Deutschlandtakt flag or Deutschlandtakt line name,39,unknown,0,0,0,0,1,N 28.a BY,1,0,
N 28.b BY,N 28.b BY,rail,0,2,trip serves at least two distinct stops inside network extent,Deutschlandtakt flag or Deutschlandtakt line name,18,unknown,0,0,0,0,1,N 28.b BY,1,0,
N 29 BY,N 29 BY,rail,0,2,trip serves at least two distinct stops inside network extent,Deutschlandtakt flag or Deutschlandtakt line name,38,unknown,0,0,0,0,1,N 29 BY,1,0,
N 30 BY,N 30 BY,rail,0,2,trip serves at least two distinct stops inside network extent,Deutschlandtakt flag or Deutschlandtakt line name,38,unknown,0,0,0,0,1,N 30 BY,1,0,
N 34 BY,N 34 BY,rail,0,2,trip serves at least two distinct stops inside network extent,Deutschlandtakt flag or Deutschlandtakt line name,38,unknown,0,0,0,0,1,N 34 BY,1,0,
N 40 BY,N 40 BY,rail,0,2,trip serves at least two distinct stops inside network extent,Deutschlandtakt flag or Deutschlandtakt line name,40,unknown,0,0,0,0,1,N 40 BY,1,0,
N 41 BY,N 41 BY,rail,0,2,trip serves at least two distinct stops inside network extent,Deutschlandtakt flag or Deutschlandtakt line name,38,unknown,0,0,0,0,1,N 41 BY,1,0,
N 42 BY,N 42 BY,rail,0,2,trip serves at least two distinct stops inside network extent,Deutschlandtakt flag or Deutschlandtakt line name,38,unknown,0,0,0,0,1,N 42 BY,1,0,
N 46 BY,N 46 BY,rail,0,2,trip serves at least two distinct stops inside network extent,Deutschlandtakt flag or Deutschlandtakt line name,38,unknown,0,0,0,0,1,N 46 BY,1,0,
N 56 BY,N 56 BY,rail,0,2,trip serves at least two distinct stops inside network extent,Deutschlandtakt flag or Deutschlandtakt line name,36,unknown,0,0,0,0,1,N 56 BY,1,0,
N 57 BY,N 57 BY,rail,0,2,trip serves at least two distinct stops inside network extent,Deutschlandtakt flag or Deutschlandtakt line name,38,unknown,0,0,0,0,1,N 57 BY,1,0,
N 58 BY,N 58 BY,rail,0,2,trip serves at least two distinct stops inside network extent,Deutschlandtakt flag or Deutschlandtakt line name,38,unknown,0,0,0,0,1,N 58 BY,1,0,
N 59 BY,N 59 BY,rail,0,2,trip serves at least two distinct stops inside network extent,Deutschlandtakt flag or Deutschlandtakt line name,38,unknown,0,0,0,0,1,N 59 BY,1,0,
N 64.a BY und N 64.b BY,N 64.a BY und N 64.b BY,rail,0,2,trip serves at least two distinct stops inside network extent,Deutschlandtakt flag or Deutschlandtakt line name,38,unknown,0,0,0,0,1,N 64.a BY und N 64.b BY,1,0,
N 66.a/66.b BY,N 66.a/66.b BY,rail,0,2,trip serves at least two distinct stops inside network extent,Deutschlandtakt flag or Deutschlandtakt line name,190,unknown,0,0,0,0,1,N 66.a/66.b BY,1,0,
N 67.a BY,N 67.a BY,rail,0,2,trip serves at least two distinct stops inside network extent,Deutschlandtakt flag or Deutschlandtakt line name,36,unknown,0,0,0,0,1,N 67.a BY,1,0,
N 67.b BY,N 67.b BY,rail,0,2,trip serves at least two distinct stops inside network extent,Deutschlandtakt flag or Deutschlandtakt line name,36,unknown,0,0,0,0,1,N 67.b BY,1,0,
N 67.c B,N 67.c B,rail,0,2,trip serves at least two distinct stops inside network extent,Deutschlandtakt flag or Deutschlandtakt line name,19,unknown,0,0,0,0,1,N 67.c B,1,0,
N 69.a1,N 69.a1,rail,0,2,trip serves at least two distinct stops inside network extent,Deutschlandtakt flag or Deutschlandtakt line name,37,unknown,0,0,0,0,1,N 69.a1,1,0,
N 69.a2,N 69.a2,rail,0,2,trip serves at least two distinct stops inside network extent,Deutschlandtakt flag or Deutschlandtakt line name,38,unknown,0,0,0,0,1,N 69.a2,1,0,
N 69.b BY,N 69.b BY,rail,0,2,trip serves at least two distinct stops inside network extent,Deutschlandtakt flag or Deutschlandtakt line name,21,unknown,0,0,0,0,1,N 69.b BY,1,0,
N 70.a BY,N 70.a BY,rail,0,2,trip serves at least two distinct stops inside network extent,Deutschlandtakt flag or Deutschlandtakt line name,20,unknown,0,0,0,0,1,N 70.a BY,1,0,
N 70.b BY,N 70.b BY,rail,0,2,trip serves at least two distinct stops inside network extent,Deutschlandtakt flag or Deutschlandtakt line name,40,unknown,0,0,0,0,1,N 70.b BY,1,0,
N 71 BY,N 71 BY,rail,0,2,trip serves at least two distinct stops inside network extent,Deutschlandtakt flag or Deutschlandtakt line name,80,unknown,0,0,0,0,1,N 71 BY,1,0,
N 72 BY,N 72 BY,rail,0,2,trip serves at least two distinct stops inside network extent,Deutschlandtakt flag or Deutschlandtakt line name,38,unknown,0,0,0,0,1,N 72 BY,1,0,
N 74.a BY,N 74.a BY,rail,0,2,trip serves at least two distinct stops inside network extent,Deutschlandtakt flag or Deutschlandtakt line name,38,unknown,0,0,0,0,1,N 74.a BY,1,0,
N 74.b BY,N 74.b BY,rail,0,2,trip serves at least two distinct stops inside network extent,Deutschlandtakt flag or Deutschlandtakt line name,16,unknown,0,0,0,0,1,N 74.b BY,1,0,
N 76 BY,N 76 BY,rail,0,2,trip serves at least two distinct stops inside network extent,Deutschlandtakt flag or Deutschlandtakt line name,20,unknown,0,0,0,0,1,N 76 BY,1,0,
N 77.1 BY,N 77.1 BY,rail,0,2,trip serves at least two distinct stops inside network extent,Deutschlandtakt flag or Deutschlandtakt line name,20,unknown,0,0,0,0,1,N 77.1 BY,1,0,
N 77.2 BY,N 77.2 BY,rail,0,2,trip serves at least two distinct stops inside network extent,Deutschlandtakt flag or Deutschlandtakt line name,20,unknown,0,0,0,0,1,N 77.2 BY,1,0,
N 78 BY,N 78 BY,rail,0,2,trip serves at least two distinct stops inside network extent,Deutschlandtakt flag or Deutschlandtakt line name,40,unknown,0,0,0,0,1,N 78 BY,1,0,
N 79 BY,N 79 BY,rail,0,2,trip serves at least two distinct stops inside network extent,Deutschlandtakt flag or Deutschlandtakt line name,40,unknown,0,0,0,0,1,N 79 BY,1,0,
N 80 BY,N 80 BY,rail,0,2,trip serves at least two distinct stops inside network extent,Deutschlandtakt flag or Deutschlandtakt line name,80,unknown,0,0,0,0,1,N 80 BY,1,0,
N 81 BY,N 81 BY,rail,0,2,trip serves at least two distinct stops inside network extent,Deutschlandtakt flag or Deutschlandtakt line name,40,unknown,0,0,0,0,1,N 81 BY,1,0,
N 81.a BY,N 81.a BY,rail,0,2,trip serves at least two distinct stops inside network extent,Deutschlandtakt flag or Deutschlandtakt line name,38,unknown,0,0,0,0,1,N 81.a BY,1,0,
N 82.a BY,N 82.a BY,rail,0,2,trip serves at least two distinct stops inside network extent,Deutschlandtakt flag or Deutschlandtakt line name,20,unknown,0,0,0,0,1,N 82.a BY,1,0,
N 82.b BY,N 82.b BY,rail,0,2,trip serves at least two distinct stops inside network extent,Deutschlandtakt flag or Deutschlandtakt line name,20,unknown,0,0,0,0,1,N 82.b BY,1,0,
N 84 BY,N 84 BY,rail,0,2,trip serves at least two distinct stops inside network extent,Deutschlandtakt flag or Deutschlandtakt line name,22,unknown,0,0,0,0,1,N 84 BY,1,0,
N 92 BY,N 92 BY,rail,0,2,trip serves at least two distinct stops inside network extent,Deutschlandtakt flag or Deutschlandtakt line name,40,unknown,0,0,0,0,1,N 92 BY,1,0,
RB46_Passau-Mühldorf,RB46_Passau-Mühldorf,rail,0,2,trip serves at least two distinct stops inside network extent,custom Analyselinie_Schiene flag,36,unknown,0,1,0,0,0,,0,0,
S18X_Prognose_Herrsching-Leuchtenbergring,S18X_Prognose_Herrsching-Leuchtenbergring,rail,0,2,trip serves at least two distinct stops inside network extent,S-Bahn custom name or forecast route name,80,71,1,0,0,0,0,,1,0,S18X
S1_Prognose_Ebersberg/Leuchtenbergring-Schwaigerlohe/Freising,S1_Prognose_Ebersberg/Leuchtenbergring-Schwaigerlohe/Freising,rail,0,2,trip serves at least two distinct stops inside network extent,S-Bahn custom name or forecast route name,157,71,1,0,0,0,0,,1,0,S1
S20_Prognose_Höllriegelskreuth-Pasing,S20_Prognose_Höllriegelskreuth-Pasing,rail,0,2,trip serves at least two distinct stops inside network extent,S-Bahn custom name or forecast route name,18,unknown,1,0,0,0,0,,1,0,S20
S21X_Prognose_Landshut-Leuchtenbergring,S21X_Prognose_Landshut-Leuchtenbergring,rail,0,2,trip serves at least two distinct stops inside network extent,S-Bahn custom name or forecast route name,38,unknown,1,0,0,0,0,,1,0,S21X
S23X_Prognose_Augsburg-Flughafen,S23X_Prognose_Augsburg-Flughafen,rail,0,2,trip serves at least two distinct stops inside network extent,S-Bahn custom name or forecast route name,78,71,1,0,0,0,0,,1,0,S23X
S24X_Prognose_Buchloe-Leuchtenbergring,S24X_Prognose_Buchloe-Leuchtenbergring,rail,0,2,trip serves at least two distinct stops inside network extent,S-Bahn custom name or forecast route name,76,unknown,1,0,0,0,0,,1,0,S24X
S2_Prognose_Petershausen/Altomünster-Holzkirchen,S2_Prognose_Petershausen/Altomünster-Holzkirchen,rail,0,2,trip serves at least two distinct stops inside network extent,S-Bahn custom name or forecast route name,203,55,1,0,0,0,0,,1,0,S2
S3_Prognose_Maisach-Erding,S3_Prognose_Maisach-Erding,rail,0,2,trip serves at least two distinct stops inside network extent,S-Bahn custom name or forecast route name,145,55,1,0,0,0,0,,1,0,S3
S4_Prognose_Geltendorf-Grafing,S4_Prognose_Geltendorf-Grafing,rail,0,2,trip serves at least two distinct stops inside network extent,S-Bahn custom name or forecast route name,145,55,1,0,0,0,0,,1,0,S4
S6_Prognose_Tutzing-Leuchtenbergring,S6_Prognose_Tutzing-Leuchtenbergring,rail,0,2,trip serves at least two distinct stops inside network extent,S-Bahn custom name or forecast route name,143,71,1,0,0,0,0,,1,0,S6
S7_Prognose_Geretsried Süd-Kreuzstraße,S7_Prognose_Geretsried Süd-Kreuzstraße,rail,0,2,trip serves at least two distinct stops inside network extent,S-Bahn custom name or forecast route name,120,71,1,0,0,0,0,,1,0,S7
S8_Prognose_Herrsching-Schwaigerlohe,S8_Prognose_Herrsching-Schwaigerlohe,rail,0,2,trip serves at least two distinct stops inside network extent,S-Bahn custom name or forecast route name,160,55,1,0,0,0,0,,1,0,S8
