"rank","size","eligible","excel_row","mp_id","name","address","epsg25832_easting","epsg25832_northing","epsg31468_x","epsg31468_y","nearest_stop_distance_m","nearest_stop_id","matched_matsim_stop_ids","served_matsim_stop_ids","matched_stop_groups","matched_stop_names","distinct_line_count","matched_line_ids","route_count","matsim_modes","lhm_mode_flags","mode_flag_comparison","carsharing_spaces","possible_transfer_pair_count","current_transfer_relation_count","current_transfer_times","confidence","selection_reason","unresolved_issue"
"1","large","true","67","312","ZOB","Bernhard-Wicki-Straße","689565.110","5335307.695","4466497.007","5333956.412","29.1","106097","106097;106098;106098.1;106098.2;106099;106099.1;106100;106101;106102;106103;106103.1;106103.2;106103.3;106103.4;106103.5;106103.6;181029;181030;181030.1;181030.10;181030.11;181030.12;181030.13;181030.2;181030.3;181030.4;181030.5;181030.6;181030.7;181030.8;181030.9","106098;106098.1;106098.2;106099;106099.1;106100;106101;106102;106103;106103.1;106103.2;106103.3;106103.4;106103.5;106103.6;181030;181030.1;181030.10;181030.11;181030.12;181030.13;181030.2;181030.3;181030.4;181030.5;181030.6;181030.7;181030.8;181030.9","106097=[106097;106098;106098.1;106098.2;106099;106099.1;106100;106101;106102;106103;106103.1;106103.2;106103.3;106103.4;106103.5;106103.6]|181029=[181029;181030;181030.1;181030.10;181030.11;181030.12;181030.13;181030.2;181030.3;181030.4;181030.5;181030.6;181030.7;181030.8;181030.9]","Hackerbrücke;ZOB","52","XXX---162007_2_1158069508;XXX---162194_2;XXX---162294_101;XXX---162297_101;XXX---162298_102;XXX---162300_101;XXX---162304_102;XXX---162429_106;XXX---162452_106_2;XXX---162452_106_3;XXX---162455_109;XXX---162456_109;XXX---162458_109;XXX---162459_109;XXX---162460_109;XXX---162461_109;XXX---162462_109;XXX---16_MUC_Tram neu Prognose;XXX---17_MUC_Tram neu Prognose;XXX---2089440_3;XXX---2089441_3;XXX---2089496_3;XXX---2089518_3;XXX---2089552_3;XXX---2089555_3;XXX---2089556_3;XXX---2089558_3;XXX---2089559_3;XXX---2089560_3;XXX---2089561_3;XXX---2089574_3;XXX---2089583_3;XXX---2089594_3;XXX---2089606_3;XXX---2089616_3;XXX---2089624_3;XXX---2089655_3;XXX---2089656_3;XXX---2089660_3;XXX---2089662_3;XXX---2089663_3;XXX---2089664_3;XXX---2089668_3;XXX---2089674_3;XXX---2197794_3;XXX---2272018_0;XXX---2272121_3;XXX---S2_Prognose_Petershausen/Altomünster-Holzkirchen;XXX---S3_Prognose_Maisach-Erding;XXX---S4_Prognose_Geltendorf-Grafing;XXX---S7_Prognose_Geretsried Süd-Kreuzstraße;XXX---S8_Prognose_Herrsching-Schwaigerlohe","427","bus;rail;tram","bus=Ja|tram=Ja|u_bahn=Nein|s_bahn=Ja","bus:match;s_bahn:match_via_rail_proxy;tram:match;u_bahn:match","6","2652","37","106098>106098=300s;106098>106099=300s;106098>106100=300s;106098>106101=300s;106098>106102=300s;106098>106103=300s;106099>106098=300s;106099>106099=300s;106099>106100=300s;106099>106101=300s;106099>106102=300s;106099>106103=300s;106100>106098=300s;106100>106099=300s;106100>106100=300s;106100>106101=300s;106100>106102=300s;106100>106103=300s;106101>106098=300s;106101>106099=300s;106101>106100=300s;106101>106101=300s;106101>106102=300s;106101>106103=300s;106102>106098=300s;106102>106099=300s;106102>106100=300s;106102>106101=300s;106102>106102=300s;106102>106103=300s;106103>106098=300s;106103>106099=300s;106103>106100=300s;106103>106101=300s;106103>106102=300s;106103>106103=300s;181030>181030=180s","high","deterministic rank from 52 lines, 3 MATSim modes, 6 carsharing spaces, mp_id 312","none"
"2","large","true","66","506","Ostbahnhof/Belfortstraße","Belfortstraße 2","693719.219","5333910.103","4470593.305","5332397.968","23.1","106083","106075;106076;106076.1;106078;106078.1;106079;106079.1;106079.2;106080;106080.1;106081;106081.1;106081.2;106082;106083;106085;106085.1;106085.2;106086;107900;107901;107901.1;107902;107902.1;182907;182909;182909.1","106076;106076.1;106078;106078.1;106079;106079.1;106079.2;106080;106080.1;106081;106081.1;106081.2;106082;106083;106085;106085.1;106085.2;106086;107901;107901.1;107902;107902.1;182909;182909.1","106075=[106075;106076;106076.1;106078;106078.1;106079;106079.1;106079.2;106080;106080.1;106081;106081.1;106081.2;106082;106083;106085;106085.1;106085.2;106086]|107900=[107900;107901;107901.1;107902;107902.1]|182907=[182907;182909;182909.1]","München Ost;Ostbahnhof;Ostbahnhof (Post);Ostbahnhof 2.Stammstrecke","25","XXX---2268555_3;XXX---2271999_1;XXX---2272017_0;XXX---2272026_0;XXX---2272034_3;XXX---2272035_3;XXX---2272038_3;XXX---2272041_3;XXX---2272043_3;XXX---2272051_3;XXX---2272063_3;XXX---2272065_3;XXX---2272070_3;XXX---2272127_3;XXX---2272128_3;XXX---2272129_3;XXX---2272132_3;XXX---2272140_3;XXX---MUC_U5_neu Prognose;XXX---S18X_Prognose_Herrsching-Leuchtenbergring;XXX---S1_Prognose_Ebersberg/Leuchtenbergring-Schwaigerlohe/Freising;XXX---S21X_Prognose_Landshut-Leuchtenbergring;XXX---S23X_Prognose_Augsburg-Flughafen;XXX---S24X_Prognose_Buchloe-Leuchtenbergring;XXX---S6_Prognose_Tutzing-Leuchtenbergring","139","bus;rail;subway;tram","bus=Ja|tram=Nein|u_bahn=Ja|s_bahn=Ja","bus:match;s_bahn:match_via_rail_proxy;tram:mismatch;u_bahn:match","6","600","86","106076>106076=180s;106076>106078=180s;106076>106079=180s;106076>106080=180s;106076>106081=180s;106076>106082=180s;106076>106083=180s;106076>106085=180s;106076>106086=180s;106078>106076=180s;106078>106078=180s;106078>106079=180s;106078>106080=180s;106078>106081=180s;106078>106082=180s;106078>106083=180s;106078>106085=180s;106078>106086=180s;106079>106076=180s;106079>106078=180s;106079>106079=180s;106079>106080=180s;106079>106081=180s;106079>106082=180s;106079>106083=180s;106079>106085=180s;106079>106086=180s;106080>106076=180s;106080>106078=180s;106080>106079=180s;106080>106080=180s;106080>106081=180s;106080>106082=180s;106080>106083=180s;106080>106085=180s;106080>106086=180s;106081>106076=180s;106081>106078=180s;106081>106079=180s;106081>106080=180s;106081>106081=180s;106081>106082=180s;106081>106083=180s;106081>106085=180s;106081>106086=180s;106082>106076=180s;106082>106078=180s;106082>106079=180s;106082>106080=180s;106082>106081=180s;106082>106082=180s;106082>106083=180s;106082>106085=180s;106082>106086=180s;106083>106076=180s;106083>106078=180s;106083>106079=180s;106083>106080=180s;106083>106081=180s;106083>106082=180s;106083>106083=180s;106083>106085=180s;106083>106086=180s;106085>106076=180s;106085>106078=180s;106085>106079=180s;106085>106080=180s;106085>106081=180s;106085>106082=180s;106085>106083=180s;106085>106085=180s;106085>106086=180s;106086>106076=180s;106086>106078=180s;106086>106079=180s;106086>106080=180s;106086>106081=180s;106086>106082=180s;106086>106083=180s;106086>106085=180s;106086>106086=180s;107901>107901=180s;107901>107902=180s;107902>107901=180s;107902>107902=180s;182909>182909=0s","medium","deterministic rank from 25 lines, 4 MATSim modes, 6 carsharing spaces, mp_id 506","LHM tram=Nein vs MATSim tram=true"
"3","large","true","61","62","Münchner Freiheit","Münchner Freiheit","692329.986","5337609.636","4469349.459","5336148.692","24.1","107349","107347;107348;107348.1;107348.2;107349;107349.1;107349.2;107349.3;107350;107350.1;107350.2;107351;107352;107352.1;107353;107353.1;107353.2;107353.3;107354;107355;107355.1;107355.2;107356;107356.1;FT_U9_MUENCHNER_FREIHEIT_D0;FT_U9_MUENCHNER_FREIHEIT_D1","107348;107348.1;107348.2;107349;107349.1;107349.2;107349.3;107350;107350.1;107350.2;107351;107352;107352.1;107353;107353.1;107353.2;107353.3;107354;107355;107355.1;107355.2;107356;107356.1;FT_U9_MUENCHNER_FREIHEIT_D0;FT_U9_MUENCHNER_FREIHEIT_D1","107347=[107347;107348;107348.1;107348.2;107349;107349.1;107349.2;107349.3;107350;107350.1;107350.2;107351;107352;107352.1;107353;107353.1;107353.2;107353.3;107354;107355;107355.1;107355.2;107356;107356.1;FT_U9_MUENCHNER_FREIHEIT_D0;FT_U9_MUENCHNER_FREIHEIT_D1]","Münchner Freiheit","18","XXX---13_MUC_Tram neu Prognose;XXX---2271997_1;XXX---2272000_1;XXX---2272012_0;XXX---2272033_3;XXX---2272034_3;XXX---2272039_3;XXX---2272060_3;XXX---2272125_3;XXX---2272126_3;XXX---2272127_3;XXX---2272128_3;XXX---2272129_3;XXX---2272145_3;XXX---23_MUC_Tram neu Prognose;XXX---FT_U9;XXX---MUC_U3_neu Prognose;XXX---MUC_U6_neu Prognose","151","bus;subway;tram","bus=Ja|tram=Ja|u_bahn=Ja|s_bahn=Nein","bus:match;s_bahn:match_via_rail_proxy;tram:match;u_bahn:match","6","306","81","107348>107348=180s;107348>107349=180s;107348>107350=180s;107348>107351=180s;107348>107352=180s;107348>107353=180s;107348>107354=180s;107348>107355=180s;107348>107356=180s;107349>107348=180s;107349>107349=180s;107349>107350=180s;107349>107351=180s;107349>107352=180s;107349>107353=180s;107349>107354=180s;107349>107355=180s;107349>107356=180s;107350>107348=180s;107350>107349=180s;107350>107350=180s;107350>107351=180s;107350>107352=180s;107350>107353=180s;107350>107354=180s;107350>107355=180s;107350>107356=180s;107351>107348=180s;107351>107349=180s;107351>107350=180s;107351>107351=180s;107351>107352=180s;107351>107353=180s;107351>107354=180s;107351>107355=180s;107351>107356=180s;107352>107348=180s;107352>107349=180s;107352>107350=180s;107352>107351=180s;107352>107352=180s;107352>107353=180s;107352>107354=180s;107352>107355=180s;107352>107356=180s;107353>107348=180s;107353>107349=180s;107353>107350=180s;107353>107351=180s;107353>107352=180s;107353>107353=180s;107353>107354=180s;107353>107355=180s;107353>107356=180s;107354>107348=180s;107354>107349=180s;107354>107350=180s;107354>107351=180s;107354>107352=180s;107354>107353=180s;107354>107354=180s;107354>107355=180s;107354>107356=180s;107355>107348=180s;107355>107349=180s;107355>107350=180s;107355>107351=180s;107355>107352=180s;107355>107353=180s;107355>107354=180s;107355>107355=180s;107355>107356=180s;107356>107348=180s;107356>107349=180s;107356>107350=180s;107356>107351=180s;107356>107352=180s;107356>107353=180s;107356>107354=180s;107356>107355=180s;107356>107356=180s","medium","deterministic rank from 18 lines, 3 MATSim modes, 6 carsharing spaces, mp_id 62","embedded line break in name"
"4","large","true","95","503","Rosenheimer Platz","Steinstraße 72","693004.693","5333884.443","4469878.356","5332400.185","16.7","106069","106069;106070;106070.1;106070.2;106070.3;106071;106072;106073","106070;106070.1;106070.2;106070.3;106071;106072;106073","106069=[106069;106070;106070.1;106070.2;106070.3;106071;106072;106073]","Rosenheimer Platz","18","XXX---13_MUC_Tram neu Prognose;XXX---162455_109;XXX---162456_109;XXX---162458_109;XXX---162459_109;XXX---162460_109;XXX---162461_109;XXX---162462_109;XXX---2255086_3;XXX---2272005_0;XXX---2272010_0;XXX---2272013_0;XXX---25_MUC_Tram neu Prognose;XXX---S2_Prognose_Petershausen/Altomünster-Holzkirchen;XXX---S3_Prognose_Maisach-Erding;XXX---S4_Prognose_Geltendorf-Grafing;XXX---S7_Prognose_Geretsried Süd-Kreuzstraße;XXX---S8_Prognose_Herrsching-Schwaigerlohe","315","bus;rail;tram","bus=Nein|tram=Ja|u_bahn=Nein|s_bahn=Ja","bus:mismatch;s_bahn:match_via_rail_proxy;tram:match;u_bahn:match","5","306","16","106070>106070=300s;106070>106071=300s;106070>106072=300s;106070>106073=300s;106071>106070=300s;106071>106071=300s;106071>106072=300s;106071>106073=300s;106072>106070=300s;106072>106071=300s;106072>106072=300s;106072>106073=300s;106073>106070=300s;106073>106071=300s;106073>106072=300s;106073>106073=300s","medium","deterministic rank from 18 lines, 3 MATSim modes, 5 carsharing spaces, mp_id 503","LHM bus=Nein vs MATSim bus=true"
"5","medium","true","101","203","Baaderstraße","Baaderstraße 2","692091.655","5334378.030","4468985.296","5332928.973","87.4","106063","106063;106064;106064.1;106064.2;106064.3;106064.4;106065;106065.1;106066;106067;106067.1;106068;106068.1;106068.2","106064;106064.1;106064.2;106064.3;106064.4;106065;106065.1;106066;106067;106067.1;106068;106068.1;106068.2","106063=[106063;106064;106064.1;106064.2;106064.3;106064.4;106065;106065.1;106066;106067;106067.1;106068;106068.1;106068.2]","Isartor","18","XXX---162455_109;XXX---162456_109;XXX---162458_109;XXX---162459_109;XXX---162460_109;XXX---162461_109;XXX---162462_109;XXX---16_MUC_Tram neu Prognose;XXX---17_MUC_Tram neu Prognose;XXX---2272006_0;XXX---2272007_0;XXX---2272025_0;XXX---2272053_3;XXX---S2_Prognose_Petershausen/Altomünster-Holzkirchen;XXX---S3_Prognose_Maisach-Erding;XXX---S4_Prognose_Geltendorf-Grafing;XXX---S7_Prognose_Geretsried Süd-Kreuzstraße;XXX---S8_Prognose_Herrsching-Schwaigerlohe","315","bus;rail;tram","bus=Ja|tram=Ja|u_bahn=Nein|s_bahn=Ja","bus:match;s_bahn:match_via_rail_proxy;tram:match;u_bahn:match","3","306","25","106064>106064=300s;106064>106065=300s;106064>106066=300s;106064>106067=300s;106064>106068=300s;106065>106064=300s;106065>106065=300s;106065>106066=300s;106065>106067=300s;106065>106068=300s;106066>106064=300s;106066>106065=300s;106066>106066=300s;106066>106067=300s;106066>106068=300s;106067>106064=300s;106067>106065=300s;106067>106066=300s;106067>106067=300s;106067>106068=300s;106068>106064=300s;106068>106065=300s;106068>106066=300s;106068>106067=300s;106068>106068=300s","medium","deterministic rank from 18 lines, 3 MATSim modes, 3 carsharing spaces, mp_id 203","none"
"6","medium","true","7","49","Giesinger Bahnhof","Giesinger Bahnhofsplatz","693156.138","5331870.812","4469951.187","5330382.275","23.1","108496","108495;108496;108497;108498;108498.1;108498.2;108498.3;108499;108499.1;108500;108501;108502;108502.1;108503;108503.1;108504;108504.1;108505;108506;108506.1;108507;108507.1;108508;108509;108509.1","108496;108497;108498;108498.1;108498.2;108498.3;108499;108499.1;108500;108501;108502;108502.1;108503;108503.1;108504;108504.1;108505;108506;108506.1;108507;108507.1;108508;108509;108509.1","108495=[108495;108496;108497;108498;108498.1;108498.2;108498.3;108499;108499.1;108500;108501;108502;108502.1;108503;108503.1;108504;108504.1;108505;108506;108506.1;108507;108507.1;108508;108509;108509.1]","Giesing","17","XXX---162458_109;XXX---162461_109;XXX---18_MUC_Tram neu Prognose;XXX---2268562_3;XXX---2271996_1;XXX---2272001_1;XXX---2272008_0;XXX---2272034_3;XXX---2272039_3;XXX---2272057_3;XXX---2272064_3;XXX---2272127_3;XXX---2272128_3;XXX---28_MUC_Tram neu Prognose;XXX---MUC_U2_neu Prognose;XXX---S2_Prognose_Petershausen/Altomünster-Holzkirchen;XXX---S7_Prognose_Geretsried Süd-Kreuzstraße","186","bus;rail;subway;tram","bus=Ja|tram=Ja|u_bahn=Ja|s_bahn=Ja","bus:match;s_bahn:match_via_rail_proxy;tram:match;u_bahn:match","6","272","196","108496>108496=180s;108496>108497=180s;108496>108498=180s;108496>108499=180s;108496>108500=180s;108496>108501=180s;108496>108502=180s;108496>108503=180s;108496>108504=180s;108496>108505=180s;108496>108506=180s;108496>108507=180s;108496>108508=180s;108496>108509=180s;108497>108496=180s;108497>108497=180s;108497>108498=180s;108497>108499=180s;108497>108500=180s;108497>108501=180s;108497>108502=180s;108497>108503=180s;108497>108504=180s;108497>108505=180s;108497>108506=180s;108497>108507=180s;108497>108508=180s;108497>108509=180s;108498>108496=180s;108498>108497=180s;108498>108498=180s;108498>108499=180s;108498>108500=180s;108498>108501=180s;108498>108502=180s;108498>108503=180s;108498>108504=180s;108498>108505=180s;108498>108506=180s;108498>108507=180s;108498>108508=180s;108498>108509=180s;108499>108496=180s;108499>108497=180s;108499>108498=180s;108499>108499=180s;108499>108500=180s;108499>108501=180s;108499>108502=180s;108499>108503=180s;108499>108504=180s;108499>108505=180s;108499>108506=180s;108499>108507=180s;108499>108508=180s;108499>108509=180s;108500>108496=180s;108500>108497=180s;108500>108498=180s;108500>108499=180s;108500>108500=180s;108500>108501=180s;108500>108502=180s;108500>108503=180s;108500>108504=180s;108500>108505=180s;108500>108506=180s;108500>108507=180s;108500>108508=180s;108500>108509=180s;108501>108496=180s;108501>108497=180s;108501>108498=180s;108501>108499=180s;108501>108500=180s;108501>108501=180s;108501>108502=180s;108501>108503=180s;108501>108504=180s;108501>108505=180s;108501>108506=180s;108501>108507=180s;108501>108508=180s;108501>108509=180s;108502>108496=180s;108502>108497=180s;108502>108498=180s;108502>108499=180s;108502>108500=180s;108502>108501=180s;108502>108502=180s;108502>108503=180s;108502>108504=180s;108502>108505=180s;108502>108506=180s;108502>108507=180s;108502>108508=180s;108502>108509=180s;108503>108496=180s;108503>108497=180s;108503>108498=180s;108503>108499=180s;108503>108500=180s;108503>108501=180s;108503>108502=180s;108503>108503=180s;108503>108504=180s;108503>108505=180s;108503>108506=180s;108503>108507=180s;108503>108508=180s;108503>108509=180s;108504>108496=180s;108504>108497=180s;108504>108498=180s;108504>108499=180s;108504>108500=180s;108504>108501=180s;108504>108502=180s;108504>108503=180s;108504>108504=180s;108504>108505=180s;108504>108506=180s;108504>108507=180s;108504>108508=180s;108504>108509=180s;108505>108496=180s;108505>108497=180s;108505>108498=180s;108505>108499=180s;108505>108500=180s;108505>108501=180s;108505>108502=180s;108505>108503=180s;108505>108504=180s;108505>108505=180s;108505>108506=180s;108505>108507=180s;108505>108508=180s;108505>108509=180s;108506>108496=180s;108506>108497=180s;108506>108498=180s;108506>108499=180s;108506>108500=180s;108506>108501=180s;108506>108502=180s;108506>108503=180s;108506>108504=180s;108506>108505=180s;108506>108506=180s;108506>108507=180s;108506>108508=180s;108506>108509=180s;108507>108496=180s;108507>108497=180s;108507>108498=180s;108507>108499=180s;108507>108500=180s;108507>108501=180s;108507>108502=180s;108507>108503=180s;108507>108504=180s;108507>108505=180s;108507>108506=180s;108507>108507=180s;108507>108508=180s;108507>108509=180s;108508>108496=180s;108508>108497=180s;108508>108498=180s;108508>108499=180s;108508>108500=180s;108508>108501=180s;108508>108502=180s;108508>108503=180s;108508>108504=180s;108508>108505=180s;108508>108506=180s;108508>108507=180s;108508>108508=180s;108508>108509=180s;108509>108496=180s;108509>108497=180s;108509>108498=180s;108509>108499=180s;108509>108500=180s;108509>108501=180s;108509>108502=180s;108509>108503=180s;108509>108504=180s;108509>108505=180s;108509>108506=180s;108509>108507=180s;108509>108508=180s;108509>108509=180s","high","deterministic rank from 17 lines, 4 MATSim modes, 6 carsharing spaces, mp_id 49","none"
"7","medium","true","27","1002","Moosach Bahnhof","Bunzlauer Straße 12","686379.904","5339368.047","4463472.661","5338137.842","28.1","106860","106857;106859;106859.1;106859.2;106859.3;106859.4;106859.5;106860;106860.1;106861;106861.1;106862;106862.1;106862.2;106862.3;106862.4;106866;106867;106867.1","106859;106859.1;106859.2;106859.3;106859.4;106859.5;106860;106860.1;106861;106861.1;106862;106862.1;106862.2;106862.3;106862.4;106866;106867;106867.1","106857=[106857;106859;106859.1;106859.2;106859.3;106859.4;106859.5;106860;106860.1;106861;106861.1;106862;106862.1;106862.2;106862.3;106862.4;106866;106867;106867.1]","Moosach","14","XXX---162442_106;XXX---162448_106;XXX---162449_106;XXX---162455_109;XXX---20_MUC_Tram neu Prognose;XXX---2271997_1;XXX---2272076_3;XXX---2272077_3;XXX---2272083_3;XXX---2272143_3;XXX---514707_106;XXX---MUC_U3_neu Prognose;XXX---S1_Prognose_Ebersberg/Leuchtenbergring-Schwaigerlohe/Freising;XXX---S21X_Prognose_Landshut-Leuchtenbergring","103","bus;rail;subway;tram","bus=Ja|tram=Ja|u_bahn=Ja|s_bahn=Ja","bus:match;s_bahn:match_via_rail_proxy;tram:match;u_bahn:match","9","182","36","106859>106859=180s;106859>106860=180s;106859>106861=180s;106859>106862=180s;106859>106866=180s;106859>106867=180s;106860>106859=180s;106860>106860=180s;106860>106861=180s;106860>106862=180s;106860>106866=180s;106860>106867=180s;106861>106859=180s;106861>106860=180s;106861>106861=180s;106861>106862=180s;106861>106866=180s;106861>106867=180s;106862>106859=180s;106862>106860=180s;106862>106861=180s;106862>106862=180s;106862>106866=180s;106862>106867=180s;106866>106859=180s;106866>106860=180s;106866>106861=180s;106866>106862=180s;106866>106866=180s;106866>106867=180s;106867>106859=180s;106867>106860=180s;106867>106861=180s;106867>106862=180s;106867>106866=180s;106867>106867=180s","high","deterministic rank from 14 lines, 4 MATSim modes, 9 carsharing spaces, mp_id 1002","none"
"8","medium","true","102","402","Scheidplatz","Scheidplatz 1 a","691345.635","5338475.384","4468399.669","5337052.144","2.7","107137","107135;107136;107136.1;107137;107137.1;107140;107141;107141.1;107142;107142.1;107142.2;107143;107143.1;107144;107144.1;107144.2;107145;107145.1;107145.2;107146;107147;107148;107149;107149.1;107150","107136;107136.1;107137;107137.1;107141;107141.1;107142;107142.1;107142.2;107143;107143.1;107144;107144.1;107144.2;107145;107145.1;107145.2;107146;107147;107148;107149;107149.1;107150","107135=[107135;107136;107136.1;107137;107137.1]|107140=[107140;107141;107141.1;107142;107142.1;107142.2;107143;107143.1;107144;107144.1;107144.2;107145;107145.1;107145.2;107146;107147;107148;107149;107149.1;107150]","Scheidplatz;Scheidplatz Süd","14","XXX---12_MUC_Tram neu Prognose;XXX---2271996_1;XXX---2271997_1;XXX---2272004_0;XXX---2272015_0;XXX---2272058_3;XXX---2272059_3;XXX---2272060_3;XXX---2272062_3;XXX---2272126_3;XXX---2272145_3;XXX---28_MUC_Tram neu Prognose;XXX---MUC_U2_neu Prognose;XXX---MUC_U3_neu Prognose","87","bus;subway;tram","bus=Ja|tram=Ja|u_bahn=Ja|s_bahn=Nein","bus:match;s_bahn:match_via_rail_proxy;tram:match;u_bahn:match","11","182","104","107136>107136=180s;107136>107137=180s;107137>107136=180s;107137>107137=180s;107141>107141=180s;107141>107142=180s;107141>107143=180s;107141>107144=180s;107141>107145=180s;107141>107146=180s;107141>107147=180s;107141>107148=180s;107141>107149=180s;107141>107150=180s;107142>107141=180s;107142>107142=180s;107142>107143=180s;107142>107144=180s;107142>107145=180s;107142>107146=180s;107142>107147=180s;107142>107148=180s;107142>107149=180s;107142>107150=180s;107143>107141=180s;107143>107142=180s;107143>107143=180s;107143>107144=180s;107143>107145=180s;107143>107146=180s;107143>107147=180s;107143>107148=180s;107143>107149=180s;107143>107150=180s;107144>107141=180s;107144>107142=180s;107144>107143=180s;107144>107144=180s;107144>107145=180s;107144>107146=180s;107144>107147=180s;107144>107148=180s;107144>107149=180s;107144>107150=180s;107145>107141=180s;107145>107142=180s;107145>107143=180s;107145>107144=180s;107145>107145=180s;107145>107146=180s;107145>107147=180s;107145>107148=180s;107145>107149=180s;107145>107150=180s;107146>107141=180s;107146>107142=180s;107146>107143=180s;107146>107144=180s;107146>107145=180s;107146>107146=180s;107146>107147=180s;107146>107148=180s;107146>107149=180s;107146>107150=180s;107147>107141=180s;107147>107142=180s;107147>107143=180s;107147>107144=180s;107147>107145=180s;107147>107146=180s;107147>107147=180s;107147>107148=180s;107147>107149=180s;107147>107150=180s;107148>107141=180s;107148>107142=180s;107148>107143=180s;107148>107144=180s;107148>107145=180s;107148>107146=180s;107148>107147=180s;107148>107148=180s;107148>107149=180s;107148>107150=180s;107149>107141=180s;107149>107142=180s;107149>107143=180s;107149>107144=180s;107149>107145=180s;107149>107146=180s;107149>107147=180s;107149>107148=180s;107149>107149=180s;107149>107150=180s;107150>107141=180s;107150>107142=180s;107150>107143=180s;107150>107144=180s;107150>107145=180s;107150>107146=180s;107150>107147=180s;107150>107148=180s;107150>107149=180s;107150>107150=180s","high","deterministic rank from 14 lines, 3 MATSim modes, 11 carsharing spaces, mp_id 402","none"
"9","small","true","86","510","Grillparzerstraße","Versailler Straße 1","694163.352","5334778.649","4471070.940","5333248.494","30.7","106185","106184;106185;106185.1;106185.2;106185.3;106185.4;106186;106187;106187.1;106188;106189;106190","106185;106185.1;106185.2;106185.3;106185.4;106186;106187;106187.1;106188;106189;106190","106184=[106184;106185;106185.1;106185.2;106185.3;106185.4;106186;106187;106187.1;106188;106189;106190]","Grillparzerstraße","14","XXX---19_MUC_Tram neu Prognose;XXX---2255006_3;XXX---2272009_0;XXX---2272010_0;XXX---2272034_3;XXX---2272038_3;XXX---2272043_3;XXX---2272051_3;XXX---2272065_3;XXX---2272127_3;XXX---2272128_3;XXX---2272132_3;XXX---2272140_3;XXX---25_MUC_Tram neu Prognose","85","bus;tram","bus=Ja|tram=Ja|u_bahn=Nein|s_bahn=Nein","bus:match;s_bahn:match_via_rail_proxy;tram:match;u_bahn:match","4","182","36","106185>106185=180s;106185>106186=180s;106185>106187=180s;106185>106188=180s;106185>106189=180s;106185>106190=180s;106186>106185=180s;106186>106186=180s;106186>106187=180s;106186>106188=180s;106186>106189=180s;106186>106190=180s;106187>106185=180s;106187>106186=180s;106187>106187=180s;106187>106188=180s;106187>106189=180s;106187>106190=180s;106188>106185=180s;106188>106186=180s;106188>106187=180s;106188>106188=180s;106188>106189=180s;106188>106190=180s;106189>106185=180s;106189>106186=180s;106189>106187=180s;106189>106188=180s;106189>106189=180s;106189>106190=180s;106190>106185=180s;106190>106186=180s;106190>106187=180s;106190>106188=180s;106190>106189=180s;106190>106190=180s","high","deterministic rank from 14 lines, 2 MATSim modes, 4 carsharing spaces, mp_id 510","none"
"10","small","true","103","7","Rindermarkt","Rindermarkt ggü. 15; nordöstl. Ecke Brunnen","691517.936","5334638.592","4468422.194","5333211.695","71.9","106641","106059;106060;106060.1;106060.2;106495;106496;106497;106555;106555.1;106640;106641;106642","106060;106060.1;106060.2;106496;106497;106555;106555.1;106641;106642","106059=[106059;106060;106060.1;106060.2]|106495=[106495;106496;106497]|106554=[106555;106555.1]|106640=[106640;106641;106642]","Marienplatz;Marienplatz (Rindermarkt);St.-Jakobs-Platz;Viktualienmarkt","14","XXX---162455_109;XXX---162456_109;XXX---162458_109;XXX---162459_109;XXX---162460_109;XXX---162461_109;XXX---162462_109;XXX---2272032_3;XXX---2272041_3;XXX---S2_Prognose_Petershausen/Altomünster-Holzkirchen;XXX---S3_Prognose_Maisach-Erding;XXX---S4_Prognose_Geltendorf-Grafing;XXX---S7_Prognose_Geretsried Süd-Kreuzstraße;XXX---S8_Prognose_Herrsching-Schwaigerlohe","298","bus;rail","bus=Nein|tram=Nein|u_bahn=Ja|s_bahn=Ja","bus:mismatch;s_bahn:match_via_rail_proxy;tram:match;u_bahn:mismatch","0","182","10","106060>106060=300s;106496>106496=180s;106496>106497=180s;106497>106496=180s;106497>106497=180s;106555>106555=180s;106641>106641=180s;106641>106642=180s;106642>106641=180s;106642>106642=180s","medium","deterministic rank from 14 lines, 2 MATSim modes, 0 carsharing spaces, mp_id 7","LHM bus=Nein vs MATSim bus=true; LHM u_bahn=Ja vs MATSim subway=false"
"11","small","true","11","27","Rotkreuzplatz","Winthirstraße 2","688335.464","5336403.908","4465311.075","5335099.719","13.6","106662","106659;106660;106660.1;106661;106661.1;106661.2;106662;106663;106663.1;106663.2;106663.3;106664;106664.1;106664.2;106665;106665.1;106666;106667;106667.1","106660;106660.1;106661;106661.1;106661.2;106662;106663;106663.1;106663.2;106663.3;106664;106664.1;106664.2;106665;106665.1;106666;106667;106667.1","106659=[106659;106660;106660.1;106661;106661.1;106661.2;106662;106663;106663.1;106663.2;106663.3;106664;106664.1;106664.2;106665;106665.1;106666;106667;106667.1]","Rotkreuzplatz","13","XXX---11_MUC_Tram neu Prognose;XXX---12_MUC_Tram neu Prognose;XXX---14_MUC_Tram neu Prognose;XXX---2271995_1;XXX---2272001_1;XXX---2272004_0;XXX---2272033_3;XXX---2272041_3;XXX---2272042_3;XXX---2272062_3;XXX---2272127_3;XXX---2272128_3;XXX---MUC_U1_neu Prognose","83","bus;subway;tram","bus=Ja|tram=Ja|u_bahn=Ja|s_bahn=Nein","bus:match;s_bahn:match_via_rail_proxy;tram:match;u_bahn:match","7","156","64","106660>106660=180s;106660>106661=180s;106660>106662=180s;106660>106663=180s;106660>106664=180s;106660>106665=180s;106660>106666=180s;106660>106667=180s;106661>106660=180s;106661>106661=180s;106661>106662=180s;106661>106663=180s;106661>106664=180s;106661>106665=180s;106661>106666=180s;106661>106667=180s;106662>106660=180s;106662>106661=180s;106662>106662=180s;106662>106663=180s;106662>106664=180s;106662>106665=180s;106662>106666=180s;106662>106667=180s;106663>106660=180s;106663>106661=180s;106663>106662=180s;106663>106663=180s;106663>106664=180s;106663>106665=180s;106663>106666=180s;106663>106667=180s;106664>106660=180s;106664>106661=180s;106664>106662=180s;106664>106663=180s;106664>106664=180s;106664>106665=180s;106664>106666=180s;106664>106667=180s;106665>106660=180s;106665>106661=180s;106665>106662=180s;106665>106663=180s;106665>106664=180s;106665>106665=180s;106665>106666=180s;106665>106667=180s;106666>106660=180s;106666>106661=180s;106666>106662=180s;106666>106663=180s;106666>106664=180s;106666>106665=180s;106666>106666=180s;106666>106667=180s;106667>106660=180s;106667>106661=180s;106667>106662=180s;106667>106663=180s;106667>106664=180s;106667>106665=180s;106667>106666=180s;106667>106667=180s","high","deterministic rank from 13 lines, 3 MATSim modes, 7 carsharing spaces, mp_id 27","none"
"12","small","true","94","401","Hohenzollernplatz","Hohenzollernstraße 99","690923.482","5337390.250","4467935.522","5335984.342","41.1","106585","106584;106584.1;106584.2;106584.3;106585","106584;106584.1;106584.2;106584.3;106585","106583=[106584;106584.1;106584.2;106584.3;106585]","Hohenzollernplatz","12","XXX---11_MUC_Tram neu Prognose;XXX---12_MUC_Tram neu Prognose;XXX---14_MUC_Tram neu Prognose;XXX---2272004_0;XXX---2272010_0;XXX---2272014_0;XXX---2272028_0;XXX---2272033_3;XXX---2272039_3;XXX---2272127_3;XXX---2272128_3;XXX---27_MUC_Tram neu Prognose","48","bus;tram","bus=Ja|tram=Ja|u_bahn=Ja|s_bahn=Nein","bus:match;s_bahn:match_via_rail_proxy;tram:match;u_bahn:mismatch","8","132","4","106584>106584=180s;106584>106585=180s;106585>106584=180s;106585>106585=180s","medium","deterministic rank from 12 lines, 2 MATSim modes, 8 carsharing spaces, mp_id 401","LHM u_bahn=Ja vs MATSim subway=false"
"13","alternative","true","108","1","Galeriestraße","Galeriestraße 2 - 6","691809.529","5335555.255","4468749.297","5334116.255","68.6","106532","106320;106320.1;106320.2;106322;106322.1;106322.2;106322.3;106322.4;106323;106323.1;106530;106532;106532.1;106532.2;106532.3;106533","106320;106320.1;106320.2;106322;106322.1;106322.2;106322.3;106322.4;106323;106323.1;106532;106532.1;106532.2;106532.3;106533","106319=[106320;106320.1;106320.2;106322;106322.1;106322.2;106322.3;106322.4;106323;106323.1]|106530=[106530;106532;106532.1;106532.2;106532.3;106533]","Odeonsplatz;Von-der-Tann-Straße","11","XXX---2271997_1;XXX---2272000_1;XXX---2272051_3;XXX---2272068_3;XXX---2272125_3;XXX---2272126_3;XXX---2272129_3;XXX---MUC_U3_neu Prognose;XXX---MUC_U4_neu Prognose;XXX---MUC_U5_neu Prognose;XXX---MUC_U6_neu Prognose","107","bus;subway","bus=Ja|tram=Nein|u_bahn=Ja|s_bahn=Nein","bus:match;s_bahn:match_via_rail_proxy;tram:match;u_bahn:match","7","110","13","106320>106320=180s;106320>106322=180s;106320>106323=180s;106322>106320=180s;106322>106322=180s;106322>106323=180s;106323>106320=180s;106323>106322=180s;106323>106323=180s;106532>106532=180s;106532>106533=180s;106533>106532=180s;106533>106533=180s","high","deterministic rank from 11 lines, 2 MATSim modes, 7 carsharing spaces, mp_id 1","none"
"14","alternative","true","36","1301","Arabellapark","Elektrastraße 6","694945.463","5336636.736","4471924.871","5335074.567","33.2","107691","107688;107689;107689.1;107690;107691;107691.1;107692;107692.1;107693;107693.1;107694;107694.1;107694.2;107694.3;107695;107696;107697;107697.1;107697.2;107697.3;107698;107698.1","107689;107689.1;107690;107691;107691.1;107692;107692.1;107693;107693.1;107694;107694.1;107694.2;107694.3;107695;107697;107697.1;107697.2;107697.3;107698;107698.1","107688=[107688;107689;107689.1;107690;107691;107691.1;107692;107692.1;107693;107693.1;107694;107694.1;107694.2;107694.3;107695]|107696=[107696;107697;107697.1;107697.2;107697.3;107698;107698.1]","Arabellapark;Arabellapark Nord","11","XXX---2271998_1;XXX---2272066_3;XXX---2272069_3;XXX---2272096_3;XXX---2272097_3;XXX---2272098_3;XXX---2272100_3;XXX---2272101_3;XXX---2272131_3;XXX---2272140_3;XXX---MUC_U4_neu Prognose","67","bus;subway","bus=Ja|tram=Ja|u_bahn=Ja|s_bahn=Nein","bus:match;s_bahn:match_via_rail_proxy;tram:mismatch;u_bahn:match","7","110","53","107689>107689=180s;107689>107690=180s;107689>107691=180s;107689>107692=180s;107689>107693=180s;107689>107694=180s;107689>107695=180s;107690>107689=180s;107690>107690=180s;107690>107691=180s;107690>107692=180s;107690>107693=180s;107690>107694=180s;107690>107695=180s;107691>107689=180s;107691>107690=180s;107691>107691=180s;107691>107692=180s;107691>107693=180s;107691>107694=180s;107691>107695=180s;107692>107689=180s;107692>107690=180s;107692>107691=180s;107692>107692=180s;107692>107693=180s;107692>107694=180s;107692>107695=180s;107693>107689=180s;107693>107690=180s;107693>107691=180s;107693>107692=180s;107693>107693=180s;107693>107694=180s;107693>107695=180s;107694>107689=180s;107694>107690=180s;107694>107691=180s;107694>107692=180s;107694>107693=180s;107694>107694=180s;107694>107695=180s;107695>107689=180s;107695>107690=180s;107695>107691=180s;107695>107692=180s;107695>107693=180s;107695>107694=180s;107695>107695=180s;107697>107697=180s;107697>107698=180s;107698>107697=180s;107698>107698=180s","medium","deterministic rank from 11 lines, 2 MATSim modes, 7 carsharing spaces, mp_id 1301","LHM tram=Ja vs MATSim tram=false"
"15","alternative","true","18","56","Pasinger Marienplatz","Pasinger Marienplatz","682974.822","5335535.508","4459920.675","5334441.044","44.7","109377","109377;109378;109379;109380;109380.1;109381;109387;109388;109389;109389.1;109389.2;109389.3;109390;109390.1;109390.2;109390.3;109390.4","109378;109379;109380;109380.1;109381;109388;109389;109389.1;109389.2;109389.3;109390;109390.1;109390.2;109390.3;109390.4","109377=[109377;109378;109379;109380;109380.1;109381]|109387=[109387;109388;109389;109389.1;109389.2;109389.3;109390;109390.1;109390.2;109390.3;109390.4]","Pasinger Marienplatz;Rathaus Pasing","11","XXX---19_MUC_Tram neu Prognose;XXX---2268583_3;XXX---2268589_3;XXX---2272009_0;XXX---2272029_0;XXX---2272036_3;XXX---2272037_3;XXX---2272052_3;XXX---2272074_3;XXX---2272076_3;XXX---23_MUC_Tram neu Prognose","88","bus;tram","bus=Ja|tram=Ja|u_bahn=Nein|s_bahn=Nein","bus:match;s_bahn:match_via_rail_proxy;tram:match;u_bahn:match","4","110","25","109378>109378=180s;109378>109379=180s;109378>109380=180s;109378>109381=180s;109379>109378=180s;109379>109379=180s;109379>109380=180s;109379>109381=180s;109380>109378=180s;109380>109379=180s;109380>109380=180s;109380>109381=180s;109381>109378=180s;109381>109379=180s;109381>109380=180s;109381>109381=180s;109388>109388=180s;109388>109389=180s;109388>109390=180s;109389>109388=180s;109389>109389=180s;109389>109390=180s;109390>109388=180s;109390>109389=180s;109390>109390=180s","medium","deterministic rank from 11 lines, 2 MATSim modes, 4 carsharing spaces, mp_id 56","embedded line break in name"
"16","alternative","true","9","14","Kidlerplatz","Kidlerplatz 8, 58 Kidlerplatz 8, 58","689153.082","5332426.969","4465972.993","5331094.016","102.7","108565","108561;108563;108563.1;108563.2;108564;108565;108565.1;108565.2","108563;108563.1;108563.2;108564;108565;108565.1;108565.2","108561=[108561;108563;108563.1;108563.2;108564;108565;108565.1;108565.2]","Am Harras","11","XXX---2272033_3;XXX---2272034_3;XXX---2272052_3;XXX---2272053_3;XXX---2272054_3;XXX---2272068_3;XXX---2272125_3;XXX---2272126_3;XXX---2272127_3;XXX---2272128_3;XXX---2272140_3","37","bus","bus=Ja|tram=Nein|u_bahn=Ja|s_bahn=Nein","bus:match;s_bahn:match_via_rail_proxy;tram:match;u_bahn:mismatch","7","110","9","108563>108563=180s;108563>108564=180s;108563>108565=180s;108564>108563=180s;108564>108564=180s;108564>108565=180s;108565>108563=180s;108565>108564=180s;108565>108565=180s","medium","deterministic rank from 11 lines, 1 MATSim modes, 7 carsharing spaces, mp_id 14","embedded line break in address; LHM u_bahn=Ja vs MATSim subway=false"
"17","alternative","true","111","37","Messestadt West","Willy-Brandt-Allee + Olof-Palme-Straße","700112.556","5334611.405","4477008.691","5332849.434","10.6","108852","108848;108849;108849.1;108849.2;108850;108850.1;108851;108852;108853;108853.1;108854;108854.1","108849;108849.1;108849.2;108850;108850.1;108851;108852;108853;108853.1;108854;108854.1","108848=[108848;108849;108849.1;108849.2;108850;108850.1;108851;108852;108853;108853.1;108854;108854.1]","Messestadt West","10","XXX---2268575_3;XXX---2268587_3;XXX---2268588_3;XXX---2271996_1;XXX---2272057_3;XXX---2272096_3;XXX---2272103_3;XXX---2272132_3;XXX---MUC_U2_neu Prognose;XXX---MUC_U4_neu Prognose","81","bus;subway","bus=Ja|tram=Nein|u_bahn=Ja|s_bahn=Nein","bus:match;s_bahn:match_via_rail_proxy;tram:match;u_bahn:match","6","90","36","108849>108849=180s;108849>108850=180s;108849>108851=180s;108849>108852=180s;108849>108853=180s;108849>108854=180s;108850>108849=180s;108850>108850=180s;108850>108851=180s;108850>108852=180s;108850>108853=180s;108850>108854=180s;108851>108849=180s;108851>108850=180s;108851>108851=180s;108851>108852=180s;108851>108853=180s;108851>108854=180s;108852>108849=180s;108852>108850=180s;108852>108851=180s;108852>108852=180s;108852>108853=180s;108852>108854=180s;108853>108849=180s;108853>108850=180s;108853>108851=180s;108853>108852=180s;108853>108853=180s;108853>108854=180s;108854>108849=180s;108854>108850=180s;108854>108851=180s;108854>108852=180s;108854>108853=180s;108854>108854=180s","high","deterministic rank from 10 lines, 2 MATSim modes, 6 carsharing spaces, mp_id 37","none"
"18","alternative","true","26","42","Trudering Bahnhof Süd","Karpfenstr. / Truderinger straße 272","698260.888","5333615.099","4475119.737","5331926.153","42.4","107997","107994;107994.1;107994.2;107994.3;107994.4;107994.5;107994.6;107995;107995.1;107995.2;107996;107996.1;107996.2;107997","107994;107994.1;107994.2;107994.3;107994.4;107994.5;107994.6;107995;107995.1;107995.2;107996;107996.1;107996.2;107997","107993=[107994;107994.1;107994.2;107994.3;107994.4;107994.5;107994.6;107995;107995.1;107995.2;107996;107996.1;107996.2;107997]","Trudering","10","XXX---162459_109;XXX---162460_109;XXX---2272057_3;XXX---2272098_3;XXX---2272105_3;XXX---2272106_3;XXX---2272107_3;XXX---FT_NR_A;XXX---S1_Prognose_Ebersberg/Leuchtenbergring-Schwaigerlohe/Freising;XXX---S4_Prognose_Geltendorf-Grafing","141","bus;rail","bus=Ja|tram=Nein|u_bahn=Ja|s_bahn=Ja","bus:match;s_bahn:match_via_rail_proxy;tram:match;u_bahn:mismatch","4","90","16","107994>107994=300s;107994>107995=300s;107994>107996=300s;107994>107997=300s;107995>107994=300s;107995>107995=300s;107995>107996=300s;107995>107997=300s;107996>107994=300s;107996>107995=300s;107996>107996=300s;107996>107997=300s;107997>107994=300s;107997>107995=300s;107997>107996=300s;107997>107997=300s","medium","deterministic rank from 10 lines, 2 MATSim modes, 4 carsharing spaces, mp_id 42","LHM u_bahn=Ja vs MATSim subway=false"
"19","alternative","true","8","1905","Fürstenried West","Schweizer Platz 2 / Graubündener Straße 9","684717.908","5329113.052","4461412.100","5327955.497","15.2","109213","109145;109146;109210;109211;109211.1;109212;109212.1;109213;109213.1;109214;109214.1;109214.2;109215;109215.1;109216;109216.1;109217;109217.1;109218","109146;109211;109211.1;109212;109212.1;109213;109213.1;109214;109214.1;109214.2;109215;109215.1;109216;109216.1;109217;109217.1;109218","109145=[109145;109146]|109210=[109210;109211;109211.1;109212;109212.1;109213;109213.1;109214;109214.1;109214.2;109215;109215.1;109216;109216.1;109217;109217.1;109218]","Fürstenried West;Maxhofstraße","10","XXX---2268584_3;XXX---2268585_3;XXX---2268591_3;XXX---2268767_3;XXX---2271997_1;XXX---2272036_3;XXX---2272054_3;XXX---2272080_3;XXX---2272126_3;XXX---MUC_U3_neu Prognose","88","bus;subway","bus=Ja|tram=Nein|u_bahn=Ja|s_bahn=Nein","bus:match;s_bahn:match_via_rail_proxy;tram:match;u_bahn:match","4","90","65","109146>109146=0s;109211>109211=180s;109211>109212=180s;109211>109213=180s;109211>109214=180s;109211>109215=180s;109211>109216=180s;109211>109217=180s;109211>109218=180s;109212>109211=180s;109212>109212=180s;109212>109213=180s;109212>109214=180s;109212>109215=180s;109212>109216=180s;109212>109217=180s;109212>109218=180s;109213>109211=180s;109213>109212=180s;109213>109213=180s;109213>109214=180s;109213>109215=180s;109213>109216=180s;109213>109217=180s;109213>109218=180s;109214>109211=180s;109214>109212=180s;109214>109213=180s;109214>109214=180s;109214>109215=180s;109214>109216=180s;109214>109217=180s;109214>109218=180s;109215>109211=180s;109215>109212=180s;109215>109213=180s;109215>109214=180s;109215>109215=180s;109215>109216=180s;109215>109217=180s;109215>109218=180s;109216>109211=180s;109216>109212=180s;109216>109213=180s;109216>109214=180s;109216>109215=180s;109216>109216=180s;109216>109217=180s;109216>109218=180s;109217>109211=180s;109217>109212=180s;109217>109213=180s;109217>109214=180s;109217>109215=180s;109217>109216=180s;109217>109217=180s;109217>109218=180s;109218>109211=180s;109218>109212=180s;109218>109213=180s;109218>109214=180s;109218>109215=180s;109218>109216=180s;109218>109217=180s;109218>109218=180s","high","deterministic rank from 10 lines, 2 MATSim modes, 4 carsharing spaces, mp_id 1905","none"
"20","alternative","true","97","12","Kolumbusplatz","Kolumbusstraße 30","691728.845","5332887.253","4468564.658","5331453.532","36.7","106624","106334;106336;106337;106623;106624;106625;106626;106627;106628;106628.1;106629;106629.1;106630;106634;106635","106336;106337;106624;106625;106627;106628;106628.1;106629;106629.1;106630;106635","106334=[106334;106336;106337]|106623=[106623;106624;106625]|106626=[106626;106627;106628;106628.1;106629;106629.1;106630]|106634=[106634;106635]","Humboldtstraße;Kolumbusplatz;Kolumbusplatz (Nord);Kolumbusplatz / Humboldtstraße","9","XXX---2271995_1;XXX---2271996_1;XXX---2272001_1;XXX---2272032_3;XXX---2272038_3;XXX---2272043_3;XXX---2272129_3;XXX---MUC_U1_neu Prognose;XXX---MUC_U2_neu Prognose","70","bus;subway","bus=Ja|tram=Nein|u_bahn=Ja|s_bahn=Nein","bus:match;s_bahn:match_via_rail_proxy;tram:match;u_bahn:match","7","72","25","106336>106336=180s;106336>106337=180s;106337>106336=180s;106337>106337=180s;106624>106624=180s;106624>106625=180s;106625>106624=180s;106625>106625=180s;106627>106627=180s;106627>106628=180s;106627>106629=180s;106627>106630=180s;106628>106627=180s;106628>106628=180s;106628>106629=180s;106628>106630=180s;106629>106627=180s;106629>106628=180s;106629>106629=180s;106629>106630=180s;106630>106627=180s;106630>106628=180s;106630>106629=180s;106630>106630=180s;106635>106635=0s","medium","deterministic rank from 9 lines, 2 MATSim modes, 7 carsharing spaces, mp_id 12","embedded line break in name"
"21","eligible_not_shortlisted","true","110","205","Goetheplatz","Waltherstraße 33 / Häberlstraße 6","690355.533","5333819.312","4467228.773","5332438.386","45.8","106237","106232;106233;106234;106235;106236;106236.1;106237;106237.1;106238","106233;106234;106235;106236;106236.1;106237;106237.1;106238","106232=[106232;106233;106234;106235;106236;106236.1;106237;106237.1;106238]","Goetheplatz","9","XXX---2271997_1;XXX---2272000_1;XXX---2272038_3;XXX---2272043_3;XXX---2272125_3;XXX---2272126_3;XXX---2272129_3;XXX---MUC_U3_neu Prognose;XXX---MUC_U6_neu Prognose","96","bus;subway","bus=Ja|tram=Nein|u_bahn=Ja|s_bahn=Nein","bus:match;s_bahn:match_via_rail_proxy;tram:match;u_bahn:match","6","72","36","106233>106233=180s;106233>106234=180s;106233>106235=180s;106233>106236=180s;106233>106237=180s;106233>106238=180s;106234>106233=180s;106234>106234=180s;106234>106235=180s;106234>106236=180s;106234>106237=180s;106234>106238=180s;106235>106233=180s;106235>106234=180s;106235>106235=180s;106235>106236=180s;106235>106237=180s;106235>106238=180s;106236>106233=180s;106236>106234=180s;106236>106235=180s;106236>106236=180s;106236>106237=180s;106236>106238=180s;106237>106233=180s;106237>106234=180s;106237>106235=180s;106237>106236=180s;106237>106237=180s;106237>106238=180s;106238>106233=180s;106238>106234=180s;106238>106235=180s;106238>106236=180s;106238>106237=180s;106238>106238=180s","high","deterministic rank from 9 lines, 2 MATSim modes, 6 carsharing spaces, mp_id 205","none"
"22","eligible_not_shortlisted","true","99","403","Petuelring","Birnauerstraße 4","690739.005","5338972.754","4467812.925","5337572.784","34.4","107014","107010;107011;107011.1;107011.2;107011.3;107012;107012.1;107012.2;107013;107013.1;107013.2;107014;107014.1;107015;107016;107017;107017.1;107017.2","107011;107011.1;107011.2;107011.3;107012;107012.1;107012.2;107013;107013.1;107013.2;107014;107014.1;107015;107016;107017;107017.1;107017.2","107010=[107010;107011;107011.1;107011.2;107011.3;107012;107012.1;107012.2;107013;107013.1;107013.2;107014;107014.1;107015;107016;107017;107017.1;107017.2]","Petuelring","8","XXX---2271997_1;XXX---2272014_0;XXX---2272028_0;XXX---2272087_3;XXX---2272091_3;XXX---2272092_3;XXX---27_MUC_Tram neu Prognose;XXX---MUC_U3_neu Prognose","58","bus;subway;tram","bus=Ja|tram=Ja|u_bahn=Ja|s_bahn=Nein","bus:match;s_bahn:match_via_rail_proxy;tram:match;u_bahn:match","6","56","49","107011>107011=180s;107011>107012=180s;107011>107013=180s;107011>107014=180s;107011>107015=180s;107011>107016=180s;107011>107017=180s;107012>107011=180s;107012>107012=180s;107012>107013=180s;107012>107014=180s;107012>107015=180s;107012>107016=180s;107012>107017=180s;107013>107011=180s;107013>107012=180s;107013>107013=180s;107013>107014=180s;107013>107015=180s;107013>107016=180s;107013>107017=180s;107014>107011=180s;107014>107012=180s;107014>107013=180s;107014>107014=180s;107014>107015=180s;107014>107016=180s;107014>107017=180s;107015>107011=180s;107015>107012=180s;107015>107013=180s;107015>107014=180s;107015>107015=180s;107015>107016=180s;107015>107017=180s;107016>107011=180s;107016>107012=180s;107016>107013=180s;107016>107014=180s;107016>107015=180s;107016>107016=180s;107016>107017=180s;107017>107011=180s;107017>107012=180s;107017>107013=180s;107017>107014=180s;107017>107015=180s;107017>107016=180s;107017>107017=180s","high","deterministic rank from 8 lines, 3 MATSim modes, 6 carsharing spaces, mp_id 403","none"
"23","eligible_not_shortlisted","true","80","5","Pacellistraße","Pacellistraße 5","691218.693","5335116.430","4468141.822","5333700.820","120.6","106161","106157;106158;106158.1;106158.2;106158.3;106161;106161.1","106158;106158.1;106158.2;106158.3;106161;106161.1","106157=[106157;106158;106158.1;106158.2;106158.3;106161;106161.1]","Lenbachplatz","8","XXX---19_MUC_Tram neu Prognose;XXX---21_MUC_Tram neu Prognose;XXX---2272009_0;XXX---2272017_0;XXX---2272026_0;XXX---2272125_3;XXX---2272126_3;XXX---2272129_3","16","bus;tram","bus=Nein|tram=Ja|u_bahn=Ja|s_bahn=Nein","bus:mismatch;s_bahn:match_via_rail_proxy;tram:match;u_bahn:mismatch","6","56","4","106158>106158=180s;106158>106161=180s;106161>106158=180s;106161>106161=180s","medium","deterministic rank from 8 lines, 2 MATSim modes, 6 carsharing spaces, mp_id 5","LHM bus=Nein vs MATSim bus=true; LHM u_bahn=Ja vs MATSim subway=false"
"24","eligible_not_shortlisted","true","15","21","Heimeranplatz","Trappentreustraße 46 - 48","688514.795","5334270.849","4465407.088","5332961.334","13.3","108617","106418;106419;106421;108614;108616;108616.1;108616.2;108616.3;108617;108617.1;108618;108618.1;108620","106419;106421;108616;108616.1;108616.2;108616.3;108617;108617.1;108618;108618.1;108620","106418=[106418;106419;106421]|108614=[108614;108616;108616.1;108616.2;108616.3;108617;108617.1;108618;108618.1;108620]","Heimeranplatz;Kazmairstraße","8","XXX---2271998_1;XXX---2271999_1;XXX---2272033_3;XXX---2272041_3;XXX---2272042_3;XXX---2272068_3;XXX---2272127_3;XXX---2272128_3","45","bus;subway","bus=Ja|tram=Nein|u_bahn=Ja|s_bahn=Ja","bus:match;s_bahn:mismatch_via_rail_proxy;tram:match;u_bahn:match","6","56","20","106419>106419=180s;106419>106421=180s;106421>106419=180s;106421>106421=180s;108616>108616=300s;108616>108617=300s;108616>108618=300s;108616>108620=300s;108617>108616=300s;108617>108617=300s;108617>108618=300s;108617>108620=300s;108618>108616=300s;108618>108617=300s;108618>108618=300s;108618>108620=300s;108620>108616=300s;108620>108617=300s;108620>108618=300s;108620>108620=300s","medium","deterministic rank from 8 lines, 2 MATSim modes, 6 carsharing spaces, mp_id 21","LHM s_bahn=Ja vs MATSim rail proxy=false"
"25","eligible_not_shortlisted","true","55","2507","Westendstraße","Hauzenberger Straße 26","687624.511","5334379.511","4464521.734","5333104.622","39.4","106824","106819;106820;106821;106821.1;106821.2;106822;106823;106824;106824.1;106825;106825.1","106820;106821;106821.1;106821.2;106822;106823;106824;106824.1;106825;106825.1","106819=[106819;106820;106821;106821.1;106821.2;106822;106823;106824;106824.1;106825;106825.1]","Westendstraße","7","XXX---18_MUC_Tram neu Prognose;XXX---2271998_1;XXX---2271999_1;XXX---2272008_0;XXX---2272052_3;XXX---MUC_U4_neu Prognose;XXX---MUC_U5_neu Prognose","45","bus;subway;tram","bus=Ja|tram=Ja|u_bahn=Ja|s_bahn=Nein","bus:match;s_bahn:match_via_rail_proxy;tram:match;u_bahn:match","8","42","36","106820>106820=180s;106820>106821=180s;106820>106822=180s;106820>106823=180s;106820>106824=180s;106820>106825=180s;106821>106820=180s;106821>106821=180s;106821>106822=180s;106821>106823=180s;106821>106824=180s;106821>106825=180s;106822>106820=180s;106822>106821=180s;106822>106822=180s;106822>106823=180s;106822>106824=180s;106822>106825=180s;106823>106820=180s;106823>106821=180s;106823>106822=180s;106823>106823=180s;106823>106824=180s;106823>106825=180s;106824>106820=180s;106824>106821=180s;106824>106822=180s;106824>106823=180s;106824>106824=180s;106824>106825=180s;106825>106820=180s;106825>106821=180s;106825>106822=180s;106825>106823=180s;106825>106824=180s;106825>106825=180s","high","deterministic rank from 7 lines, 3 MATSim modes, 8 carsharing spaces, mp_id 2507","none"
"26","eligible_not_shortlisted","true","16","208","Hauptbahnhof Süd","Goethestraße","690347.255","5334903.015","4467262.754","5333521.554","52.9","109956","106094;106095;109956;109958;109959;109959.1","106094;106095;109958;109959;109959.1","106087=[106094;106095]|109956=[109956;109958;109959;109959.1]","Hauptbahnhof (S, U, Bus, Tram);Hauptbahnhof Süd","7","XXX---2271998_1;XXX---2271999_1;XXX---2272008_0;XXX---2272009_0;XXX---2272016_0;XXX---2272029_0;XXX---2272043_3","30","bus;subway;tram","bus=Ja|tram=Ja|u_bahn=Ja|s_bahn=Ja","bus:match;s_bahn:mismatch_via_rail_proxy;tram:match;u_bahn:match","7","42","8","106094>106094=180s;106094>106095=180s;106095>106094=180s;106095>106095=180s;109958>109958=180s;109958>109959=180s;109959>109958=180s;109959>109959=180s","medium","deterministic rank from 7 lines, 3 MATSim modes, 7 carsharing spaces, mp_id 208","LHM s_bahn=Ja vs MATSim rail proxy=false"
"27","eligible_not_shortlisted","true","92","19","Georg-Freundorfer-Platz","Heimeranstraße 39 und Sandtnerstraße 3 - 5","689000.162","5334288.467","4465892.762","5332960.014","50.5","106813","106812;106813;106813.1;106813.2;106814;106815;106815.1;106816","106813;106813.1;106813.2;106814;106815;106815.1;106816","106812=[106812;106813;106813.1;106813.2;106814;106815;106815.1;106816]","Schwanthalerhöhe","7","XXX---2271998_1;XXX---2271999_1;XXX---2272033_3;XXX---2272054_3;XXX---2272068_3;XXX---MUC_U4_neu Prognose;XXX---MUC_U5_neu Prognose","44","bus;subway","bus=Ja|tram=Nein|u_bahn=Ja|s_bahn=Nein","bus:match;s_bahn:match_via_rail_proxy;tram:match;u_bahn:match","8","42","16","106813>106813=180s;106813>106814=180s;106813>106815=180s;106813>106816=180s;106814>106813=180s;106814>106814=180s;106814>106815=180s;106814>106816=180s;106815>106813=180s;106815>106814=180s;106815>106815=180s;106815>106816=180s;106816>106813=180s;106816>106814=180s;106816>106815=180s;106816>106816=180s","high","deterministic rank from 7 lines, 2 MATSim modes, 8 carsharing spaces, mp_id 19","none"
"28","eligible_not_shortlisted","true","68","1803","Candidplatz","Pilgersheimer Str. 89","691389.812","5331952.085","4468189.444","5330532.326","68.0","108703","108700;108701;108702;108702.1;108703;108704;108705;108705.1;108706","108701;108702;108702.1;108703;108704;108705;108705.1;108706","108700=[108700;108701;108702;108702.1;108703;108704;108705;108705.1;108706]","Candidplatz","7","XXX---2271995_1;XXX---2272032_3;XXX---2272034_3;XXX---2272127_3;XXX---2272128_3;XXX---2272140_3;XXX---MUC_U1_neu Prognose","42","bus;subway","bus=Ja|tram=Nein|u_bahn=Ja|s_bahn=Nein","bus:match;s_bahn:match_via_rail_proxy;tram:match;u_bahn:match","6","42","36","108701>108701=180s;108701>108702=180s;108701>108703=180s;108701>108704=180s;108701>108705=180s;108701>108706=180s;108702>108701=180s;108702>108702=180s;108702>108703=180s;108702>108704=180s;108702>108705=180s;108702>108706=180s;108703>108701=180s;108703>108702=180s;108703>108703=180s;108703>108704=180s;108703>108705=180s;108703>108706=180s;108704>108701=180s;108704>108702=180s;108704>108703=180s;108704>108704=180s;108704>108705=180s;108704>108706=180s;108705>108701=180s;108705>108702=180s;108705>108703=180s;108705>108704=180s;108705>108705=180s;108705>108706=180s;108706>108701=180s;108706>108702=180s;108706>108703=180s;108706>108704=180s;108706>108705=180s;108706>108706=180s","high","deterministic rank from 7 lines, 2 MATSim modes, 6 carsharing spaces, mp_id 1803","none"
"29","eligible_not_shortlisted","true","35","1805","Wettersteinplatz","Wettersteinplatz 1","691677.739","5331628.287","4468464.522","5330197.564","32.7","108742","108741;108742;108742.1;108743;108744;108744.1;108745","108742;108742.1;108743;108744;108744.1;108745","108741=[108741;108742;108742.1;108743;108744;108744.1;108745]","Wettersteinplatz","7","XXX---13_MUC_Tram neu Prognose;XXX---2271995_1;XXX---2272005_0;XXX---2272013_0;XXX---2272028_0;XXX---25_MUC_Tram neu Prognose;XXX---MUC_U1_neu Prognose","46","subway;tram","bus=Ja|tram=Nein|u_bahn=Ja|s_bahn=Nein","bus:mismatch;s_bahn:match_via_rail_proxy;tram:mismatch;u_bahn:match","5","42","16","108742>108742=180s;108742>108743=180s;108742>108744=180s;108742>108745=180s;108743>108742=180s;108743>108743=180s;108743>108744=180s;108743>108745=180s;108744>108742=180s;108744>108743=180s;108744>108744=180s;108744>108745=180s;108745>108742=180s;108745>108743=180s;108745>108744=180s;108745>108745=180s","medium","deterministic rank from 7 lines, 2 MATSim modes, 5 carsharing spaces, mp_id 1805","LHM bus=Ja vs MATSim bus=false; LHM tram=Nein vs MATSim tram=true"
"30","eligible_not_shortlisted","true","32","28","Steubenplatz","Wendel-Dietrich-Straße 31 - 33","687463.028","5336171.416","4464430.251","5334901.433","63.4","106731","106728;106729;106729.1;106730;106731;106732;106733;106734","106729;106729.1;106730;106731;106732;106733;106734","106728=[106728;106729;106729.1;106730;106731;106732;106733;106734]","Steubenplatz","7","XXX---16_MUC_Tram neu Prognose;XXX---17_MUC_Tram neu Prognose;XXX---2272018_0;XXX---2272041_3;XXX---2272121_3;XXX---2272127_3;XXX---2272128_3","38","bus;tram","bus=Ja|tram=Ja|u_bahn=Nein|s_bahn=Nein","bus:match;s_bahn:match_via_rail_proxy;tram:match;u_bahn:match","4","42","36","106729>106729=180s;106729>106730=180s;106729>106731=180s;106729>106732=180s;106729>106733=180s;106729>106734=180s;106730>106729=180s;106730>106730=180s;106730>106731=180s;106730>106732=180s;106730>106733=180s;106730>106734=180s;106731>106729=180s;106731>106730=180s;106731>106731=180s;106731>106732=180s;106731>106733=180s;106731>106734=180s;106732>106729=180s;106732>106730=180s;106732>106731=180s;106732>106732=180s;106732>106733=180s;106732>106734=180s;106733>106729=180s;106733>106730=180s;106733>106731=180s;106733>106732=180s;106733>106733=180s;106733>106734=180s;106734>106729=180s;106734>106730=180s;106734>106731=180s;106734>106732=180s;106734>106733=180s;106734>106734=180s","high","deterministic rank from 7 lines, 2 MATSim modes, 4 carsharing spaces, mp_id 28","none"
"31","eligible_not_shortlisted","true","75","308","Stiglmaierplatz","Briennerstraße 59","690358.080","5335848.684","4467310.446","5334466.052","40.6","106644","106644;106644.1;106644.2;106645;106648;106649;106650","106644;106644.1;106644.2;106645;106648;106649;106650","106643=[106644;106644.1;106644.2;106645;106648;106649;106650]","Stiglmaierplatz","7","XXX---20_MUC_Tram neu Prognose;XXX---21_MUC_Tram neu Prognose;XXX---2272010_0;XXX---2272011_0;XXX---2272043_3;XXX---2272122_3;XXX---22_MUC_Tram neu Prognose","24","bus;tram","bus=Ja|tram=Ja|u_bahn=Ja|s_bahn=Nein","bus:match;s_bahn:match_via_rail_proxy;tram:match;u_bahn:mismatch","4","42","25","106644>106644=180s;106644>106645=180s;106644>106648=180s;106644>106649=180s;106644>106650=180s;106645>106644=180s;106645>106645=180s;106645>106648=180s;106645>106649=180s;106645>106650=180s;106648>106644=180s;106648>106645=180s;106648>106648=180s;106648>106649=180s;106648>106650=180s;106649>106644=180s;106649>106645=180s;106649>106648=180s;106649>106649=180s;106649>106650=180s;106650>106644=180s;106650>106645=180s;106650>106648=180s;106650>106649=180s;106650>106650=180s","medium","deterministic rank from 7 lines, 2 MATSim modes, 4 carsharing spaces, mp_id 308","LHM u_bahn=Ja vs MATSim subway=false"
"32","eligible_not_shortlisted","true","76","2001","Großhadern","Würmtalstraße 142","684254.338","5332102.569","4461065.383","5330960.811","53.1","109265","109263;109264;109264.1;109265;109266;109267;109268;109270;109270.1;109271;109271.1;109272","109264;109264.1;109265;109266;109267;109268;109270;109270.1;109271;109271.1;109272","109263=[109263;109264;109264.1;109265;109266;109267;109268;109270;109270.1;109271;109271.1;109272]","Großhadern","7","XXX---2268592_3;XXX---2268788_3;XXX---2272000_1;XXX---2272036_3;XXX---2272074_3;XXX---2272125_3;XXX---MUC_U6_neu Prognose","46","bus;subway","bus=Ja|tram=Nein|u_bahn=Ja|s_bahn=Nein","bus:match;s_bahn:match_via_rail_proxy;tram:match;u_bahn:match","4","42","64","109264>109264=180s;109264>109265=180s;109264>109266=180s;109264>109267=180s;109264>109268=180s;109264>109270=180s;109264>109271=180s;109264>109272=180s;109265>109264=180s;109265>109265=180s;109265>109266=180s;109265>109267=180s;109265>109268=180s;109265>109270=180s;109265>109271=180s;109265>109272=180s;109266>109264=180s;109266>109265=180s;109266>109266=180s;109266>109267=180s;109266>109268=180s;109266>109270=180s;109266>109271=180s;109266>109272=180s;109267>109264=180s;109267>109265=180s;109267>109266=180s;109267>109267=180s;109267>109268=180s;109267>109270=180s;109267>109271=180s;109267>109272=180s;109268>109264=180s;109268>109265=180s;109268>109266=180s;109268>109267=180s;109268>109268=180s;109268>109270=180s;109268>109271=180s;109268>109272=180s;109270>109264=180s;109270>109265=180s;109270>109266=180s;109270>109267=180s;109270>109268=180s;109270>109270=180s;109270>109271=180s;109270>109272=180s;109271>109264=180s;109271>109265=180s;109271>109266=180s;109271>109267=180s;109271>109268=180s;109271>109270=180s;109271>109271=180s;109271>109272=180s;109272>109264=180s;109272>109265=180s;109272>109266=180s;109272>109267=180s;109272>109268=180s;109272>109270=180s;109272>109271=180s;109272>109272=180s","high","deterministic rank from 7 lines, 2 MATSim modes, 4 carsharing spaces, mp_id 2001","none"
"33","eligible_not_shortlisted","true","79","603","Mittersendling Ost","Leipartstraße 20","688841.501","5331459.568","4465623.951","5330139.517","76.1","142512","142511;142512;142512.1;142512.2;142512.3","142512;142512.1;142512.2;142512.3","142511=[142511;142512;142512.1;142512.2;142512.3]","Mittersendling","7","XXX---162007_2_1158070084;XXX---162007_2_1158070147;XXX---162457_109;XXX---162461_109;XXX---N 67.a BY;XXX---S20_Prognose_Höllriegelskreuth-Pasing;XXX---S7_Prognose_Geretsried Süd-Kreuzstraße","62","rail","bus=Nein|tram=Nein|u_bahn=Nein|s_bahn=Ja","bus:match;s_bahn:match_via_rail_proxy;tram:match;u_bahn:match","5","42","1","142512>142512=180s","medium","deterministic rank from 7 lines, 1 MATSim modes, 5 carsharing spaces, mp_id 603","none"
"34","eligible_not_shortlisted","true","31","2505","Friedenheimer Straße","Zschokkestraße / Burgkmairstraße","686900.545","5334348.422","4463797.118","5333101.785","81.7","106828","106826;106827;106827.1;106828;108806;108807;108807.1","106827;106827.1;106828;108806;108807;108807.1","106826=[106826;106827;106827.1;106828]|108805=[108806;108807;108807.1]","Friedenheimer Straße;Siglstraße","6","XXX---18_MUC_Tram neu Prognose;XXX---2271999_1;XXX---2272008_0;XXX---2272052_3;XXX---MUC_U4_neu Prognose;XXX---MUC_U5_neu Prognose","29","bus;subway;tram","bus=Ja|tram=Ja|u_bahn=Ja|s_bahn=Nein","bus:match;s_bahn:match_via_rail_proxy;tram:match;u_bahn:match","4","30","8","106827>106827=180s;106827>106828=180s;106828>106827=180s;106828>106828=180s;108806>108806=180s;108806>108807=180s;108807>108806=180s;108807>108807=180s","medium","deterministic rank from 6 lines, 3 MATSim modes, 4 carsharing spaces, mp_id 2505","none"
"35","eligible_not_shortlisted","true","63","1308","Fritz-Meyer-Weg","Fritz-Meyer-Weg","695991.580","5338807.805","4473054.814","5337203.049","30.5","107499","107499;107500;107501;107502;107502.1;107503","107500;107501;107502;107502.1;107503","107499=[107499;107500;107501;107502;107502.1;107503]","Fritz-Meyer-Weg","6","XXX---17_MUC_Tram neu Prognose;XXX---21_MUC_Tram neu Prognose;XXX---2272006_0;XXX---2272007_0;XXX---2272030_3;XXX---2272131_3","41","bus;tram","bus=Ja|tram=Ja|u_bahn=Nein|s_bahn=Nein","bus:match;s_bahn:match_via_rail_proxy;tram:match;u_bahn:match","7","30","16","107500>107500=180s;107500>107501=180s;107500>107502=180s;107500>107503=180s;107501>107500=180s;107501>107501=180s;107501>107502=180s;107501>107503=180s;107502>107500=180s;107502>107501=180s;107502>107502=180s;107502>107503=180s;107503>107500=180s;107503>107501=180s;107503>107502=180s;107503>107503=180s","high","deterministic rank from 6 lines, 2 MATSim modes, 7 carsharing spaces, mp_id 1308","none"
"36","eligible_not_shortlisted","true","48","11","Falkenstraße","Falkenstraße 7 / 8a","691990.081","5333225.948","4468838.888","5331781.773","104.8","106245","106242;106243;106243.1;106243.2;106244;106245","106243;106243.1;106243.2;106244;106245","106242=[106242;106243;106243.1;106243.2;106244;106245]","Mariahilfplatz","6","XXX---18_MUC_Tram neu Prognose;XXX---2272008_0;XXX---2272010_0;XXX---2272028_0;XXX---2272032_3;XXX---28_MUC_Tram neu Prognose","17","bus;tram","bus=Ja|tram=Ja|u_bahn=Nein|s_bahn=Nein","bus:match;s_bahn:match_via_rail_proxy;tram:match;u_bahn:match","5","30","9","106243>106243=180s;106243>106244=180s;106243>106245=180s;106244>106243=180s;106244>106244=180s;106244>106245=180s;106245>106243=180s;106245>106244=180s;106245>106245=180s","medium","deterministic rank from 6 lines, 2 MATSim modes, 5 carsharing spaces, mp_id 11","embedded line break in name"
"37","eligible_not_shortlisted","true","37","1302","Richard-Strauss-Straße","Richard-Strauss-Straße","694605.026","5336124.920","4471564.751","5334576.446","10.7","107700","107699;107700;107701;107701.1;107702;107703;107704;107704.1;107705","107700;107701;107701.1;107702;107703;107704;107704.1;107705","107699=[107699;107700;107701;107701.1;107702;107703;107704;107704.1;107705]","Richard-Strauss-Straße","6","XXX---2271998_1;XXX---2272039_3;XXX---2272100_3;XXX---2272101_3;XXX---2272102_3;XXX---MUC_U4_neu Prognose","47","bus;subway","bus=Ja|tram=Nein|u_bahn=Ja|s_bahn=Nein","bus:match;s_bahn:match_via_rail_proxy;tram:match;u_bahn:match","5","30","36","107700>107700=180s;107700>107701=180s;107700>107702=180s;107700>107703=180s;107700>107704=180s;107700>107705=180s;107701>107700=180s;107701>107701=180s;107701>107702=180s;107701>107703=180s;107701>107704=180s;107701>107705=180s;107702>107700=180s;107702>107701=180s;107702>107702=180s;107702>107703=180s;107702>107704=180s;107702>107705=180s;107703>107700=180s;107703>107701=180s;107703>107702=180s;107703>107703=180s;107703>107704=180s;107703>107705=180s;107704>107700=180s;107704>107701=180s;107704>107702=180s;107704>107703=180s;107704>107704=180s;107704>107705=180s;107705>107700=180s;107705>107701=180s;107705>107702=180s;107705>107703=180s;107705>107704=180s;107705>107705=180s","high","deterministic rank from 6 lines, 2 MATSim modes, 5 carsharing spaces, mp_id 1302","none"
"38","eligible_not_shortlisted","true","56","602","Brudermühlstraße","Thalkirchener Straße 143-145","689687.917","5331841.696","4466484.596","5330488.356","64.2","109120","109118;109119;109119.1;109120;109120.1;109121;109122","109119;109119.1;109120;109120.1;109121;109122","109118=[109118;109119;109119.1;109120;109120.1;109121;109122]","Brudermühlstraße","6","XXX---2271997_1;XXX---2272034_3;XXX---2272127_3;XXX---2272128_3;XXX---2272140_3;XXX---MUC_U3_neu Prognose","64","bus;subway","bus=Nein|tram=Nein|u_bahn=Ja|s_bahn=Nein","bus:mismatch;s_bahn:match_via_rail_proxy;tram:match;u_bahn:match","4","30","16","109119>109119=180s;109119>109120=180s;109119>109121=180s;109119>109122=180s;109120>109119=180s;109120>109120=180s;109120>109121=180s;109120>109122=180s;109121>109119=180s;109121>109120=180s;109121>109121=180s;109121>109122=180s;109122>109119=180s;109122>109120=180s;109122>109121=180s;109122>109122=180s","medium","deterministic rank from 6 lines, 2 MATSim modes, 4 carsharing spaces, mp_id 602","LHM bus=Nein vs MATSim bus=true"
"39","eligible_not_shortlisted","true","120","2504","Agnes-Bernauer-Straße","Friedenheimerstraße 27 (ggü)","686796.133","5334854.780","4463712.529","5333611.823","22.5","108767","108767;108768;108768.1;108769;108770;108771","108768;108768.1;108769;108770;108771","108767=[108767;108768;108768.1;108769;108770;108771]","Agnes-Bernauer-Straße","6","XXX---19_MUC_Tram neu Prognose;XXX---2272009_0;XXX---2272016_0;XXX---2272029_0;XXX---2272052_3;XXX---23_MUC_Tram neu Prognose","27","bus;tram","bus=Ja|tram=Ja|u_bahn=Nein|s_bahn=Nein","bus:match;s_bahn:match_via_rail_proxy;tram:match;u_bahn:match","4","30","16","108768>108768=180s;108768>108769=180s;108768>108770=180s;108768>108771=180s;108769>108768=180s;108769>108769=180s;108769>108770=180s;108769>108771=180s;108770>108768=180s;108770>108769=180s;108770>108770=180s;108770>108771=180s;108771>108768=180s;108771>108769=180s;108771>108770=180s;108771>108771=180s","high","deterministic rank from 6 lines, 2 MATSim modes, 4 carsharing spaces, mp_id 2504","none"
"40","eligible_not_shortlisted","true","39","29","Troppauer Straße","Troppauerstraße 1","691149.492","5341195.488","4468309.817","5339777.730","13.2","107781","107780;107781;107781.1;107781.2;107782;107782.1;107782.2;107789;107796;107797","107781;107781.1;107781.2;107782;107782.1;107782.2;107796;107797","107780=[107780;107781;107781.1;107781.2;107782;107782.1;107782.2]|107789=[107789;107796;107797]","Am Hart;Am Hart Süd","6","XXX---2271996_1;XXX---2272086_3;XXX---2272094_3;XXX---2272126_3;XXX---2272145_3;XXX---MUC_U2_neu Prognose","32","bus;subway","bus=Ja|tram=Nein|u_bahn=Ja|s_bahn=Nein","bus:match;s_bahn:match_via_rail_proxy;tram:match;u_bahn:match","3","30","8","107781>107781=180s;107781>107782=180s;107782>107781=180s;107782>107782=180s;107796>107796=180s;107796>107797=180s;107797>107796=180s;107797>107797=180s","medium","deterministic rank from 6 lines, 2 MATSim modes, 3 carsharing spaces, mp_id 29","embedded line break in name"
"41","eligible_not_shortlisted","true","19","202","Fraunhoferstraße","Baaderstraße 78","691674.273","5333781.566","4468544.993","5332349.259","30.7","106603","106602;106602.1;106602.2;106603;106604;106605","106602;106602.1;106602.2;106603;106604;106605","106601=[106602;106602.1;106602.2;106603;106604;106605]","Fraunhoferstraße","6","XXX---18_MUC_Tram neu Prognose;XXX---2272008_0;XXX---2272010_0;XXX---2272028_0;XXX---2272053_3;XXX---28_MUC_Tram neu Prognose","24","bus;tram","bus=Ja|tram=Ja|u_bahn=Ja|s_bahn=Nein","bus:match;s_bahn:match_via_rail_proxy;tram:match;u_bahn:mismatch","3","30","16","106602>106602=180s;106602>106603=180s;106602>106604=180s;106602>106605=180s;106603>106602=180s;106603>106603=180s;106603>106604=180s;106603>106605=180s;106604>106602=180s;106604>106603=180s;106604>106604=180s;106604>106605=180s;106605>106602=180s;106605>106603=180s;106605>106604=180s;106605>106605=180s","medium","deterministic rank from 6 lines, 2 MATSim modes, 3 carsharing spaces, mp_id 202","LHM u_bahn=Ja vs MATSim subway=false"
"42","eligible_not_shortlisted","true","22","31","Freimann","Zinnienstraße 21","694312.623","5340805.351","4471455.172","5339264.468","88.2","107409","107203;107204;107204.1;107205;107205.1;107408;107409;107410;107410.1","107204;107204.1;107205;107205.1;107409;107410;107410.1","107203=[107203;107204;107204.1;107205;107205.1]|107408=[107408;107409;107410;107410.1]","Freimann;Situlistraße","6","XXX---2271997_1;XXX---2272000_1;XXX---2272095_3;XXX---2272125_3;XXX---MUC_U3_neu Prognose;XXX---MUC_U6_neu Prognose","53","bus;subway","bus=Ja|tram=Nein|u_bahn=Ja|s_bahn=Nein","bus:match;s_bahn:match_via_rail_proxy;tram:match;u_bahn:match","2","30","8","107204>107204=180s;107204>107205=180s;107205>107204=180s;107205>107205=180s;107409>107409=180s;107409>107410=180s;107410>107409=180s;107410>107410=180s","medium","deterministic rank from 6 lines, 2 MATSim modes, 2 carsharing spaces, mp_id 31","none"
"43","eligible_not_shortlisted","true","6","204","Ickstattstraße","Ickstattstraße 4","691228.035","5333961.708","4468106.134","5332546.654","136.4","106231","106230;106231;106231.1","106230;106231;106231.1","106228=[106230;106231;106231.1]","Müllerstraße","6","XXX---2272006_0;XXX---2272007_0;XXX---2272008_0;XXX---2272010_0;XXX---2272025_0;XXX---2272028_0","17","tram","bus=Nein|tram=Nein|u_bahn=Nein|s_bahn=Nein","bus:match;s_bahn:match_via_rail_proxy;tram:mismatch;u_bahn:match","4","30","4","106230>106230=180s;106230>106231=180s;106231>106230=180s;106231>106231=180s","medium","deterministic rank from 6 lines, 1 MATSim modes, 4 carsharing spaces, mp_id 204","LHM tram=Nein vs MATSim tram=true"
"44","eligible_not_shortlisted","true","28","1105","Harthof","Parlerstraße/Weyprechtstraße","690964.381","5342266.605","4468166.658","5340855.218","42.0","107814","107811;107814;107815;107816;107817;107817.1","107814;107815;107816;107817;107817.1","107811=[107811;107814;107815;107816;107817;107817.1]","Harthof","5","XXX---2271996_1;XXX---2272085_3;XXX---2272126_3;XXX---2272145_3;XXX---MUC_U2_neu Prognose","26","bus;subway","bus=Ja|tram=Nein|u_bahn=Ja|s_bahn=Nein","bus:match;s_bahn:match_via_rail_proxy;tram:match;u_bahn:match","6","20","16","107814>107814=180s;107814>107815=180s;107814>107816=180s;107814>107817=180s;107815>107814=180s;107815>107815=180s;107815>107816=180s;107815>107817=180s;107816>107814=180s;107816>107815=180s;107816>107816=180s;107816>107817=180s;107817>107814=180s;107817>107815=180s;107817>107816=180s;107817>107817=180s","high","deterministic rank from 5 lines, 2 MATSim modes, 6 carsharing spaces, mp_id 1105","none"
"45","eligible_not_shortlisted","true","116","39","Gronsdorf Bahnhof","Drosselweg 43","700782.626","5332927.242","4477612.539","5331140.576","76.6","5485","180809;180810;180810.1;5483;5484;5484.1;5485;5485.1","180810;180810.1;5484;5484.1;5485;5485.1","180809=[180809;180810;180810.1]|5483=[5483;5484;5484.1;5485;5485.1]","Gronsdorf","5","XXX---162007_2_1158069508;XXX---162459_109;XXX---162460_109;XXX---2268579_3;XXX---S4_Prognose_Geltendorf-Grafing","88","bus;rail","bus=Nein|tram=Nein|u_bahn=Nein|s_bahn=Ja","bus:mismatch;s_bahn:match_via_rail_proxy;tram:match;u_bahn:match","4","20","5","180810>180810=0s;5484>5484=180s;5484>5485=180s;5485>5484=180s;5485>5485=180s","medium","deterministic rank from 5 lines, 2 MATSim modes, 4 carsharing spaces, mp_id 39","LHM bus=Nein vs MATSim bus=true"
"46","eligible_not_shortlisted","true","60","30","Karl-Weinmair-Straße","Karl-Weinmair-Str. 10, 11, 14","692410.076","5339513.864","4469503.772","5338048.264","52.2","108197","108196;108197;108197.1;108198","108197;108197.1;108198","108196=[108196;108197;108197.1;108198]","Anni-Albers-Straße","5","XXX---12_MUC_Tram neu Prognose;XXX---13_MUC_Tram neu Prognose;XXX---2272012_0;XXX---23_MUC_Tram neu Prognose;XXX---28_MUC_Tram neu Prognose","12","tram","bus=Nein|tram=Ja|u_bahn=Nein|s_bahn=Nein","bus:match;s_bahn:match_via_rail_proxy;tram:match;u_bahn:match","7","20","4","108197>108197=180s;108197>108198=180s;108198>108197=180s;108198>108198=180s","high","deterministic rank from 5 lines, 1 MATSim modes, 7 carsharing spaces, mp_id 30","none"
"47","eligible_not_shortlisted","true","54","2501","Willibaldplatz","Willibaldplatz Südseite","685173.475","5334909.302","4462093.244","5333729.575","39.6","109354","109351;109352;109352.1;109353;109354","109352;109352.1;109353;109354","109351=[109351;109352;109352.1;109353;109354]","Willibaldplatz","5","XXX---19_MUC_Tram neu Prognose;XXX---2272009_0;XXX---2272016_0;XXX---2272029_0;XXX---23_MUC_Tram neu Prognose","17","tram","bus=Ja|tram=Ja|u_bahn=Nein|s_bahn=Nein","bus:mismatch;s_bahn:match_via_rail_proxy;tram:match;u_bahn:match","5","20","9","109352>109352=180s;109352>109353=180s;109352>109354=180s;109353>109352=180s;109353>109353=180s;109353>109354=180s;109354>109352=180s;109354>109353=180s;109354>109354=180s","medium","deterministic rank from 5 lines, 1 MATSim modes, 5 carsharing spaces, mp_id 2501","LHM bus=Ja vs MATSim bus=false"
"48","eligible_not_shortlisted","true","91","405","Elisabethplatz","Arcisstraße 65","691386.497","5336934.323","4468380.385","5335510.720","133.3","106263","106261;106263;FT_U9_ELISABETHPLATZ_D0;FT_U9_ELISABETHPLATZ_D1","106263;FT_U9_ELISABETHPLATZ_D0;FT_U9_ELISABETHPLATZ_D1","106261=[106261;106263;FT_U9_ELISABETHPLATZ_D0;FT_U9_ELISABETHPLATZ_D1]","Elisabethplatz","4","XXX---2272014_0;XXX---2272015_0;XXX---2272028_0;XXX---FT_U9","6","subway;tram","bus=Ja|tram=Ja|u_bahn=Nein|s_bahn=Nein","bus:mismatch;s_bahn:match_via_rail_proxy;tram:match;u_bahn:mismatch","6","12","1","106263>106263=180s","medium","deterministic rank from 4 lines, 2 MATSim modes, 6 carsharing spaces, mp_id 405","LHM bus=Ja vs MATSim bus=false; LHM u_bahn=Nein vs MATSim subway=true"
"49","eligible_not_shortlisted","true","23","1904","Forstenrieder Allee","Forstenrieder Allee 78","685985.013","5329895.035","4462708.707","5328687.512","60.9","109203","109201;109202;109202.1;109203;109204;109205;109206","109202;109202.1;109203;109204;109205;109206","109201=[109201;109202;109202.1;109203;109204;109205;109206]","Forstenrieder Allee","4","XXX---2271997_1;XXX---2272042_3;XXX---2272053_3;XXX---MUC_U3_neu Prognose","48","bus;subway","bus=Ja|tram=Nein|u_bahn=Ja|s_bahn=Nein","bus:match;s_bahn:match_via_rail_proxy;tram:match;u_bahn:match","5","12","25","109202>109202=180s;109202>109203=180s;109202>109204=180s;109202>109205=180s;109202>109206=180s;109203>109202=180s;109203>109203=180s;109203>109204=180s;109203>109205=180s;109203>109206=180s;109204>109202=180s;109204>109203=180s;109204>109204=180s;109204>109205=180s;109204>109206=180s;109205>109202=180s;109205>109203=180s;109205>109204=180s;109205>109205=180s;109205>109206=180s;109206>109202=180s;109206>109203=180s;109206>109204=180s;109206>109205=180s;109206>109206=180s","high","deterministic rank from 4 lines, 2 MATSim modes, 5 carsharing spaces, mp_id 1904","none"
"50","eligible_not_shortlisted","true","77","1909","Obersendling","August-Zeune-Weg 4","688883.292","5330383.666","4465623.781","5329062.828","73.3","109159","109158;109159;109159.1;109160;109160.1;109161;109162","109159;109159.1;109160;109160.1;109161;109162","109158=[109158;109159;109159.1;109160;109160.1;109161;109162]","Obersendling","4","XXX---2271997_1;XXX---2272054_3;XXX---2272056_3;XXX---MUC_U3_neu Prognose","47","bus;subway","bus=Ja|tram=Nein|u_bahn=Ja|s_bahn=Nein","bus:match;s_bahn:match_via_rail_proxy;tram:match;u_bahn:match","5","12","16","109159>109159=180s;109159>109160=180s;109159>109161=180s;109159>109162=180s;109160>109159=180s;109160>109160=180s;109160>109161=180s;109160>109162=180s;109161>109159=180s;109161>109160=180s;109161>109161=180s;109161>109162=180s;109162>109159=180s;109162>109160=180s;109162>109161=180s;109162>109162=180s","high","deterministic rank from 4 lines, 2 MATSim modes, 5 carsharing spaces, mp_id 1909","none"
"51","eligible_not_shortlisted","true","85","1103","Milbertshofen","Keferloherstraße 101","691191.784","5339710.065","4468294.111","5338291.842","66.3","107752","107751;107752;107753;107754;107755;107755.1","107752;107753;107754;107755;107755.1","107751=[107751;107752;107753;107754;107755;107755.1]","Milbertshofen","4","XXX---2271996_1;XXX---2272126_3;XXX---2272145_3;XXX---MUC_U2_neu Prognose","28","bus;subway","bus=Ja|tram=Nein|u_bahn=Ja|s_bahn=Nein","bus:match;s_bahn:match_via_rail_proxy;tram:match;u_bahn:match","4","12","16","107752>107752=180s;107752>107753=180s;107752>107754=180s;107752>107755=180s;107753>107752=180s;107753>107753=180s;107753>107754=180s;107753>107755=180s;107754>107752=180s;107754>107753=180s;107754>107754=180s;107754>107755=180s;107755>107752=180s;107755>107753=180s;107755>107754=180s;107755>107755=180s","high","deterministic rank from 4 lines, 2 MATSim modes, 4 carsharing spaces, mp_id 1103","none"
"52","eligible_not_shortlisted","true","93","58","Freiham","Hans-Stützle-Straße 11","679357.194","5334607.609","4456269.547","5333654.903","86.2","109559","109557;109558;109558.1;109559;109559.1;109559.2","109558;109558.1;109559;109559.1;109559.2","109557=[109557;109558;109558.1;109559;109559.1;109559.2]","Freiham","4","XXX---162462_109;XXX---2272037_3;XXX---2272061_3;XXX---S8_Prognose_Herrsching-Schwaigerlohe","37","bus;rail","bus=Ja|tram=Nein|u_bahn=Nein|s_bahn=Ja","bus:match;s_bahn:match_via_rail_proxy;tram:match;u_bahn:match","3","12","4","109558>109558=300s;109558>109559=300s;109559>109558=300s;109559>109559=300s","medium","deterministic rank from 4 lines, 2 MATSim modes, 3 carsharing spaces, mp_id 58","none"
"53","eligible_not_shortlisted","true","53","601","Implerstraße","Implerstraße 36","689635.435","5332880.329","4466472.639","5331528.216","85.8","108592","108587;108590;108590.1;108590.2;108591;108592;108592.1","108590;108590.1;108590.2;108591;108592;108592.1","108587=[108587;108590;108590.1;108590.2;108591;108592;108592.1]","Implerstraße","4","XXX---2271997_1;XXX---2272000_1;XXX---MUC_U3_neu Prognose;XXX---MUC_U6_neu Prognose","79","subway","bus=Ja|tram=Nein|u_bahn=Ja|s_bahn=Nein","bus:mismatch;s_bahn:match_via_rail_proxy;tram:match;u_bahn:match","6","12","9","108590>108590=180s;108590>108591=180s;108590>108592=180s;108591>108590=180s;108591>108591=180s;108591>108592=180s;108592>108590=180s;108592>108591=180s;108592>108592=180s","medium","deterministic rank from 4 lines, 1 MATSim modes, 6 carsharing spaces, mp_id 601","LHM bus=Ja vs MATSim bus=false"
"54","eligible_not_shortlisted","true","104","207","Theresienwiese","Bavariaring 11","689810.143","5334538.555","4466711.856","5333178.325","68.2","106810","106809;106810;106810.1;106810.2;106811;106811.1","106810;106810.1;106810.2;106811;106811.1","106809=[106809;106810;106810.1;106810.2;106811;106811.1]","Theresienwiese","4","XXX---2271998_1;XXX---2271999_1;XXX---MUC_U4_neu Prognose;XXX---MUC_U5_neu Prognose","23","subway","bus=Ja|tram=Nein|u_bahn=Ja|s_bahn=Nein","bus:mismatch;s_bahn:match_via_rail_proxy;tram:match;u_bahn:match","5","12","4","106810>106810=180s;106810>106811=180s;106811>106810=180s;106811>106811=180s","medium","deterministic rank from 4 lines, 1 MATSim modes, 5 carsharing spaces, mp_id 207","LHM bus=Ja vs MATSim bus=false"
"55","eligible_not_shortlisted","true","3","41","Truderinger Straße","Truderinger Straße / Schmuckerweg","698802.262","5333261.883","4475646.889","5331552.129","25.7","107954","107954;107955;107955.1;107955.2;107956;107957","107955;107955.1;107955.2;107956;107957","107954=[107954;107955;107955.1;107955.2;107956;107957]","Schmuckerweg","4","XXX---2272057_3;XXX---2272098_3;XXX---2272105_3;XXX---2272107_3","38","bus","bus=Ja|tram=Nein|u_bahn=Nein|s_bahn=Nein","bus:match;s_bahn:match_via_rail_proxy;tram:match;u_bahn:match","3","12","9","107955>107955=180s;107955>107956=180s;107955>107957=180s;107956>107955=180s;107956>107956=180s;107956>107957=180s;107957>107955=180s;107957>107956=180s;107957>107957=180s","medium","deterministic rank from 4 lines, 1 MATSim modes, 3 carsharing spaces, mp_id 41","embedded line break in name"
"56","eligible_not_shortlisted","true","59","1303","Böhmerwaldplatz","Böhmerwaldplatz 28","694531.417","5335454.287","4471465.050","5333909.230","24.9","107460","107459;107460;107461;107462;107462.1;107463","107460;107461;107462;107462.1;107463","107459=[107459;107460;107461;107462;107462.1;107463]","Böhmerwaldplatz","3","XXX---2271998_1;XXX---2272039_3;XXX---MUC_U4_neu Prognose","25","bus;subway","bus=Ja|tram=Nein|u_bahn=Ja|s_bahn=Nein","bus:match;s_bahn:match_via_rail_proxy;tram:match;u_bahn:match","7","6","16","107460>107460=180s;107460>107461=180s;107460>107462=180s;107460>107463=180s;107461>107460=180s;107461>107461=180s;107461>107462=180s;107461>107463=180s;107462>107460=180s;107462>107461=180s;107462>107462=180s;107462>107463=180s;107463>107460=180s;107463>107461=180s;107463>107462=180s;107463>107463=180s","high","deterministic rank from 3 lines, 2 MATSim modes, 7 carsharing spaces, mp_id 1303","none"
"57","eligible_not_shortlisted","true","20","1808","Mangfallplatz","Mangfallplatz","692171.301","5330335.191","4468907.298","5328886.268","65.3","108787","108783;108784;108785;108786;108787","108784;108785;108786;108787","108783=[108783;108784;108785;108786;108787]","Mangfallplatz","3","XXX---2271995_1;XXX---2272057_3;XXX---MUC_U1_neu Prognose","26","bus;subway","bus=Ja|tram=Nein|u_bahn=Ja|s_bahn=Nein","bus:match;s_bahn:match_via_rail_proxy;tram:match;u_bahn:match","5","6","16","108784>108784=180s;108784>108785=180s;108784>108786=180s;108784>108787=180s;108785>108784=180s;108785>108785=180s;108785>108786=180s;108785>108787=180s;108786>108784=180s;108786>108785=180s;108786>108786=180s;108786>108787=180s;108787>108784=180s;108787>108785=180s;108787>108786=180s;108787>108787=180s","high","deterministic rank from 3 lines, 2 MATSim modes, 5 carsharing spaces, mp_id 1808","none"
"58","eligible_not_shortlisted","true","34","45","Perlach Bahnhof","Schneckestraße 13","695860.259","5330117.682","4472584.788","5328525.193","52.9","108224","108222;108223;108223.1;108224;108224.1;108224.2","108223;108223.1;108224;108224.1;108224.2","108222=[108222;108223;108223.1;108224;108224.1;108224.2]","Perlach","3","XXX---162461_109;XXX---2272109_3;XXX---S7_Prognose_Geretsried Süd-Kreuzstraße","41","bus;rail","bus=Ja|tram=Nein|u_bahn=Nein|s_bahn=Ja","bus:match;s_bahn:match_via_rail_proxy;tram:match;u_bahn:match","2","6","4","108223>108223=300s;108223>108224=300s;108224>108223=300s;108224>108224=300s","medium","deterministic rank from 3 lines, 2 MATSim modes, 2 carsharing spaces, mp_id 45","embedded line break in name"
"59","eligible_not_shortlisted","true","109","32","Gertrud-Grunow-Straße","Gertrud-Grunow-Straße 6 - 7","692987.477","5339979.332","4470098.869","5338490.828","70.6","107315","107315;107316;107317","107316;107317","107315=[107315;107316;107317]","Gertrud-Grunow-Straße","3","XXX---2272030_3;XXX---2272066_3;XXX---2272125_3","34","bus","bus=Ja|tram=Nein|u_bahn=Nein|s_bahn=Nein","bus:match;s_bahn:match_via_rail_proxy;tram:match;u_bahn:match","11","6","4","107316>107316=180s;107316>107317=180s;107317>107316=180s;107317>107317=180s","medium","deterministic rank from 3 lines, 1 MATSim modes, 11 carsharing spaces, mp_id 32","embedded line break in address"
"60","eligible_not_shortlisted","true","81","1403","August-Everding-Straße","August-Everding-Straße 20 (in der Grafinger Straße)","694306.793","5333474.335","4471163.414","5331939.648","67.0","107924","107920;107921;107923;107924;163497;163498;163499","107921;107923;107924;163498;163499","107920=[107920;107921;107923;107924]|163497=[163497;163498;163499]","August-Everding-Straße;Sankt Pius","3","XXX---2272039_3;XXX---2272103_3;XXX---2272104_3","21","bus","bus=Ja|tram=Nein|u_bahn=Nein|s_bahn=Nein","bus:match;s_bahn:match_via_rail_proxy;tram:match;u_bahn:match","8","6","13","107921>107921=180s;107921>107923=180s;107921>107924=180s;107923>107921=180s;107923>107923=180s;107923>107924=180s;107924>107921=180s;107924>107923=180s;107924>107924=180s;163498>163498=180s;163498>163499=180s;163499>163498=180s;163499>163499=180s","high","deterministic rank from 3 lines, 1 MATSim modes, 8 carsharing spaces, mp_id 1403","none"
"61","eligible_not_shortlisted","true","21","35","Max-Bill-Straße","Max-Bill Straße 14 - 16","692741.101","5340329.898","4469866.371","5338850.724","140.9","107369","107369;107369.1","107369;107369.1","107365=[107369;107369.1]","Schwabing Nord","3","XXX---2272091_3;XXX---2272141_3;XXX---2272142_3","8","bus","bus=Ja|tram=Ja|u_bahn=Nein|s_bahn=Nein","bus:match;s_bahn:match_via_rail_proxy;tram:mismatch;u_bahn:match","7","6","1","107369>107369=180s","medium","deterministic rank from 3 lines, 1 MATSim modes, 7 carsharing spaces, mp_id 35","LHM tram=Ja vs MATSim tram=false"
"62","eligible_not_shortlisted","true","43","409","Herzogstraße","Herzogstraße 142","690647.419","5337657.849","4467670.117","5336262.497","20.6","106919","106919;106920;106920.1;106920.2;106921","106920;106920.1;106920.2;106921","106919=[106919;106920;106920.1;106920.2;106921]","Herzogstraße","3","XXX---2272014_0;XXX---2272028_0;XXX---27_MUC_Tram neu Prognose","10","tram","bus=Nein|tram=Ja|u_bahn=Nein|s_bahn=Nein","bus:match;s_bahn:match_via_rail_proxy;tram:match;u_bahn:match","6","6","4","106920>106920=180s;106920>106921=180s;106921>106920=180s;106921>106921=180s","high","deterministic rank from 3 lines, 1 MATSim modes, 6 carsharing spaces, mp_id 409","none"
"63","eligible_not_shortlisted","true","50","1801","Schyrenbad","Schyrenstraße 8","691277.309","5332891.585","4468113.651","5331475.463","86.0","106333","106331;106332;106333","106332;106333","106331=[106331;106332;106333]","Claude-Lorrain-Straße","3","XXX---2272038_3;XXX---2272043_3;XXX---2272129_3","21","bus","bus=Ja|tram=Nein|u_bahn=Nein|s_bahn=Nein","bus:match;s_bahn:match_via_rail_proxy;tram:match;u_bahn:match","6","6","4","106332>106332=180s;106332>106333=180s;106333>106332=180s;106333>106333=180s","medium","deterministic rank from 3 lines, 1 MATSim modes, 6 carsharing spaces, mp_id 1801","none"
"64","eligible_not_shortlisted","true","83","26","Nibelungenstraße","Nibelungenstraße 18","687998.904","5336408.630","4464974.962","5335117.563","128.3","106691","106690;106691;106691.1;106692","106691;106691.1;106692","106690=[106690;106691;106691.1;106692]","Winthirplatz","3","XXX---2272041_3;XXX---2272127_3;XXX---2272128_3","20","bus","bus=Ja|tram=Nein|u_bahn=Nein|s_bahn=Nein","bus:match;s_bahn:match_via_rail_proxy;tram:match;u_bahn:match","5","6","4","106691>106691=180s;106691>106692=180s;106692>106691=180s;106692>106692=180s","medium","deterministic rank from 3 lines, 1 MATSim modes, 5 carsharing spaces, mp_id 26","none"
"65","eligible_not_shortlisted","true","74","52","Untersbergstraße","Untersbergstraße 33-35","692578.932","5332021.857","4469380.333","5330555.695","33.6","108645","108643;108644;108644.1;108645","108644;108644.1;108645","108643=[108643;108644;108644.1;108645]","Untersbergstraße","3","XXX---2271996_1;XXX---2272001_1;XXX---MUC_U2_neu Prognose","33","subway","bus=Nein|tram=Nein|u_bahn=Ja|s_bahn=Nein","bus:match;s_bahn:match_via_rail_proxy;tram:match;u_bahn:match","5","6","4","108644>108644=180s;108644>108645=180s;108645>108644=180s;108645>108645=180s","high","deterministic rank from 3 lines, 1 MATSim modes, 5 carsharing spaces, mp_id 52","none"
"66","eligible_not_shortlisted","true","72","53","Hermine-von-Parish-Straße","Hermine-von Parish-Straße 3","684178.126","5335966.429","4461139.876","5334824.713","106.5","109755","109755;109756;109756.1;109757;109757.1","109756;109756.1;109757;109757.1","109755=[109755;109756;109756.1;109757;109757.1]","Schmaedelstraße","3","XXX---2272075_3;XXX---2272076_3;XXX---2272094_3","26","bus","bus=Ja|tram=Nein|u_bahn=Nein|s_bahn=Nein","bus:match;s_bahn:match_via_rail_proxy;tram:match;u_bahn:match","5","6","4","109756>109756=180s;109756>109757=180s;109757>109756=180s;109757>109757=180s","medium","deterministic rank from 3 lines, 1 MATSim modes, 5 carsharing spaces, mp_id 53","none"
"67","eligible_not_shortlisted","true","12","47","Quiddestraße","Siegfried-Mollier-Straße","697008.686","5331563.971","4473788.628","5329925.538","22.4","108396","108395;108396;108397","108396;108397","108395=[108395;108396;108397]","Siegfried-Mollier-Straße","3","XXX---2272057_3;XXX---2272105_3;XXX---2272112_3","25","bus","bus=Ja|tram=Nein|u_bahn=Ja|s_bahn=Nein","bus:match;s_bahn:match_via_rail_proxy;tram:match;u_bahn:mismatch","4","6","4","108396>108396=180s;108396>108397=180s;108397>108396=180s;108397>108397=180s","medium","deterministic rank from 3 lines, 1 MATSim modes, 4 carsharing spaces, mp_id 47","LHM u_bahn=Ja vs MATSim subway=false"
"68","eligible_not_shortlisted","true","71","57","Aubing","Colmdorfstraße 34","679535.839","5336412.172","4456518.436","5335451.178","72.4","109484","109483;109484;109484.1;109484.2","109484;109484.1;109484.2","109483=[109483;109484;109484.1;109484.2]","Aubing","3","XXX---162457_109;XXX---162459_109;XXX---S4_Prognose_Geltendorf-Grafing","71","rail","bus=Nein|tram=Nein|u_bahn=Nein|s_bahn=Ja","bus:match;s_bahn:match_via_rail_proxy;tram:match;u_bahn:match","3","6","1","109484>109484=300s","high","deterministic rank from 3 lines, 1 MATSim modes, 3 carsharing spaces, mp_id 57","none"
"69","eligible_not_shortlisted","true","44","408","Destoucheestraße","Destoucheestraße 50","691400.430","5337799.170","4468428.041","5336374.332","107.8","107211","107209;107211","107211","107209=[107209;107211]","Clemensstraße","2","XXX---2272004_0;XXX---2272015_0","3","tram","bus=Nein|tram=Ja|u_bahn=Nein|s_bahn=Nein","bus:match;s_bahn:match_via_rail_proxy;tram:match;u_bahn:match","8","2","1","107211>107211=180s","medium","deterministic rank from 2 lines, 1 MATSim modes, 8 carsharing spaces, mp_id 408","none"
"70","eligible_not_shortlisted","true","5","9","St. Jakobs-Platz","St.-Jakobs-Platz 12","691437.534","5334377.065","4468331.660","5332953.512","92.9","106500","106498;106499;106500","106499;106500","106498=[106498;106499;106500]","Blumenstraße","2","XXX---2272032_3;XXX---2272041_3","18","bus","bus=Ja|tram=Nein|u_bahn=Nein|s_bahn=Nein","bus:match;s_bahn:match_via_rail_proxy;tram:match;u_bahn:match","7","2","4","106499>106499=180s;106499>106500=180s;106500>106499=180s;106500>106500=180s","medium","deterministic rank from 2 lines, 1 MATSim modes, 7 carsharing spaces, mp_id 9","embedded line break in name"
"71","eligible_not_shortlisted","true","69","305","Tengstraße","Tengstraße 3","690985.474","5336652.179","4467968.678","5335244.441","136.1","106550","106550","106550","106549=[106550]","Josephsplatz","2","XXX---2272068_3;XXX---2272069_3","10","bus","bus=Ja|tram=Nein|u_bahn=Ja|s_bahn=Nein","bus:match;s_bahn:match_via_rail_proxy;tram:match;u_bahn:mismatch","7","2","1","106550>106550=180s","medium","deterministic rank from 2 lines, 1 MATSim modes, 7 carsharing spaces, mp_id 305","LHM u_bahn=Ja vs MATSim subway=false"
"72","eligible_not_shortlisted","true","45","48","Ella-Lingens-Platz","Werner-Schlierf-Straße 23","692060.318","5331731.344","4468850.812","5330285.628","132.5","108606","108605;108606","108606","108605=[108605;108606]","Spixstraße","2","XXX---2272034_3;XXX---2272127_3","10","bus","bus=Ja|tram=Nein|u_bahn=Nein|s_bahn=Nein","bus:match;s_bahn:match_via_rail_proxy;tram:match;u_bahn:match","6","2","1","108606>108606=180s","medium","deterministic rank from 2 lines, 1 MATSim modes, 6 carsharing spaces, mp_id 48","none"
"73","eligible_not_shortlisted","true","117","16","Nestroystraße","Nestroystraße 5","688632.312","5332884.742","4465470.475","5331571.729","45.4","108843","108842;108843;108844","108843;108844","108842=[108842;108843;108844]","Ortlerstraße","2","XXX---2272052_3;XXX---2272054_3","17","bus","bus=Ja|tram=Nein|u_bahn=Nein|s_bahn=Nein","bus:match;s_bahn:match_via_rail_proxy;tram:match;u_bahn:match","5","2","4","108843>108843=180s;108843>108844=180s;108844>108843=180s;108844>108844=180s","medium","deterministic rank from 2 lines, 1 MATSim modes, 5 carsharing spaces, mp_id 16","embedded line break in name"
"74","eligible_not_shortlisted","true","113","310","Luisenstraße","Luisenstraße 68","690998.927","5336420.469","4467973.083","5335012.390","20.2","106540","106540;106541;106542","106541;106542","106540=[106540;106541;106542]","Luisenstraße","2","XXX---2272068_3;XXX---2272069_3","18","bus","bus=Ja|tram=|u_bahn=Nein|s_bahn=Nein","bus:match;s_bahn:match_via_rail_proxy;tram:invalid_excel_value;u_bahn:match","5","2","4","106541>106541=180s;106541>106542=180s;106542>106541=180s;106542>106542=180s","medium","deterministic rank from 2 lines, 1 MATSim modes, 5 carsharing spaces, mp_id 310","invalid tram_vorhanden value ''"
"75","eligible_not_shortlisted","true","90","1404","Josephsburg","Josephburgstraße 41","695876.400","5333692.923","4472740.258","5332096.868","111.8","108816","108816;108819;108820","108819;108820","108816=[108816;108819;108820]","Josephsburg","2","XXX---2271996_1;XXX---MUC_U2_neu Prognose","26","subway","bus=Nein|tram=Nein|u_bahn=Ja|s_bahn=Nein","bus:match;s_bahn:match_via_rail_proxy;tram:match;u_bahn:match","5","2","4","108819>108819=180s;108819>108820=180s;108820>108819=180s;108820>108820=180s","medium","deterministic rank from 2 lines, 1 MATSim modes, 5 carsharing spaces, mp_id 1404","none"
"76","eligible_not_shortlisted","true","65","404","Bonner Platz","Karl-Theodort-Straße 55","691690.094","5338104.666","4468729.391","5336668.285","58.2","107178","107177;107178;107179;107179.1","107178;107179;107179.1","107177=[107177;107178;107179;107179.1]","Bonner Platz","2","XXX---2271997_1;XXX---MUC_U3_neu Prognose","28","subway","bus=Nein|tram=Nein|u_bahn=Ja|s_bahn=Nein","bus:match;s_bahn:match_via_rail_proxy;tram:match;u_bahn:match","4","2","4","107178>107178=180s;107178>107179=180s;107179>107178=180s;107179>107179=180s","high","deterministic rank from 2 lines, 1 MATSim modes, 4 carsharing spaces, mp_id 404","none"
"77","eligible_not_shortlisted","true","70","59","Neuaubing","Bodenseestraße 238","680264.174","5335020.662","4457191.968","5334032.287","20.0","109538","109536;109536.1;109538","109536;109536.1;109538","109535=[109536;109536.1;109538]","Neuaubing","2","XXX---2268591_3;XXX---2272139_3","3","bus","bus=Ja|tram=Nein|u_bahn=Nein|s_bahn=Ja","bus:match;s_bahn:mismatch_via_rail_proxy;tram:match;u_bahn:match","3","2","4","109536>109536=180s;109536>109538=180s;109538>109536=180s;109538>109538=180s","medium","deterministic rank from 2 lines, 1 MATSim modes, 3 carsharing spaces, mp_id 59","embedded line break in name; LHM s_bahn=Ja vs MATSim rail proxy=false"
"78","eligible_not_shortlisted","true","89","311","Amalienstraße","Theresienstraße 22 / Amalienstraße 28A","691661.077","5335926.457","4468615.439","5334492.949","24.3","106453","106453;106454;106454.1","106454;106454.1","106453=[106453;106454;106454.1]","Amalienstraße","2","XXX---2272043_3;XXX---2272051_3","9","bus","bus=Ja|tram=Nein|u_bahn=Nein|s_bahn=Nein","bus:match;s_bahn:match_via_rail_proxy;tram:match;u_bahn:match","3","2","1","106454>106454=0s","high","deterministic rank from 2 lines, 1 MATSim modes, 3 carsharing spaces, mp_id 311","none"
"79","eligible_not_shortlisted","true","24","501","Mariahilfplatz","Mariahilfplatz 28","692176.656","5333519.346","4469036.751","5332067.663","83.7","106508","106246;106507;106508;106509;106509.1","106246;106508;106509;106509.1","106242=[106246]|106507=[106507;106508;106509;106509.1]","Mariahilfplatz;Schweigerstraße","2","XXX---2272032_3;XXX---2272041_3","18","bus","bus=Ja|tram=Nein|u_bahn=Nein|s_bahn=Nein","bus:match;s_bahn:match_via_rail_proxy;tram:match;u_bahn:match","0","2","5","106246>106246=180s;106508>106508=180s;106508>106509=180s;106509>106508=180s;106509>106509=180s","medium","deterministic rank from 2 lines, 1 MATSim modes, 0 carsharing spaces, mp_id 501","none"
"","not_selected","false","115","206","Stephansplatz","Thalkirchnerstraße 26","690940.695","5334018.462","4467821.235","5332614.565","25.5","106588","106588;106589","106589","106588=[106588;106589]","Stephansplatz","1","XXX---2272041_3","6","bus","bus=Ja|tram=Nein|u_bahn=Nein|s_bahn=Nein","bus:match;s_bahn:match_via_rail_proxy;tram:match;u_bahn:match","6","0","1","106589>106589=0s","low","not eligible: fewer than two MATSim lines within 150 m","fewer than two MATSim lines within 150 m"
"","not_selected","false","13","410","Mildred-Scheel-Bogen","Isoldenstraße 41","691915.206","5339049.708","4468991.190","5337603.788","42.5","107196","107196;107197;107198;107216","107197;107198;107216","107196=[107196;107197;107198]|107215=[107216]","Klopstockstraße;Mildred-Scheel-Bogen","1","XXX---2272060_3","4","bus","bus=Ja|tram=Nein|u_bahn=Nein|s_bahn=Nein","bus:match;s_bahn:match_via_rail_proxy;tram:match;u_bahn:match","6","0","5","107197>107197=180s;107197>107198=180s;107198>107197=180s;107198>107198=180s;107216>107216=180s","low","not eligible: fewer than two MATSim lines within 150 m","fewer than two MATSim lines within 150 m"
"","not_selected","false","42","2002","Max-Lebsche-Platz","westlich der Heiglhofstraße 54 in der Sauerbruchstraße","684312.854","5331356.887","4461094.791","5330213.413","54.0","109116","109115;109116;109117","109116;109117","109115=[109115;109116;109117]","Max-Lebsche-Platz","1","XXX---2272036_3","10","bus","bus=Ja|tram=Nein|u_bahn=Ja|s_bahn=Nein","bus:match;s_bahn:match_via_rail_proxy;tram:match;u_bahn:mismatch","6","0","4","109116>109116=180s;109116>109117=180s;109117>109116=180s;109117>109117=180s","low","not eligible: fewer than two MATSim lines within 150 m","fewer than two MATSim lines within 150 m; LHM u_bahn=Ja vs MATSim subway=false"
"","not_selected","false","33","15","Jean-Paul-Richter-Straße","Jean-Paul-Richter-Straße","688017.353","5331801.370","4464813.768","5330513.173","57.1","108993","108991;108992;108993","108992;108993","108991=[108991;108992;108993]","Friedrich-Hebbel-Straße","1","XXX---2272053_3","5","bus","bus=Ja|tram=Nein|u_bahn=Nein|s_bahn=Nein","bus:match;s_bahn:match_via_rail_proxy;tram:match;u_bahn:match","5","0","4","108992>108992=180s;108992>108993=180s;108993>108992=180s;108993>108993=180s","low","not eligible: fewer than two MATSim lines within 150 m","fewer than two MATSim lines within 150 m"
"","not_selected","false","14","306","Hochschule München","Lothstraße 64","690080.990","5336721.557","4467067.617","5335349.040","129.3","106145","106144;106144.1;106145","106144;106144.1;106145","106141=[106144;106144.1;106145]","Hochschule München (Lothstr.)","1","XXX---2272068_3","11","bus","bus=Ja|tram=Ja|u_bahn=Nein|s_bahn=Nein","bus:match;s_bahn:match_via_rail_proxy;tram:mismatch;u_bahn:match","5","0","4","106144>106144=180s;106144>106145=180s;106145>106144=180s;106145>106145=180s","low","not eligible: fewer than two MATSim lines within 150 m","fewer than two MATSim lines within 150 m; LHM tram=Ja vs MATSim tram=false"
"","not_selected","false","84","407","Georg-Birk-Straße","Petra-Kelly-Straße 26","690135.806","5337572.766","4467155.591","5336197.437","107.8","106846","106846;106847","106847","106846=[106846;106847]","Georg-Birk-Straße","1","XXX---2272039_3","7","bus","bus=Ja|tram=Nein|u_bahn=Nein|s_bahn=Nein","bus:match;s_bahn:match_via_rail_proxy;tram:match;u_bahn:match","5","0","1","106847>106847=0s","low","not eligible: fewer than two MATSim lines within 150 m","fewer than two MATSim lines within 150 m"
"","not_selected","false","82","1804","Tierpark - Alemannenstraße","Alemannenstraße 2","690471.721","5330655.540","4467221.554","5329272.590","22.9","108658","108656;108657;108658","108657;108658","108656=[108656;108657;108658]","Tierpark (Alemannenstr.)","1","XXX---2272032_3","4","bus","bus=Ja|tram=Nein|u_bahn=Nein|s_bahn=Nein","bus:match;s_bahn:match_via_rail_proxy;tram:match;u_bahn:match","5","0","4","108657>108657=180s;108657>108658=180s;108658>108657=180s;108658>108658=180s","low","not eligible: fewer than two MATSim lines within 150 m","fewer than two MATSim lines within 150 m"
"","not_selected","false","58","20","Hans-Fischer-Straße","Hans-Fischer-Str. 9","689322.385","5333632.319","4466189.150","5332291.819","38.8","106458","106457;106458;106459","106458;106459","106457=[106457;106458;106459]","Hans-Fischer-Straße","1","XXX---2272041_3","16","bus","bus=Ja|tram=Nein|u_bahn=Nein|s_bahn=Nein","bus:match;s_bahn:match_via_rail_proxy;tram:match;u_bahn:match","4","0","4","106458>106458=180s;106458>106459=180s;106459>106458=180s;106459>106459=180s","low","not eligible: fewer than two MATSim lines within 150 m","fewer than two MATSim lines within 150 m"
"","not_selected","false","96","1102","Curt-Mezger-Platz","Schleißheimerstraße 336","690799.716","5339710.879","4467902.387","5338307.954","70.9","106976","106974;106975;106976","106975;106976","106974=[106974;106975;106976]","Curt-Mezger-Platz","1","XXX---2272091_3","6","bus","bus=Ja|tram=Nein|u_bahn=Nein|s_bahn=Nein","bus:match;s_bahn:match_via_rail_proxy;tram:match;u_bahn:match","4","0","4","106975>106975=180s;106975>106976=180s;106976>106975=180s;106976>106976=180s","low","not eligible: fewer than two MATSim lines within 150 m","fewer than two MATSim lines within 150 m"
"","not_selected","false","10","2004","Lorettoplatz","Waldsruhe 1","685253.218","5330870.652","4462015.490","5329690.900","39.8","109078","109077;109078;109079","109078;109079","109077=[109077;109078;109079]","Lorettoplatz","1","XXX---2272034_3","12","bus","bus=Ja|tram=Nein|u_bahn=Nein|s_bahn=Nein","bus:match;s_bahn:match_via_rail_proxy;tram:match;u_bahn:match","4","0","4","109078>109078=180s;109078>109079=180s;109079>109078=180s;109079>109079=180s","low","not eligible: fewer than two MATSim lines within 150 m","fewer than two MATSim lines within 150 m"
"","not_selected","false","98","210","Am Glockenbach","Holzstraße 47-49","691019.202","5333621.026","4467884.186","5332214.384","239.4","106594","","","","","0","","0","","bus=Nein|tram=Nein|u_bahn=Nein|s_bahn=Nein","bus:match;s_bahn:match_via_rail_proxy;tram:match;u_bahn:match","13","0","0","none","low","not eligible: no MATSim stops within 150 m; fewer than two MATSim lines within 150 m","no MATSim stops within 150 m; fewer than two MATSim lines within 150 m"
"","not_selected","false","46","34","Marianne-Brandt-Straße","Marianne-Brandt-Straße 3 - 7","692796.126","5339639.725","4469894.421","5338158.961","321.8","107315","","","","","0","","0","","bus=Nein|tram=Nein|u_bahn=Nein|s_bahn=Nein","bus:match;s_bahn:match_via_rail_proxy;tram:match;u_bahn:match","9","0","0","none","low","not eligible: no MATSim stops within 150 m; fewer than two MATSim lines within 150 m","embedded line break in address; no MATSim stops within 150 m; fewer than two MATSim lines within 150 m"
"","not_selected","false","40","13","Schlotthauerstraße","Schlotthauerstraße 3","691665.335","5333200.997","4468513.429","5331769.501","280.9","106512","","","","","0","","0","","bus=Nein|tram=Nein|u_bahn=Nein|s_bahn=Nein","bus:match;s_bahn:match_via_rail_proxy;tram:match;u_bahn:match","8","0","0","none","low","not eligible: no MATSim stops within 150 m; fewer than two MATSim lines within 150 m","embedded line break in name; no MATSim stops within 150 m; fewer than two MATSim lines within 150 m"
"","not_selected","false","78","1304","Prinzregentenstadion","Prinzregentenplatz 6","693725.433","5335098.560","4470645.850","5333585.220","209.0","107466","","","","","0","","0","","bus=Ja|tram=Nein|u_bahn=Ja|s_bahn=Nein","bus:mismatch;s_bahn:match_via_rail_proxy;tram:match;u_bahn:mismatch","8","0","0","none","low","not eligible: no MATSim stops within 150 m; fewer than two MATSim lines within 150 m","no MATSim stops within 150 m; fewer than two MATSim lines within 150 m; LHM bus=Ja vs MATSim bus=false; LHM u_bahn=Ja vs MATSim subway=false"
"","not_selected","false","29","1407","Innsbrucker Ring","Echardinger Str. 65","695147.331","5333004.796","4471984.962","5331437.726","154.5","108215","","","","","0","","0","","bus=Ja|tram=Nein|u_bahn=Ja|s_bahn=Nein","bus:mismatch;s_bahn:match_via_rail_proxy;tram:match;u_bahn:mismatch","8","0","0","none","low","not eligible: no MATSim stops within 150 m; fewer than two MATSim lines within 150 m","no MATSim stops within 150 m; fewer than two MATSim lines within 150 m; LHM bus=Ja vs MATSim bus=false; LHM u_bahn=Ja vs MATSim subway=false"
"","not_selected","false","51","2","Knöbelstraße","Knöbelstraße 2 - 6a","692249.668","5334661.104","4469154.218","5333205.658","215.4","106416","","","","","0","","0","","bus=Nein|tram=Nein|u_bahn=Nein|s_bahn=Nein","bus:match;s_bahn:match_via_rail_proxy;tram:match;u_bahn:match","7","0","0","none","low","not eligible: no MATSim stops within 150 m; fewer than two MATSim lines within 150 m","no MATSim stops within 150 m; fewer than two MATSim lines within 150 m"
"","not_selected","false","107","22","Schießstättstraße","Schießstättstraße 8 - 10","689385.465","5334645.423","4466291.679","5333301.667","252.0","106192","","","","","0","","0","","bus=Nein|tram=Ja|u_bahn=Nein|s_bahn=Nein","bus:match;s_bahn:match_via_rail_proxy;tram:mismatch;u_bahn:match","7","0","0","none","low","not eligible: no MATSim stops within 150 m; fewer than two MATSim lines within 150 m","no MATSim stops within 150 m; fewer than two MATSim lines within 150 m; LHM tram=Ja vs MATSim tram=false"
"","not_selected","false","62","502","Welfenstraße","Welfenstraße 13","692619.074","5333120.423","4469463.263","5331651.813","168.7","106611","","","","","0","","0","","bus=Ja|tram=Nein|u_bahn=Nein|s_bahn=Nein","bus:mismatch;s_bahn:match_via_rail_proxy;tram:match;u_bahn:match","7","0","0","none","low","not eligible: no MATSim stops within 150 m; fewer than two MATSim lines within 150 m","no MATSim stops within 150 m; fewer than two MATSim lines within 150 m; LHM bus=Ja vs MATSim bus=false"
"","not_selected","false","2","10","Westenriederstraße","Westenriederstraße 39-51","691908.739","5334527.046","4468808.336","5333085.001","284.1","106355","","","","","0","","0","","bus=Nein|tram=Nein|u_bahn=Nein|s_bahn=Ja","bus:match;s_bahn:mismatch_via_rail_proxy;tram:match;u_bahn:match","6","0","0","none","low","not eligible: no MATSim stops within 150 m; fewer than two MATSim lines within 150 m","no MATSim stops within 150 m; fewer than two MATSim lines within 150 m; LHM s_bahn=Ja vs MATSim rail proxy=false"
"","not_selected","false","64","43","Karl-Marx-Zentrum","Peschelanger","697732.336","5331708.983","4474517.329","5330042.227","178.4","107980","","","","","0","","0","","bus=Ja|tram=Nein|u_bahn=Nein|s_bahn=Nein","bus:mismatch;s_bahn:match_via_rail_proxy;tram:match;u_bahn:match","6","0","0","none","low","not eligible: no MATSim stops within 150 m; fewer than two MATSim lines within 150 m","no MATSim stops within 150 m; fewer than two MATSim lines within 150 m; LHM bus=Ja vs MATSim bus=false"
"","not_selected","false","118","307","Schleißheimer Straße","Schleißheimerstraße 47","690468.717","5336628.979","4467451.427","5335241.414","193.8","106224","","","","","0","","0","","bus=Nein|tram=Nein|u_bahn=Nein|s_bahn=Nein","bus:match;s_bahn:match_via_rail_proxy;tram:match;u_bahn:match","6","0","0","none","low","not eligible: no MATSim stops within 150 m; fewer than two MATSim lines within 150 m","no MATSim stops within 150 m; fewer than two MATSim lines within 150 m"
"","not_selected","false","114","1107","Neuherbergstraße","Neuherbergstraße 110","690567.916","5342716.612","4467788.074","5341320.342","167.1","107162","","","","","0","","0","","bus=Ja|tram=Nein|u_bahn=Nein|s_bahn=Nein","bus:mismatch;s_bahn:match_via_rail_proxy;tram:match;u_bahn:match","6","0","0","none","low","not eligible: no MATSim stops within 150 m; fewer than two MATSim lines within 150 m","no MATSim stops within 150 m; fewer than two MATSim lines within 150 m; LHM bus=Ja vs MATSim bus=false"
"","not_selected","false","100","1402","Hermann-Weinhauser-Straße","Hermann-Weinhauser-Str","695601.616","5334466.036","4472495.841","5332880.059","237.5","107919","","","","","0","","0","","bus=Nein|tram=Nein|u_bahn=Nein|s_bahn=Nein","bus:match;s_bahn:match_via_rail_proxy;tram:match;u_bahn:match","6","0","0","none","low","not eligible: no MATSim stops within 150 m; fewer than two MATSim lines within 150 m","no MATSim stops within 150 m; fewer than two MATSim lines within 150 m"
"","not_selected","false","105","4","Oberanger","Klosterhofstraße 2 -17","691233.178","5334406.904","4468128.630","5332991.294","195.9","106556","","","","","0","","0","","bus=Nein|tram=Nein|u_bahn=Nein|s_bahn=Nein","bus:match;s_bahn:match_via_rail_proxy;tram:match;u_bahn:match","5","0","0","none","low","not eligible: no MATSim stops within 150 m; fewer than two MATSim lines within 150 m","embedded line break in name; no MATSim stops within 150 m; fewer than two MATSim lines within 150 m"
"","not_selected","false","38","54","Dreimühlenstraße","Isartalstraße/Dreimühlenstraße","690706.526","5333099.878","4467551.442","5331705.840","203.3","106547","","","","","0","","0","","bus=Nein|tram=Nein|u_bahn=Nein|s_bahn=Nein","bus:match;s_bahn:match_via_rail_proxy;tram:match;u_bahn:match","5","0","0","none","low","not eligible: no MATSim stops within 150 m; fewer than two MATSim lines within 150 m","no MATSim stops within 150 m; fewer than two MATSim lines within 150 m"
"","not_selected","false","41","211","Zenettiplatz","Zenettiplatz 1 - 2","690174.291","5333300.830","4467027.461","5331927.381","189.8","106412","","","","","0","","0","","bus=Nein|tram=Nein|u_bahn=Nein|s_bahn=Nein","bus:match;s_bahn:match_via_rail_proxy;tram:match;u_bahn:match","5","0","0","none","low","not eligible: no MATSim stops within 150 m; fewer than two MATSim lines within 150 m","no MATSim stops within 150 m; fewer than two MATSim lines within 150 m"
"","not_selected","false","121","301","St. Benno","Kreittmayrstraße 31a","689907.677","5336339.057","4466879.524","5334973.602","223.5","106658","","","","","0","","0","","bus=Nein|tram=Nein|u_bahn=Nein|s_bahn=Nein","bus:match;s_bahn:match_via_rail_proxy;tram:match;u_bahn:match","5","0","0","none","low","not eligible: no MATSim stops within 150 m; fewer than two MATSim lines within 150 m","no MATSim stops within 150 m; fewer than two MATSim lines within 150 m"
"","not_selected","false","4","303","Königinstraße","Königinstraße 37","692223.658","5336197.452","4469188.138","5334741.788","251.1","167614","","","","","0","","0","","bus=Nein|tram=Nein|u_bahn=Nein|s_bahn=Nein","bus:match;s_bahn:match_via_rail_proxy;tram:match;u_bahn:match","5","0","0","none","low","not eligible: no MATSim stops within 150 m; fewer than two MATSim lines within 150 m","no MATSim stops within 150 m; fewer than two MATSim lines within 150 m"
"","not_selected","false","87","1802","Hans-Mielich-Platz","Hans-Mielich-Platz","691304.206","5332456.239","4468123.557","5331039.415","201.9","108670","","","","","0","","0","","bus=Ja|tram=Nein|u_bahn=Ja|s_bahn=Nein","bus:mismatch;s_bahn:match_via_rail_proxy;tram:match;u_bahn:mismatch","5","0","0","none","low","not eligible: no MATSim stops within 150 m; fewer than two MATSim lines within 150 m","no MATSim stops within 150 m; fewer than two MATSim lines within 150 m; LHM bus=Ja vs MATSim bus=false; LHM u_bahn=Ja vs MATSim subway=false"
"","not_selected","false","112","3","Maximiliansplatz","Maximiliansplatz 12a, 12b","691435.540","5335337.622","4468367.121","5333913.380","213.2","106325","","","","","0","","0","","bus=Nein|tram=Nein|u_bahn=Ja|s_bahn=Nein","bus:match;s_bahn:match_via_rail_proxy;tram:match;u_bahn:mismatch","4","0","0","none","low","not eligible: no MATSim stops within 150 m; fewer than two MATSim lines within 150 m","embedded line break in name; no MATSim stops within 150 m; fewer than two MATSim lines within 150 m; LHM u_bahn=Ja vs MATSim subway=false"
"","not_selected","false","25","23","Westend","Westendstraße 139 - 141","688310.179","5334716.678","4465220.015","5333414.792","257.9","106410","","","","","0","","0","","bus=Nein|tram=Nein|u_bahn=Nein|s_bahn=Nein","bus:match;s_bahn:match_via_rail_proxy;tram:match;u_bahn:match","4","0","0","none","low","not eligible: no MATSim stops within 150 m; fewer than two MATSim lines within 150 m","embedded line break in name; no MATSim stops within 150 m; fewer than two MATSim lines within 150 m"
"","not_selected","false","57","24","Hirschbergstraße","Hirschbergstraße 12","688474.899","5335942.079","4465432.390","5334632.813","228.6","106465","","","","","0","","0","","bus=Nein|tram=Nein|u_bahn=Nein|s_bahn=Nein","bus:match;s_bahn:match_via_rail_proxy;tram:match;u_bahn:match","4","0","0","none","low","not eligible: no MATSim stops within 150 m; fewer than two MATSim lines within 150 m","no MATSim stops within 150 m; fewer than two MATSim lines within 150 m"
"","not_selected","false","119","25","Schluderstraße","Schluderstraße 20 ggü","688088.797","5336073.798","4465051.726","5334779.486","207.0","106692","","","","","0","","0","","bus=Ja|tram=Nein|u_bahn=Nein|s_bahn=Nein","bus:mismatch;s_bahn:match_via_rail_proxy;tram:match;u_bahn:match","4","0","0","none","low","not eligible: no MATSim stops within 150 m; fewer than two MATSim lines within 150 m","no MATSim stops within 150 m; fewer than two MATSim lines within 150 m; LHM bus=Ja vs MATSim bus=false"
"","not_selected","false","17","38","Friedenspromenade","Hugo-Weiss-Straße 1","699230.639","5332296.342","4476037.272","5330570.700","154.2","108176","","","","","0","","0","","bus=Ja|tram=Nein|u_bahn=Nein|s_bahn=Nein","bus:mismatch;s_bahn:match_via_rail_proxy;tram:match;u_bahn:match","4","0","0","none","low","not eligible: no MATSim stops within 150 m; fewer than two MATSim lines within 150 m","embedded line break in address; no MATSim stops within 150 m; fewer than two MATSim lines within 150 m; LHM bus=Ja vs MATSim bus=false"
"","not_selected","false","49","46","Plettstraße","Plettstraße 35","696589.933","5331545.813","4473369.514","5329923.715","260.7","108379","","","","","0","","0","","bus=Nein|tram=Nein|u_bahn=Nein|s_bahn=Nein","bus:match;s_bahn:match_via_rail_proxy;tram:match;u_bahn:match","4","0","0","none","low","not eligible: no MATSim stops within 150 m; fewer than two MATSim lines within 150 m","embedded line break in name; embedded line break in address; no MATSim stops within 150 m; fewer than two MATSim lines within 150 m"
"","not_selected","false","106","209","Kaiser-Ludwig-Platz","Kaiser-Ludwig-Platz 8","690139.639","5334066.992","4467022.706","5332694.287","199.4","FT_U9_ESPERANTOPLATZ","","","","","0","","0","","bus=Nein|tram=Nein|u_bahn=Nein|s_bahn=Nein","bus:match;s_bahn:match_via_rail_proxy;tram:match;u_bahn:match","4","0","0","none","low","not eligible: no MATSim stops within 150 m; fewer than two MATSim lines within 150 m","no MATSim stops within 150 m; fewer than two MATSim lines within 150 m"
"","not_selected","false","88","2502","Aindorferstraße","Aindorferstraße","685568.094","5334016.056","4462452.732","5332821.626","317.5","109440","","","","","0","","0","","bus=Nein|tram=Nein|u_bahn=Nein|s_bahn=Nein","bus:match;s_bahn:match_via_rail_proxy;tram:match;u_bahn:match","4","0","0","none","low","not eligible: no MATSim stops within 150 m; fewer than two MATSim lines within 150 m","no MATSim stops within 150 m; fewer than two MATSim lines within 150 m"
"","not_selected","false","52","18","Ganghoferstraße","Ganghoferstraße 1","689018.812","5334771.769","4465930.241","5333442.210","168.8","106350","","","","","0","","0","","bus=Nein|tram=Ja|u_bahn=Nein|s_bahn=Nein","bus:match;s_bahn:match_via_rail_proxy;tram:mismatch;u_bahn:match","3","0","0","none","low","not eligible: no MATSim stops within 150 m; fewer than two MATSim lines within 150 m","no MATSim stops within 150 m; fewer than two MATSim lines within 150 m; LHM tram=Ja vs MATSim tram=false"
"","not_selected","false","73","60","Westkreuz","Friedrichshafener Straße 11","681647.241","5335631.642","4458597.836","5334588.879","153.2","109515","","","","","0","","0","","bus=Ja|tram=Nein|u_bahn=Nein|s_bahn=Ja","bus:mismatch;s_bahn:mismatch_via_rail_proxy;tram:match;u_bahn:match","3","0","0","none","low","not eligible: no MATSim stops within 150 m; fewer than two MATSim lines within 150 m","no MATSim stops within 150 m; fewer than two MATSim lines within 150 m; LHM bus=Ja vs MATSim bus=false; LHM s_bahn=Ja vs MATSim rail proxy=false"
"","not_selected","false","47","50","Kesselbergstraße","Walchenseeplatz 1","692288.133","5332081.376","4469092.087","5330626.500","227.7","108390","","","","","0","","0","","bus=Nein|tram=Nein|u_bahn=Nein|s_bahn=Nein","bus:match;s_bahn:match_via_rail_proxy;tram:match;u_bahn:match","2","0","0","none","low","not eligible: no MATSim stops within 150 m; fewer than two MATSim lines within 150 m","no MATSim stops within 150 m; fewer than two MATSim lines within 150 m"
"","not_selected","false","30","1406","Isareckstraße","Schlüsselbergstraße 16","695089.591","5333857.305","4471960.503","5332291.788","150.8","107910","","","","","0","","0","","bus=Ja|tram=Nein|u_bahn=Nein|s_bahn=Nein","bus:mismatch;s_bahn:match_via_rail_proxy;tram:match;u_bahn:match","0","0","0","none","low","not eligible: no MATSim stops within 150 m; fewer than two MATSim lines within 150 m","no MATSim stops within 150 m; fewer than two MATSim lines within 150 m; LHM bus=Ja vs MATSim bus=false"
