hub_id,approved_rank,size_class,mp_id,lhm_location_name,matsim_interchange_node,scenario,from_stop_id,from_stop_name,from_stop_area_id,to_stop_id,to_stop_name,to_stop_area_id,original_time_s,reduction_factor,proposed_time_s,absolute_change_s,minimum_floor_applied,inclusion_reason
FT_MH_OSTBAHNHOF,1,large,506,Ostbahnhof/Belfortstraße,Ostbahnhof station complex,FAST_TRACK_2040,182908,München Ost,182907,182909,Ostbahnhof 2.Stammstrecke,182907,180,0.20,144,36,false,Existing positive directed cross-stop relation wholly inside the approved hub complex.
FT_MH_OSTBAHNHOF,1,large,506,Ostbahnhof/Belfortstraße,Ostbahnhof station complex,FAST_TRACK_2040,182909,Ostbahnhof 2.Stammstrecke,182907,182908,München Ost,182907,180,0.20,144,36,false,Existing positive directed cross-stop relation wholly inside the approved hub complex.
FT_MH_OSTBAHNHOF,1,large,506,Ostbahnhof/Belfortstraße,Ostbahnhof station complex,FAST_TRACK_2040,106082,Ostbahnhof,106075,106079,Ostbahnhof,106075,180,0.20,144,36,false,Existing positive directed cross-stop relation wholly inside the approved hub complex.
FT_MH_OSTBAHNHOF,1,large,506,Ostbahnhof/Belfortstraße,Ostbahnhof station complex,FAST_TRACK_2040,106082,Ostbahnhof,106075,106078,Ostbahnhof,106075,180,0.20,144,36,false,Existing positive directed cross-stop relation wholly inside the approved hub complex.
FT_MH_OSTBAHNHOF,1,large,506,Ostbahnhof/Belfortstraße,Ostbahnhof station complex,FAST_TRACK_2040,106082,Ostbahnhof,106075,106077,Ostbahnhof,106075,180,0.20,144,36,false,Existing positive directed cross-stop relation wholly inside the approved hub complex.
FT_MH_OSTBAHNHOF,1,large,506,Ostbahnhof/Belfortstraße,Ostbahnhof station complex,FAST_TRACK_2040,106082,Ostbahnhof,106075,106076,Ostbahnhof,106075,180,0.20,144,36,false,Existing positive directed cross-stop relation wholly inside the approved hub complex.
FT_MH_OSTBAHNHOF,1,large,506,Ostbahnhof/Belfortstraße,Ostbahnhof station complex,FAST_TRACK_2040,106082,Ostbahnhof,106075,106081,Ostbahnhof,106075,180,0.20,144,36,false,Existing positive directed cross-stop relation wholly inside the approved hub complex.
FT_MH_OSTBAHNHOF,1,large,506,Ostbahnhof/Belfortstraße,Ostbahnhof station complex,FAST_TRACK_2040,106082,Ostbahnhof,106075,106080,Ostbahnhof,106075,180,0.20,144,36,false,Existing positive directed cross-stop relation wholly inside the approved hub complex.
FT_MH_OSTBAHNHOF,1,large,506,Ostbahnhof/Belfortstraße,Ostbahnhof station complex,FAST_TRACK_2040,106082,Ostbahnhof,106075,106086,Ostbahnhof,106075,180,0.20,144,36,false,Existing positive directed cross-stop relation wholly inside the approved hub complex.
FT_MH_OSTBAHNHOF,1,large,506,Ostbahnhof/Belfortstraße,Ostbahnhof station complex,FAST_TRACK_2040,106082,Ostbahnhof,106075,106085,Ostbahnhof,106075,180,0.20,144,36,false,Existing positive directed cross-stop relation wholly inside the approved hub complex.
FT_MH_OSTBAHNHOF,1,large,506,Ostbahnhof/Belfortstraße,Ostbahnhof station complex,FAST_TRACK_2040,106082,Ostbahnhof,106075,106084,Ostbahnhof,106075,180,0.20,144,36,false,Existing positive directed cross-stop relation wholly inside the approved hub complex.
FT_MH_OSTBAHNHOF,1,large,506,Ostbahnhof/Belfortstraße,Ostbahnhof station complex,FAST_TRACK_2040,106082,Ostbahnhof,106075,106083,Ostbahnhof,106075,180,0.20,144,36,false,Existing positive directed cross-stop relation wholly inside the approved hub complex.
FT_MH_OSTBAHNHOF,1,large,506,Ostbahnhof/Belfortstraße,Ostbahnhof station complex,FAST_TRACK_2040,106081,Ostbahnhof,106075,106079,Ostbahnhof,106075,180,0.20,144,36,false,Existing positive directed cross-stop relation wholly inside the approved hub complex.
FT_MH_OSTBAHNHOF,1,large,506,Ostbahnhof/Belfortstraße,Ostbahnhof station complex,FAST_TRACK_2040,106081,Ostbahnhof,106075,106078,Ostbahnhof,106075,180,0.20,144,36,false,Existing positive directed cross-stop relation wholly inside the approved hub complex.
FT_MH_OSTBAHNHOF,1,large,506,Ostbahnhof/Belfortstraße,Ostbahnhof station complex,FAST_TRACK_2040,106081,Ostbahnhof,106075,106077,Ostbahnhof,106075,180,0.20,144,36,false,Existing positive directed cross-stop relation wholly inside the approved hub complex.
FT_MH_OSTBAHNHOF,1,large,506,Ostbahnhof/Belfortstraße,Ostbahnhof station complex,FAST_TRACK_2040,106081,Ostbahnhof,106075,106076,Ostbahnhof,106075,180,0.20,144,36,false,Existing positive directed cross-stop relation wholly inside the approved hub complex.
FT_MH_OSTBAHNHOF,1,large,506,Ostbahnhof/Belfortstraße,Ostbahnhof station complex,FAST_TRACK_2040,106081,Ostbahnhof,106075,106082,Ostbahnhof,106075,180,0.20,144,36,false,Existing positive directed cross-stop relation wholly inside the approved hub complex.
FT_MH_OSTBAHNHOF,1,large,506,Ostbahnhof/Belfortstraße,Ostbahnhof station complex,FAST_TRACK_2040,106081,Ostbahnhof,106075,106080,Ostbahnhof,106075,180,0.20,144,36,false,Existing positive directed cross-stop relation wholly inside the approved hub complex.
FT_MH_OSTBAHNHOF,1,large,506,Ostbahnhof/Belfortstraße,Ostbahnhof station complex,FAST_TRACK_2040,106081,Ostbahnhof,106075,106086,Ostbahnhof,106075,180,0.20,144,36,false,Existing positive directed cross-stop relation wholly inside the approved hub complex.
FT_MH_OSTBAHNHOF,1,large,506,Ostbahnhof/Belfortstraße,Ostbahnhof station complex,FAST_TRACK_2040,106081,Ostbahnhof,106075,106085,Ostbahnhof,106075,180,0.20,144,36,false,Existing positive directed cross-stop relation wholly inside the approved hub complex.
FT_MH_OSTBAHNHOF,1,large,506,Ostbahnhof/Belfortstraße,Ostbahnhof station complex,FAST_TRACK_2040,106081,Ostbahnhof,106075,106084,Ostbahnhof,106075,180,0.20,144,36,false,Existing positive directed cross-stop relation wholly inside the approved hub complex.
FT_MH_OSTBAHNHOF,1,large,506,Ostbahnhof/Belfortstraße,Ostbahnhof station complex,FAST_TRACK_2040,106081,Ostbahnhof,106075,106083,Ostbahnhof,106075,180,0.20,144,36,false,Existing positive directed cross-stop relation wholly inside the approved hub complex.
FT_MH_OSTBAHNHOF,1,large,506,Ostbahnhof/Belfortstraße,Ostbahnhof station complex,FAST_TRACK_2040,106080,Ostbahnhof,106075,106079,Ostbahnhof,106075,180,0.20,144,36,false,Existing positive directed cross-stop relation wholly inside the approved hub complex.
FT_MH_OSTBAHNHOF,1,large,506,Ostbahnhof/Belfortstraße,Ostbahnhof station complex,FAST_TRACK_2040,106080,Ostbahnhof,106075,106078,Ostbahnhof,106075,180,0.20,144,36,false,Existing positive directed cross-stop relation wholly inside the approved hub complex.
FT_MH_OSTBAHNHOF,1,large,506,Ostbahnhof/Belfortstraße,Ostbahnhof station complex,FAST_TRACK_2040,106080,Ostbahnhof,106075,106077,Ostbahnhof,106075,180,0.20,144,36,false,Existing positive directed cross-stop relation wholly inside the approved hub complex.
FT_MH_OSTBAHNHOF,1,large,506,Ostbahnhof/Belfortstraße,Ostbahnhof station complex,FAST_TRACK_2040,106080,Ostbahnhof,106075,106076,Ostbahnhof,106075,180,0.20,144,36,false,Existing positive directed cross-stop relation wholly inside the approved hub complex.
FT_MH_OSTBAHNHOF,1,large,506,Ostbahnhof/Belfortstraße,Ostbahnhof station complex,FAST_TRACK_2040,106080,Ostbahnhof,106075,106082,Ostbahnhof,106075,180,0.20,144,36,false,Existing positive directed cross-stop relation wholly inside the approved hub complex.
FT_MH_OSTBAHNHOF,1,large,506,Ostbahnhof/Belfortstraße,Ostbahnhof station complex,FAST_TRACK_2040,106080,Ostbahnhof,106075,106081,Ostbahnhof,106075,180,0.20,144,36,false,Existing positive directed cross-stop relation wholly inside the approved hub complex.
FT_MH_OSTBAHNHOF,1,large,506,Ostbahnhof/Belfortstraße,Ostbahnhof station complex,FAST_TRACK_2040,106080,Ostbahnhof,106075,106086,Ostbahnhof,106075,180,0.20,144,36,false,Existing positive directed cross-stop relation wholly inside the approved hub complex.
FT_MH_OSTBAHNHOF,1,large,506,Ostbahnhof/Belfortstraße,Ostbahnhof station complex,FAST_TRACK_2040,106080,Ostbahnhof,106075,106085,Ostbahnhof,106075,180,0.20,144,36,false,Existing positive directed cross-stop relation wholly inside the approved hub complex.
FT_MH_OSTBAHNHOF,1,large,506,Ostbahnhof/Belfortstraße,Ostbahnhof station complex,FAST_TRACK_2040,106080,Ostbahnhof,106075,106084,Ostbahnhof,106075,180,0.20,144,36,false,Existing positive directed cross-stop relation wholly inside the approved hub complex.
FT_MH_OSTBAHNHOF,1,large,506,Ostbahnhof/Belfortstraße,Ostbahnhof station complex,FAST_TRACK_2040,106080,Ostbahnhof,106075,106083,Ostbahnhof,106075,180,0.20,144,36,false,Existing positive directed cross-stop relation wholly inside the approved hub complex.
FT_MH_OSTBAHNHOF,1,large,506,Ostbahnhof/Belfortstraße,Ostbahnhof station complex,FAST_TRACK_2040,106086,Ostbahnhof,106075,106079,Ostbahnhof,106075,180,0.20,144,36,false,Existing positive directed cross-stop relation wholly inside the approved hub complex.
FT_MH_OSTBAHNHOF,1,large,506,Ostbahnhof/Belfortstraße,Ostbahnhof station complex,FAST_TRACK_2040,106086,Ostbahnhof,106075,106078,Ostbahnhof,106075,180,0.20,144,36,false,Existing positive directed cross-stop relation wholly inside the approved hub complex.
FT_MH_OSTBAHNHOF,1,large,506,Ostbahnhof/Belfortstraße,Ostbahnhof station complex,FAST_TRACK_2040,106086,Ostbahnhof,106075,106077,Ostbahnhof,106075,180,0.20,144,36,false,Existing positive directed cross-stop relation wholly inside the approved hub complex.
FT_MH_OSTBAHNHOF,1,large,506,Ostbahnhof/Belfortstraße,Ostbahnhof station complex,FAST_TRACK_2040,106086,Ostbahnhof,106075,106076,Ostbahnhof,106075,180,0.20,144,36,false,Existing positive directed cross-stop relation wholly inside the approved hub complex.
FT_MH_OSTBAHNHOF,1,large,506,Ostbahnhof/Belfortstraße,Ostbahnhof station complex,FAST_TRACK_2040,106086,Ostbahnhof,106075,106082,Ostbahnhof,106075,180,0.20,144,36,false,Existing positive directed cross-stop relation wholly inside the approved hub complex.
FT_MH_OSTBAHNHOF,1,large,506,Ostbahnhof/Belfortstraße,Ostbahnhof station complex,FAST_TRACK_2040,106086,Ostbahnhof,106075,106081,Ostbahnhof,106075,180,0.20,144,36,false,Existing positive directed cross-stop relation wholly inside the approved hub complex.
FT_MH_OSTBAHNHOF,1,large,506,Ostbahnhof/Belfortstraße,Ostbahnhof station complex,FAST_TRACK_2040,106086,Ostbahnhof,106075,106080,Ostbahnhof,106075,180,0.20,144,36,false,Existing positive directed cross-stop relation wholly inside the approved hub complex.
FT_MH_OSTBAHNHOF,1,large,506,Ostbahnhof/Belfortstraße,Ostbahnhof station complex,FAST_TRACK_2040,106086,Ostbahnhof,106075,106085,Ostbahnhof,106075,180,0.20,144,36,false,Existing positive directed cross-stop relation wholly inside the approved hub complex.
FT_MH_OSTBAHNHOF,1,large,506,Ostbahnhof/Belfortstraße,Ostbahnhof station complex,FAST_TRACK_2040,106086,Ostbahnhof,106075,106084,Ostbahnhof,106075,180,0.20,144,36,false,Existing positive directed cross-stop relation wholly inside the approved hub complex.
FT_MH_OSTBAHNHOF,1,large,506,Ostbahnhof/Belfortstraße,Ostbahnhof station complex,FAST_TRACK_2040,106086,Ostbahnhof,106075,106083,Ostbahnhof,106075,180,0.20,144,36,false,Existing positive directed cross-stop relation wholly inside the approved hub complex.
FT_MH_OSTBAHNHOF,1,large,506,Ostbahnhof/Belfortstraße,Ostbahnhof station complex,FAST_TRACK_2040,106085,Ostbahnhof,106075,106079,Ostbahnhof,106075,180,0.20,144,36,false,Existing positive directed cross-stop relation wholly inside the approved hub complex.
FT_MH_OSTBAHNHOF,1,large,506,Ostbahnhof/Belfortstraße,Ostbahnhof station complex,FAST_TRACK_2040,106085,Ostbahnhof,106075,106078,Ostbahnhof,106075,180,0.20,144,36,false,Existing positive directed cross-stop relation wholly inside the approved hub complex.
FT_MH_OSTBAHNHOF,1,large,506,Ostbahnhof/Belfortstraße,Ostbahnhof station complex,FAST_TRACK_2040,106085,Ostbahnhof,106075,106077,Ostbahnhof,106075,180,0.20,144,36,false,Existing positive directed cross-stop relation wholly inside the approved hub complex.
FT_MH_OSTBAHNHOF,1,large,506,Ostbahnhof/Belfortstraße,Ostbahnhof station complex,FAST_TRACK_2040,106085,Ostbahnhof,106075,106076,Ostbahnhof,106075,180,0.20,144,36,false,Existing positive directed cross-stop relation wholly inside the approved hub complex.
FT_MH_OSTBAHNHOF,1,large,506,Ostbahnhof/Belfortstraße,Ostbahnhof station complex,FAST_TRACK_2040,106085,Ostbahnhof,106075,106082,Ostbahnhof,106075,180,0.20,144,36,false,Existing positive directed cross-stop relation wholly inside the approved hub complex.
FT_MH_OSTBAHNHOF,1,large,506,Ostbahnhof/Belfortstraße,Ostbahnhof station complex,FAST_TRACK_2040,106085,Ostbahnhof,106075,106081,Ostbahnhof,106075,180,0.20,144,36,false,Existing positive directed cross-stop relation wholly inside the approved hub complex.
FT_MH_OSTBAHNHOF,1,large,506,Ostbahnhof/Belfortstraße,Ostbahnhof station complex,FAST_TRACK_2040,106085,Ostbahnhof,106075,106080,Ostbahnhof,106075,180,0.20,144,36,false,Existing positive directed cross-stop relation wholly inside the approved hub complex.
FT_MH_OSTBAHNHOF,1,large,506,Ostbahnhof/Belfortstraße,Ostbahnhof station complex,FAST_TRACK_2040,106085,Ostbahnhof,106075,106086,Ostbahnhof,106075,180,0.20,144,36,false,Existing positive directed cross-stop relation wholly inside the approved hub complex.
FT_MH_OSTBAHNHOF,1,large,506,Ostbahnhof/Belfortstraße,Ostbahnhof station complex,FAST_TRACK_2040,106085,Ostbahnhof,106075,106084,Ostbahnhof,106075,180,0.20,144,36,false,Existing positive directed cross-stop relation wholly inside the approved hub complex.
FT_MH_OSTBAHNHOF,1,large,506,Ostbahnhof/Belfortstraße,Ostbahnhof station complex,FAST_TRACK_2040,106085,Ostbahnhof,106075,106083,Ostbahnhof,106075,180,0.20,144,36,false,Existing positive directed cross-stop relation wholly inside the approved hub complex.
FT_MH_OSTBAHNHOF,1,large,506,Ostbahnhof/Belfortstraße,Ostbahnhof station complex,FAST_TRACK_2040,106084,Ostbahnhof,106075,106079,Ostbahnhof,106075,180,0.20,144,36,false,Existing positive directed cross-stop relation wholly inside the approved hub complex.
FT_MH_OSTBAHNHOF,1,large,506,Ostbahnhof/Belfortstraße,Ostbahnhof station complex,FAST_TRACK_2040,106084,Ostbahnhof,106075,106078,Ostbahnhof,106075,180,0.20,144,36,false,Existing positive directed cross-stop relation wholly inside the approved hub complex.
FT_MH_OSTBAHNHOF,1,large,506,Ostbahnhof/Belfortstraße,Ostbahnhof station complex,FAST_TRACK_2040,106084,Ostbahnhof,106075,106077,Ostbahnhof,106075,180,0.20,144,36,false,Existing positive directed cross-stop relation wholly inside the approved hub complex.
FT_MH_OSTBAHNHOF,1,large,506,Ostbahnhof/Belfortstraße,Ostbahnhof station complex,FAST_TRACK_2040,106084,Ostbahnhof,106075,106076,Ostbahnhof,106075,180,0.20,144,36,false,Existing positive directed cross-stop relation wholly inside the approved hub complex.
FT_MH_OSTBAHNHOF,1,large,506,Ostbahnhof/Belfortstraße,Ostbahnhof station complex,FAST_TRACK_2040,106084,Ostbahnhof,106075,106082,Ostbahnhof,106075,180,0.20,144,36,false,Existing positive directed cross-stop relation wholly inside the approved hub complex.
FT_MH_OSTBAHNHOF,1,large,506,Ostbahnhof/Belfortstraße,Ostbahnhof station complex,FAST_TRACK_2040,106084,Ostbahnhof,106075,106081,Ostbahnhof,106075,180,0.20,144,36,false,Existing positive directed cross-stop relation wholly inside the approved hub complex.
FT_MH_OSTBAHNHOF,1,large,506,Ostbahnhof/Belfortstraße,Ostbahnhof station complex,FAST_TRACK_2040,106084,Ostbahnhof,106075,106080,Ostbahnhof,106075,180,0.20,144,36,false,Existing positive directed cross-stop relation wholly inside the approved hub complex.
FT_MH_OSTBAHNHOF,1,large,506,Ostbahnhof/Belfortstraße,Ostbahnhof station complex,FAST_TRACK_2040,106084,Ostbahnhof,106075,106086,Ostbahnhof,106075,180,0.20,144,36,false,Existing positive directed cross-stop relation wholly inside the approved hub complex.
FT_MH_OSTBAHNHOF,1,large,506,Ostbahnhof/Belfortstraße,Ostbahnhof station complex,FAST_TRACK_2040,106084,Ostbahnhof,106075,106085,Ostbahnhof,106075,180,0.20,144,36,false,Existing positive directed cross-stop relation wholly inside the approved hub complex.
FT_MH_OSTBAHNHOF,1,large,506,Ostbahnhof/Belfortstraße,Ostbahnhof station complex,FAST_TRACK_2040,106084,Ostbahnhof,106075,106083,Ostbahnhof,106075,180,0.20,144,36,false,Existing positive directed cross-stop relation wholly inside the approved hub complex.
FT_MH_OSTBAHNHOF,1,large,506,Ostbahnhof/Belfortstraße,Ostbahnhof station complex,FAST_TRACK_2040,106083,Ostbahnhof,106075,106079,Ostbahnhof,106075,180,0.20,144,36,false,Existing positive directed cross-stop relation wholly inside the approved hub complex.
FT_MH_OSTBAHNHOF,1,large,506,Ostbahnhof/Belfortstraße,Ostbahnhof station complex,FAST_TRACK_2040,106083,Ostbahnhof,106075,106078,Ostbahnhof,106075,180,0.20,144,36,false,Existing positive directed cross-stop relation wholly inside the approved hub complex.
FT_MH_OSTBAHNHOF,1,large,506,Ostbahnhof/Belfortstraße,Ostbahnhof station complex,FAST_TRACK_2040,106083,Ostbahnhof,106075,106077,Ostbahnhof,106075,180,0.20,144,36,false,Existing positive directed cross-stop relation wholly inside the approved hub complex.
FT_MH_OSTBAHNHOF,1,large,506,Ostbahnhof/Belfortstraße,Ostbahnhof station complex,FAST_TRACK_2040,106083,Ostbahnhof,106075,106076,Ostbahnhof,106075,180,0.20,144,36,false,Existing positive directed cross-stop relation wholly inside the approved hub complex.
FT_MH_OSTBAHNHOF,1,large,506,Ostbahnhof/Belfortstraße,Ostbahnhof station complex,FAST_TRACK_2040,106083,Ostbahnhof,106075,106082,Ostbahnhof,106075,180,0.20,144,36,false,Existing positive directed cross-stop relation wholly inside the approved hub complex.
FT_MH_OSTBAHNHOF,1,large,506,Ostbahnhof/Belfortstraße,Ostbahnhof station complex,FAST_TRACK_2040,106083,Ostbahnhof,106075,106081,Ostbahnhof,106075,180,0.20,144,36,false,Existing positive directed cross-stop relation wholly inside the approved hub complex.
FT_MH_OSTBAHNHOF,1,large,506,Ostbahnhof/Belfortstraße,Ostbahnhof station complex,FAST_TRACK_2040,106083,Ostbahnhof,106075,106080,Ostbahnhof,106075,180,0.20,144,36,false,Existing positive directed cross-stop relation wholly inside the approved hub complex.
FT_MH_OSTBAHNHOF,1,large,506,Ostbahnhof/Belfortstraße,Ostbahnhof station complex,FAST_TRACK_2040,106083,Ostbahnhof,106075,106086,Ostbahnhof,106075,180,0.20,144,36,false,Existing positive directed cross-stop relation wholly inside the approved hub complex.
FT_MH_OSTBAHNHOF,1,large,506,Ostbahnhof/Belfortstraße,Ostbahnhof station complex,FAST_TRACK_2040,106083,Ostbahnhof,106075,106085,Ostbahnhof,106075,180,0.20,144,36,false,Existing positive directed cross-stop relation wholly inside the approved hub complex.
FT_MH_OSTBAHNHOF,1,large,506,Ostbahnhof/Belfortstraße,Ostbahnhof station complex,FAST_TRACK_2040,106083,Ostbahnhof,106075,106084,Ostbahnhof,106075,180,0.20,144,36,false,Existing positive directed cross-stop relation wholly inside the approved hub complex.
FT_MH_OSTBAHNHOF,1,large,506,Ostbahnhof/Belfortstraße,Ostbahnhof station complex,FAST_TRACK_2040,106079,Ostbahnhof,106075,106078,Ostbahnhof,106075,180,0.20,144,36,false,Existing positive directed cross-stop relation wholly inside the approved hub complex.
FT_MH_OSTBAHNHOF,1,large,506,Ostbahnhof/Belfortstraße,Ostbahnhof station complex,FAST_TRACK_2040,106079,Ostbahnhof,106075,106077,Ostbahnhof,106075,180,0.20,144,36,false,Existing positive directed cross-stop relation wholly inside the approved hub complex.
FT_MH_OSTBAHNHOF,1,large,506,Ostbahnhof/Belfortstraße,Ostbahnhof station complex,FAST_TRACK_2040,106079,Ostbahnhof,106075,106076,Ostbahnhof,106075,180,0.20,144,36,false,Existing positive directed cross-stop relation wholly inside the approved hub complex.
FT_MH_OSTBAHNHOF,1,large,506,Ostbahnhof/Belfortstraße,Ostbahnhof station complex,FAST_TRACK_2040,106079,Ostbahnhof,106075,106082,Ostbahnhof,106075,180,0.20,144,36,false,Existing positive directed cross-stop relation wholly inside the approved hub complex.
FT_MH_OSTBAHNHOF,1,large,506,Ostbahnhof/Belfortstraße,Ostbahnhof station complex,FAST_TRACK_2040,106079,Ostbahnhof,106075,106081,Ostbahnhof,106075,180,0.20,144,36,false,Existing positive directed cross-stop relation wholly inside the approved hub complex.
FT_MH_OSTBAHNHOF,1,large,506,Ostbahnhof/Belfortstraße,Ostbahnhof station complex,FAST_TRACK_2040,106079,Ostbahnhof,106075,106080,Ostbahnhof,106075,180,0.20,144,36,false,Existing positive directed cross-stop relation wholly inside the approved hub complex.
FT_MH_OSTBAHNHOF,1,large,506,Ostbahnhof/Belfortstraße,Ostbahnhof station complex,FAST_TRACK_2040,106079,Ostbahnhof,106075,106086,Ostbahnhof,106075,180,0.20,144,36,false,Existing positive directed cross-stop relation wholly inside the approved hub complex.
FT_MH_OSTBAHNHOF,1,large,506,Ostbahnhof/Belfortstraße,Ostbahnhof station complex,FAST_TRACK_2040,106079,Ostbahnhof,106075,106085,Ostbahnhof,106075,180,0.20,144,36,false,Existing positive directed cross-stop relation wholly inside the approved hub complex.
FT_MH_OSTBAHNHOF,1,large,506,Ostbahnhof/Belfortstraße,Ostbahnhof station complex,FAST_TRACK_2040,106079,Ostbahnhof,106075,106084,Ostbahnhof,106075,180,0.20,144,36,false,Existing positive directed cross-stop relation wholly inside the approved hub complex.
FT_MH_OSTBAHNHOF,1,large,506,Ostbahnhof/Belfortstraße,Ostbahnhof station complex,FAST_TRACK_2040,106079,Ostbahnhof,106075,106083,Ostbahnhof,106075,180,0.20,144,36,false,Existing positive directed cross-stop relation wholly inside the approved hub complex.
FT_MH_OSTBAHNHOF,1,large,506,Ostbahnhof/Belfortstraße,Ostbahnhof station complex,FAST_TRACK_2040,106078,Ostbahnhof,106075,106079,Ostbahnhof,106075,180,0.20,144,36,false,Existing positive directed cross-stop relation wholly inside the approved hub complex.
FT_MH_OSTBAHNHOF,1,large,506,Ostbahnhof/Belfortstraße,Ostbahnhof station complex,FAST_TRACK_2040,106078,Ostbahnhof,106075,106077,Ostbahnhof,106075,180,0.20,144,36,false,Existing positive directed cross-stop relation wholly inside the approved hub complex.
FT_MH_OSTBAHNHOF,1,large,506,Ostbahnhof/Belfortstraße,Ostbahnhof station complex,FAST_TRACK_2040,106078,Ostbahnhof,106075,106076,Ostbahnhof,106075,180,0.20,144,36,false,Existing positive directed cross-stop relation wholly inside the approved hub complex.
FT_MH_OSTBAHNHOF,1,large,506,Ostbahnhof/Belfortstraße,Ostbahnhof station complex,FAST_TRACK_2040,106078,Ostbahnhof,106075,106082,Ostbahnhof,106075,180,0.20,144,36,false,Existing positive directed cross-stop relation wholly inside the approved hub complex.
FT_MH_OSTBAHNHOF,1,large,506,Ostbahnhof/Belfortstraße,Ostbahnhof station complex,FAST_TRACK_2040,106078,Ostbahnhof,106075,106081,Ostbahnhof,106075,180,0.20,144,36,false,Existing positive directed cross-stop relation wholly inside the approved hub complex.
FT_MH_OSTBAHNHOF,1,large,506,Ostbahnhof/Belfortstraße,Ostbahnhof station complex,FAST_TRACK_2040,106078,Ostbahnhof,106075,106080,Ostbahnhof,106075,180,0.20,144,36,false,Existing positive directed cross-stop relation wholly inside the approved hub complex.
FT_MH_OSTBAHNHOF,1,large,506,Ostbahnhof/Belfortstraße,Ostbahnhof station complex,FAST_TRACK_2040,106078,Ostbahnhof,106075,106086,Ostbahnhof,106075,180,0.20,144,36,false,Existing positive directed cross-stop relation wholly inside the approved hub complex.
FT_MH_OSTBAHNHOF,1,large,506,Ostbahnhof/Belfortstraße,Ostbahnhof station complex,FAST_TRACK_2040,106078,Ostbahnhof,106075,106085,Ostbahnhof,106075,180,0.20,144,36,false,Existing positive directed cross-stop relation wholly inside the approved hub complex.
FT_MH_OSTBAHNHOF,1,large,506,Ostbahnhof/Belfortstraße,Ostbahnhof station complex,FAST_TRACK_2040,106078,Ostbahnhof,106075,106084,Ostbahnhof,106075,180,0.20,144,36,false,Existing positive directed cross-stop relation wholly inside the approved hub complex.
FT_MH_OSTBAHNHOF,1,large,506,Ostbahnhof/Belfortstraße,Ostbahnhof station complex,FAST_TRACK_2040,106078,Ostbahnhof,106075,106083,Ostbahnhof,106075,180,0.20,144,36,false,Existing positive directed cross-stop relation wholly inside the approved hub complex.
FT_MH_OSTBAHNHOF,1,large,506,Ostbahnhof/Belfortstraße,Ostbahnhof station complex,FAST_TRACK_2040,106077,Ostbahnhof,106075,106079,Ostbahnhof,106075,180,0.20,144,36,false,Existing positive directed cross-stop relation wholly inside the approved hub complex.
FT_MH_OSTBAHNHOF,1,large,506,Ostbahnhof/Belfortstraße,Ostbahnhof station complex,FAST_TRACK_2040,106077,Ostbahnhof,106075,106078,Ostbahnhof,106075,180,0.20,144,36,false,Existing positive directed cross-stop relation wholly inside the approved hub complex.
FT_MH_OSTBAHNHOF,1,large,506,Ostbahnhof/Belfortstraße,Ostbahnhof station complex,FAST_TRACK_2040,106077,Ostbahnhof,106075,106076,Ostbahnhof,106075,180,0.20,144,36,false,Existing positive directed cross-stop relation wholly inside the approved hub complex.
FT_MH_OSTBAHNHOF,1,large,506,Ostbahnhof/Belfortstraße,Ostbahnhof station complex,FAST_TRACK_2040,106077,Ostbahnhof,106075,106082,Ostbahnhof,106075,180,0.20,144,36,false,Existing positive directed cross-stop relation wholly inside the approved hub complex.
FT_MH_OSTBAHNHOF,1,large,506,Ostbahnhof/Belfortstraße,Ostbahnhof station complex,FAST_TRACK_2040,106077,Ostbahnhof,106075,106081,Ostbahnhof,106075,180,0.20,144,36,false,Existing positive directed cross-stop relation wholly inside the approved hub complex.
FT_MH_OSTBAHNHOF,1,large,506,Ostbahnhof/Belfortstraße,Ostbahnhof station complex,FAST_TRACK_2040,106077,Ostbahnhof,106075,106080,Ostbahnhof,106075,180,0.20,144,36,false,Existing positive directed cross-stop relation wholly inside the approved hub complex.
FT_MH_OSTBAHNHOF,1,large,506,Ostbahnhof/Belfortstraße,Ostbahnhof station complex,FAST_TRACK_2040,106077,Ostbahnhof,106075,106086,Ostbahnhof,106075,180,0.20,144,36,false,Existing positive directed cross-stop relation wholly inside the approved hub complex.
FT_MH_OSTBAHNHOF,1,large,506,Ostbahnhof/Belfortstraße,Ostbahnhof station complex,FAST_TRACK_2040,106077,Ostbahnhof,106075,106085,Ostbahnhof,106075,180,0.20,144,36,false,Existing positive directed cross-stop relation wholly inside the approved hub complex.
FT_MH_OSTBAHNHOF,1,large,506,Ostbahnhof/Belfortstraße,Ostbahnhof station complex,FAST_TRACK_2040,106077,Ostbahnhof,106075,106084,Ostbahnhof,106075,180,0.20,144,36,false,Existing positive directed cross-stop relation wholly inside the approved hub complex.
FT_MH_OSTBAHNHOF,1,large,506,Ostbahnhof/Belfortstraße,Ostbahnhof station complex,FAST_TRACK_2040,106077,Ostbahnhof,106075,106083,Ostbahnhof,106075,180,0.20,144,36,false,Existing positive directed cross-stop relation wholly inside the approved hub complex.
FT_MH_OSTBAHNHOF,1,large,506,Ostbahnhof/Belfortstraße,Ostbahnhof station complex,FAST_TRACK_2040,106076,Ostbahnhof,106075,106079,Ostbahnhof,106075,180,0.20,144,36,false,Existing positive directed cross-stop relation wholly inside the approved hub complex.
FT_MH_OSTBAHNHOF,1,large,506,Ostbahnhof/Belfortstraße,Ostbahnhof station complex,FAST_TRACK_2040,106076,Ostbahnhof,106075,106078,Ostbahnhof,106075,180,0.20,144,36,false,Existing positive directed cross-stop relation wholly inside the approved hub complex.
FT_MH_OSTBAHNHOF,1,large,506,Ostbahnhof/Belfortstraße,Ostbahnhof station complex,FAST_TRACK_2040,106076,Ostbahnhof,106075,106077,Ostbahnhof,106075,180,0.20,144,36,false,Existing positive directed cross-stop relation wholly inside the approved hub complex.
FT_MH_OSTBAHNHOF,1,large,506,Ostbahnhof/Belfortstraße,Ostbahnhof station complex,FAST_TRACK_2040,106076,Ostbahnhof,106075,106082,Ostbahnhof,106075,180,0.20,144,36,false,Existing positive directed cross-stop relation wholly inside the approved hub complex.
FT_MH_OSTBAHNHOF,1,large,506,Ostbahnhof/Belfortstraße,Ostbahnhof station complex,FAST_TRACK_2040,106076,Ostbahnhof,106075,106081,Ostbahnhof,106075,180,0.20,144,36,false,Existing positive directed cross-stop relation wholly inside the approved hub complex.
FT_MH_OSTBAHNHOF,1,large,506,Ostbahnhof/Belfortstraße,Ostbahnhof station complex,FAST_TRACK_2040,106076,Ostbahnhof,106075,106080,Ostbahnhof,106075,180,0.20,144,36,false,Existing positive directed cross-stop relation wholly inside the approved hub complex.
FT_MH_OSTBAHNHOF,1,large,506,Ostbahnhof/Belfortstraße,Ostbahnhof station complex,FAST_TRACK_2040,106076,Ostbahnhof,106075,106086,Ostbahnhof,106075,180,0.20,144,36,false,Existing positive directed cross-stop relation wholly inside the approved hub complex.
FT_MH_OSTBAHNHOF,1,large,506,Ostbahnhof/Belfortstraße,Ostbahnhof station complex,FAST_TRACK_2040,106076,Ostbahnhof,106075,106085,Ostbahnhof,106075,180,0.20,144,36,false,Existing positive directed cross-stop relation wholly inside the approved hub complex.
FT_MH_OSTBAHNHOF,1,large,506,Ostbahnhof/Belfortstraße,Ostbahnhof station complex,FAST_TRACK_2040,106076,Ostbahnhof,106075,106084,Ostbahnhof,106075,180,0.20,144,36,false,Existing positive directed cross-stop relation wholly inside the approved hub complex.
FT_MH_OSTBAHNHOF,1,large,506,Ostbahnhof/Belfortstraße,Ostbahnhof station complex,FAST_TRACK_2040,106076,Ostbahnhof,106075,106083,Ostbahnhof,106075,180,0.20,144,36,false,Existing positive directed cross-stop relation wholly inside the approved hub complex.
FT_MH_OSTBAHNHOF,1,large,506,Ostbahnhof/Belfortstraße,Ostbahnhof station complex,FAST_TRACK_2040,107902,Ostbahnhof (Post),107900,107901,Ostbahnhof (Post),107900,180,0.20,144,36,false,Existing positive directed cross-stop relation wholly inside the approved hub complex.
FT_MH_OSTBAHNHOF,1,large,506,Ostbahnhof/Belfortstraße,Ostbahnhof station complex,FAST_TRACK_2040,107901,Ostbahnhof (Post),107900,107902,Ostbahnhof (Post),107900,180,0.20,144,36,false,Existing positive directed cross-stop relation wholly inside the approved hub complex.
FT_MH_ZOB_HACKERBRUECKE,2,large,312,ZOB,ZOB / Hackerbrücke station complex,FAST_TRACK_2040,106099,Hackerbrücke,106097,106101,Hackerbrücke,106097,300,0.20,240,60,false,Existing positive directed cross-stop relation wholly inside the approved hub complex.
FT_MH_ZOB_HACKERBRUECKE,2,large,312,ZOB,ZOB / Hackerbrücke station complex,FAST_TRACK_2040,106099,Hackerbrücke,106097,106100,Hackerbrücke,106097,300,0.20,240,60,false,Existing positive directed cross-stop relation wholly inside the approved hub complex.
FT_MH_ZOB_HACKERBRUECKE,2,large,312,ZOB,ZOB / Hackerbrücke station complex,FAST_TRACK_2040,106099,Hackerbrücke,106097,106098,Hackerbrücke,106097,300,0.20,240,60,false,Existing positive directed cross-stop relation wholly inside the approved hub complex.
FT_MH_ZOB_HACKERBRUECKE,2,large,312,ZOB,ZOB / Hackerbrücke station complex,FAST_TRACK_2040,106099,Hackerbrücke,106097,106103,Hackerbrücke,106097,300,0.20,240,60,false,Existing positive directed cross-stop relation wholly inside the approved hub complex.
FT_MH_ZOB_HACKERBRUECKE,2,large,312,ZOB,ZOB / Hackerbrücke station complex,FAST_TRACK_2040,106099,Hackerbrücke,106097,106102,Hackerbrücke,106097,300,0.20,240,60,false,Existing positive directed cross-stop relation wholly inside the approved hub complex.
FT_MH_ZOB_HACKERBRUECKE,2,large,312,ZOB,ZOB / Hackerbrücke station complex,FAST_TRACK_2040,106098,Hackerbrücke,106097,106101,Hackerbrücke,106097,300,0.20,240,60,false,Existing positive directed cross-stop relation wholly inside the approved hub complex.
FT_MH_ZOB_HACKERBRUECKE,2,large,312,ZOB,ZOB / Hackerbrücke station complex,FAST_TRACK_2040,106098,Hackerbrücke,106097,106100,Hackerbrücke,106097,300,0.20,240,60,false,Existing positive directed cross-stop relation wholly inside the approved hub complex.
FT_MH_ZOB_HACKERBRUECKE,2,large,312,ZOB,ZOB / Hackerbrücke station complex,FAST_TRACK_2040,106098,Hackerbrücke,106097,106099,Hackerbrücke,106097,300,0.20,240,60,false,Existing positive directed cross-stop relation wholly inside the approved hub complex.
FT_MH_ZOB_HACKERBRUECKE,2,large,312,ZOB,ZOB / Hackerbrücke station complex,FAST_TRACK_2040,106098,Hackerbrücke,106097,106103,Hackerbrücke,106097,300,0.20,240,60,false,Existing positive directed cross-stop relation wholly inside the approved hub complex.
FT_MH_ZOB_HACKERBRUECKE,2,large,312,ZOB,ZOB / Hackerbrücke station complex,FAST_TRACK_2040,106098,Hackerbrücke,106097,106102,Hackerbrücke,106097,300,0.20,240,60,false,Existing positive directed cross-stop relation wholly inside the approved hub complex.
FT_MH_ZOB_HACKERBRUECKE,2,large,312,ZOB,ZOB / Hackerbrücke station complex,FAST_TRACK_2040,106101,Hackerbrücke,106097,106100,Hackerbrücke,106097,300,0.20,240,60,false,Existing positive directed cross-stop relation wholly inside the approved hub complex.
FT_MH_ZOB_HACKERBRUECKE,2,large,312,ZOB,ZOB / Hackerbrücke station complex,FAST_TRACK_2040,106101,Hackerbrücke,106097,106099,Hackerbrücke,106097,300,0.20,240,60,false,Existing positive directed cross-stop relation wholly inside the approved hub complex.
FT_MH_ZOB_HACKERBRUECKE,2,large,312,ZOB,ZOB / Hackerbrücke station complex,FAST_TRACK_2040,106101,Hackerbrücke,106097,106098,Hackerbrücke,106097,300,0.20,240,60,false,Existing positive directed cross-stop relation wholly inside the approved hub complex.
FT_MH_ZOB_HACKERBRUECKE,2,large,312,ZOB,ZOB / Hackerbrücke station complex,FAST_TRACK_2040,106101,Hackerbrücke,106097,106103,Hackerbrücke,106097,300,0.20,240,60,false,Existing positive directed cross-stop relation wholly inside the approved hub complex.
FT_MH_ZOB_HACKERBRUECKE,2,large,312,ZOB,ZOB / Hackerbrücke station complex,FAST_TRACK_2040,106101,Hackerbrücke,106097,106102,Hackerbrücke,106097,300,0.20,240,60,false,Existing positive directed cross-stop relation wholly inside the approved hub complex.
FT_MH_ZOB_HACKERBRUECKE,2,large,312,ZOB,ZOB / Hackerbrücke station complex,FAST_TRACK_2040,106100,Hackerbrücke,106097,106101,Hackerbrücke,106097,300,0.20,240,60,false,Existing positive directed cross-stop relation wholly inside the approved hub complex.
FT_MH_ZOB_HACKERBRUECKE,2,large,312,ZOB,ZOB / Hackerbrücke station complex,FAST_TRACK_2040,106100,Hackerbrücke,106097,106099,Hackerbrücke,106097,300,0.20,240,60,false,Existing positive directed cross-stop relation wholly inside the approved hub complex.
FT_MH_ZOB_HACKERBRUECKE,2,large,312,ZOB,ZOB / Hackerbrücke station complex,FAST_TRACK_2040,106100,Hackerbrücke,106097,106098,Hackerbrücke,106097,300,0.20,240,60,false,Existing positive directed cross-stop relation wholly inside the approved hub complex.
FT_MH_ZOB_HACKERBRUECKE,2,large,312,ZOB,ZOB / Hackerbrücke station complex,FAST_TRACK_2040,106100,Hackerbrücke,106097,106103,Hackerbrücke,106097,300,0.20,240,60,false,Existing positive directed cross-stop relation wholly inside the approved hub complex.
FT_MH_ZOB_HACKERBRUECKE,2,large,312,ZOB,ZOB / Hackerbrücke station complex,FAST_TRACK_2040,106100,Hackerbrücke,106097,106102,Hackerbrücke,106097,300,0.20,240,60,false,Existing positive directed cross-stop relation wholly inside the approved hub complex.
FT_MH_ZOB_HACKERBRUECKE,2,large,312,ZOB,ZOB / Hackerbrücke station complex,FAST_TRACK_2040,106103,Hackerbrücke,106097,106101,Hackerbrücke,106097,300,0.20,240,60,false,Existing positive directed cross-stop relation wholly inside the approved hub complex.
FT_MH_ZOB_HACKERBRUECKE,2,large,312,ZOB,ZOB / Hackerbrücke station complex,FAST_TRACK_2040,106103,Hackerbrücke,106097,106100,Hackerbrücke,106097,300,0.20,240,60,false,Existing positive directed cross-stop relation wholly inside the approved hub complex.
FT_MH_ZOB_HACKERBRUECKE,2,large,312,ZOB,ZOB / Hackerbrücke station complex,FAST_TRACK_2040,106103,Hackerbrücke,106097,106099,Hackerbrücke,106097,300,0.20,240,60,false,Existing positive directed cross-stop relation wholly inside the approved hub complex.
FT_MH_ZOB_HACKERBRUECKE,2,large,312,ZOB,ZOB / Hackerbrücke station complex,FAST_TRACK_2040,106103,Hackerbrücke,106097,106098,Hackerbrücke,106097,300,0.20,240,60,false,Existing positive directed cross-stop relation wholly inside the approved hub complex.
FT_MH_ZOB_HACKERBRUECKE,2,large,312,ZOB,ZOB / Hackerbrücke station complex,FAST_TRACK_2040,106103,Hackerbrücke,106097,106102,Hackerbrücke,106097,300,0.20,240,60,false,Existing positive directed cross-stop relation wholly inside the approved hub complex.
FT_MH_ZOB_HACKERBRUECKE,2,large,312,ZOB,ZOB / Hackerbrücke station complex,FAST_TRACK_2040,106102,Hackerbrücke,106097,106101,Hackerbrücke,106097,300,0.20,240,60,false,Existing positive directed cross-stop relation wholly inside the approved hub complex.
FT_MH_ZOB_HACKERBRUECKE,2,large,312,ZOB,ZOB / Hackerbrücke station complex,FAST_TRACK_2040,106102,Hackerbrücke,106097,106100,Hackerbrücke,106097,300,0.20,240,60,false,Existing positive directed cross-stop relation wholly inside the approved hub complex.
FT_MH_ZOB_HACKERBRUECKE,2,large,312,ZOB,ZOB / Hackerbrücke station complex,FAST_TRACK_2040,106102,Hackerbrücke,106097,106099,Hackerbrücke,106097,300,0.20,240,60,false,Existing positive directed cross-stop relation wholly inside the approved hub complex.
FT_MH_ZOB_HACKERBRUECKE,2,large,312,ZOB,ZOB / Hackerbrücke station complex,FAST_TRACK_2040,106102,Hackerbrücke,106097,106098,Hackerbrücke,106097,300,0.20,240,60,false,Existing positive directed cross-stop relation wholly inside the approved hub complex.
FT_MH_ZOB_HACKERBRUECKE,2,large,312,ZOB,ZOB / Hackerbrücke station complex,FAST_TRACK_2040,106102,Hackerbrücke,106097,106103,Hackerbrücke,106097,300,0.20,240,60,false,Existing positive directed cross-stop relation wholly inside the approved hub complex.
FT_MH_MOOSACH,3,large,1002,Moosach Bahnhof,Moosach station complex,FAST_TRACK_2040,106860,Moosach,106857,106864,Moosach,106857,180,0.20,144,36,false,Existing positive directed cross-stop relation wholly inside the approved hub complex.
FT_MH_MOOSACH,3,large,1002,Moosach Bahnhof,Moosach station complex,FAST_TRACK_2040,106860,Moosach,106857,106863,Moosach,106857,180,0.20,144,36,false,Existing positive directed cross-stop relation wholly inside the approved hub complex.
FT_MH_MOOSACH,3,large,1002,Moosach Bahnhof,Moosach station complex,FAST_TRACK_2040,106860,Moosach,106857,106862,Moosach,106857,180,0.20,144,36,false,Existing positive directed cross-stop relation wholly inside the approved hub complex.
FT_MH_MOOSACH,3,large,1002,Moosach Bahnhof,Moosach station complex,FAST_TRACK_2040,106860,Moosach,106857,106861,Moosach,106857,180,0.20,144,36,false,Existing positive directed cross-stop relation wholly inside the approved hub complex.
FT_MH_MOOSACH,3,large,1002,Moosach Bahnhof,Moosach station complex,FAST_TRACK_2040,106860,Moosach,106857,106868,Moosach,106857,180,0.20,144,36,false,Existing positive directed cross-stop relation wholly inside the approved hub complex.
FT_MH_MOOSACH,3,large,1002,Moosach Bahnhof,Moosach station complex,FAST_TRACK_2040,106860,Moosach,106857,106867,Moosach,106857,180,0.20,144,36,false,Existing positive directed cross-stop relation wholly inside the approved hub complex.
FT_MH_MOOSACH,3,large,1002,Moosach Bahnhof,Moosach station complex,FAST_TRACK_2040,106860,Moosach,106857,106866,Moosach,106857,180,0.20,144,36,false,Existing positive directed cross-stop relation wholly inside the approved hub complex.
FT_MH_MOOSACH,3,large,1002,Moosach Bahnhof,Moosach station complex,FAST_TRACK_2040,106860,Moosach,106857,106865,Moosach,106857,180,0.20,144,36,false,Existing positive directed cross-stop relation wholly inside the approved hub complex.
FT_MH_MOOSACH,3,large,1002,Moosach Bahnhof,Moosach station complex,FAST_TRACK_2040,106860,Moosach,106857,106859,Moosach,106857,180,0.20,144,36,false,Existing positive directed cross-stop relation wholly inside the approved hub complex.
FT_MH_MOOSACH,3,large,1002,Moosach Bahnhof,Moosach station complex,FAST_TRACK_2040,106860,Moosach,106857,106858,Moosach,106857,180,0.20,144,36,false,Existing positive directed cross-stop relation wholly inside the approved hub complex.
FT_MH_MOOSACH,3,large,1002,Moosach Bahnhof,Moosach station complex,FAST_TRACK_2040,106860,Moosach,106857,106869,Moosach,106857,180,0.20,144,36,false,Existing positive directed cross-stop relation wholly inside the approved hub complex.
FT_MH_MOOSACH,3,large,1002,Moosach Bahnhof,Moosach station complex,FAST_TRACK_2040,106864,Moosach,106857,106860,Moosach,106857,180,0.20,144,36,false,Existing positive directed cross-stop relation wholly inside the approved hub complex.
FT_MH_MOOSACH,3,large,1002,Moosach Bahnhof,Moosach station complex,FAST_TRACK_2040,106864,Moosach,106857,106863,Moosach,106857,180,0.20,144,36,false,Existing positive directed cross-stop relation wholly inside the approved hub complex.
FT_MH_MOOSACH,3,large,1002,Moosach Bahnhof,Moosach station complex,FAST_TRACK_2040,106864,Moosach,106857,106862,Moosach,106857,180,0.20,144,36,false,Existing positive directed cross-stop relation wholly inside the approved hub complex.
FT_MH_MOOSACH,3,large,1002,Moosach Bahnhof,Moosach station complex,FAST_TRACK_2040,106864,Moosach,106857,106861,Moosach,106857,180,0.20,144,36,false,Existing positive directed cross-stop relation wholly inside the approved hub complex.
FT_MH_MOOSACH,3,large,1002,Moosach Bahnhof,Moosach station complex,FAST_TRACK_2040,106864,Moosach,106857,106868,Moosach,106857,180,0.20,144,36,false,Existing positive directed cross-stop relation wholly inside the approved hub complex.
FT_MH_MOOSACH,3,large,1002,Moosach Bahnhof,Moosach station complex,FAST_TRACK_2040,106864,Moosach,106857,106867,Moosach,106857,180,0.20,144,36,false,Existing positive directed cross-stop relation wholly inside the approved hub complex.
FT_MH_MOOSACH,3,large,1002,Moosach Bahnhof,Moosach station complex,FAST_TRACK_2040,106864,Moosach,106857,106866,Moosach,106857,180,0.20,144,36,false,Existing positive directed cross-stop relation wholly inside the approved hub complex.
FT_MH_MOOSACH,3,large,1002,Moosach Bahnhof,Moosach station complex,FAST_TRACK_2040,106864,Moosach,106857,106865,Moosach,106857,180,0.20,144,36,false,Existing positive directed cross-stop relation wholly inside the approved hub complex.
FT_MH_MOOSACH,3,large,1002,Moosach Bahnhof,Moosach station complex,FAST_TRACK_2040,106864,Moosach,106857,106859,Moosach,106857,180,0.20,144,36,false,Existing positive directed cross-stop relation wholly inside the approved hub complex.
FT_MH_MOOSACH,3,large,1002,Moosach Bahnhof,Moosach station complex,FAST_TRACK_2040,106864,Moosach,106857,106858,Moosach,106857,180,0.20,144,36,false,Existing positive directed cross-stop relation wholly inside the approved hub complex.
FT_MH_MOOSACH,3,large,1002,Moosach Bahnhof,Moosach station complex,FAST_TRACK_2040,106864,Moosach,106857,106869,Moosach,106857,180,0.20,144,36,false,Existing positive directed cross-stop relation wholly inside the approved hub complex.
FT_MH_MOOSACH,3,large,1002,Moosach Bahnhof,Moosach station complex,FAST_TRACK_2040,106863,Moosach,106857,106860,Moosach,106857,180,0.20,144,36,false,Existing positive directed cross-stop relation wholly inside the approved hub complex.
FT_MH_MOOSACH,3,large,1002,Moosach Bahnhof,Moosach station complex,FAST_TRACK_2040,106863,Moosach,106857,106864,Moosach,106857,180,0.20,144,36,false,Existing positive directed cross-stop relation wholly inside the approved hub complex.
FT_MH_MOOSACH,3,large,1002,Moosach Bahnhof,Moosach station complex,FAST_TRACK_2040,106863,Moosach,106857,106862,Moosach,106857,180,0.20,144,36,false,Existing positive directed cross-stop relation wholly inside the approved hub complex.
FT_MH_MOOSACH,3,large,1002,Moosach Bahnhof,Moosach station complex,FAST_TRACK_2040,106863,Moosach,106857,106861,Moosach,106857,180,0.20,144,36,false,Existing positive directed cross-stop relation wholly inside the approved hub complex.
FT_MH_MOOSACH,3,large,1002,Moosach Bahnhof,Moosach station complex,FAST_TRACK_2040,106863,Moosach,106857,106868,Moosach,106857,180,0.20,144,36,false,Existing positive directed cross-stop relation wholly inside the approved hub complex.
FT_MH_MOOSACH,3,large,1002,Moosach Bahnhof,Moosach station complex,FAST_TRACK_2040,106863,Moosach,106857,106867,Moosach,106857,180,0.20,144,36,false,Existing positive directed cross-stop relation wholly inside the approved hub complex.
FT_MH_MOOSACH,3,large,1002,Moosach Bahnhof,Moosach station complex,FAST_TRACK_2040,106863,Moosach,106857,106866,Moosach,106857,180,0.20,144,36,false,Existing positive directed cross-stop relation wholly inside the approved hub complex.
FT_MH_MOOSACH,3,large,1002,Moosach Bahnhof,Moosach station complex,FAST_TRACK_2040,106863,Moosach,106857,106865,Moosach,106857,180,0.20,144,36,false,Existing positive directed cross-stop relation wholly inside the approved hub complex.
FT_MH_MOOSACH,3,large,1002,Moosach Bahnhof,Moosach station complex,FAST_TRACK_2040,106863,Moosach,106857,106859,Moosach,106857,180,0.20,144,36,false,Existing positive directed cross-stop relation wholly inside the approved hub complex.
FT_MH_MOOSACH,3,large,1002,Moosach Bahnhof,Moosach station complex,FAST_TRACK_2040,106863,Moosach,106857,106858,Moosach,106857,180,0.20,144,36,false,Existing positive directed cross-stop relation wholly inside the approved hub complex.
FT_MH_MOOSACH,3,large,1002,Moosach Bahnhof,Moosach station complex,FAST_TRACK_2040,106863,Moosach,106857,106869,Moosach,106857,180,0.20,144,36,false,Existing positive directed cross-stop relation wholly inside the approved hub complex.
FT_MH_MOOSACH,3,large,1002,Moosach Bahnhof,Moosach station complex,FAST_TRACK_2040,106862,Moosach,106857,106860,Moosach,106857,180,0.20,144,36,false,Existing positive directed cross-stop relation wholly inside the approved hub complex.
FT_MH_MOOSACH,3,large,1002,Moosach Bahnhof,Moosach station complex,FAST_TRACK_2040,106862,Moosach,106857,106864,Moosach,106857,180,0.20,144,36,false,Existing positive directed cross-stop relation wholly inside the approved hub complex.
FT_MH_MOOSACH,3,large,1002,Moosach Bahnhof,Moosach station complex,FAST_TRACK_2040,106862,Moosach,106857,106863,Moosach,106857,180,0.20,144,36,false,Existing positive directed cross-stop relation wholly inside the approved hub complex.
FT_MH_MOOSACH,3,large,1002,Moosach Bahnhof,Moosach station complex,FAST_TRACK_2040,106862,Moosach,106857,106861,Moosach,106857,180,0.20,144,36,false,Existing positive directed cross-stop relation wholly inside the approved hub complex.
FT_MH_MOOSACH,3,large,1002,Moosach Bahnhof,Moosach station complex,FAST_TRACK_2040,106862,Moosach,106857,106868,Moosach,106857,180,0.20,144,36,false,Existing positive directed cross-stop relation wholly inside the approved hub complex.
FT_MH_MOOSACH,3,large,1002,Moosach Bahnhof,Moosach station complex,FAST_TRACK_2040,106862,Moosach,106857,106867,Moosach,106857,180,0.20,144,36,false,Existing positive directed cross-stop relation wholly inside the approved hub complex.
FT_MH_MOOSACH,3,large,1002,Moosach Bahnhof,Moosach station complex,FAST_TRACK_2040,106862,Moosach,106857,106866,Moosach,106857,180,0.20,144,36,false,Existing positive directed cross-stop relation wholly inside the approved hub complex.
FT_MH_MOOSACH,3,large,1002,Moosach Bahnhof,Moosach station complex,FAST_TRACK_2040,106862,Moosach,106857,106865,Moosach,106857,180,0.20,144,36,false,Existing positive directed cross-stop relation wholly inside the approved hub complex.
FT_MH_MOOSACH,3,large,1002,Moosach Bahnhof,Moosach station complex,FAST_TRACK_2040,106862,Moosach,106857,106859,Moosach,106857,180,0.20,144,36,false,Existing positive directed cross-stop relation wholly inside the approved hub complex.
FT_MH_MOOSACH,3,large,1002,Moosach Bahnhof,Moosach station complex,FAST_TRACK_2040,106862,Moosach,106857,106858,Moosach,106857,180,0.20,144,36,false,Existing positive directed cross-stop relation wholly inside the approved hub complex.
FT_MH_MOOSACH,3,large,1002,Moosach Bahnhof,Moosach station complex,FAST_TRACK_2040,106862,Moosach,106857,106869,Moosach,106857,180,0.20,144,36,false,Existing positive directed cross-stop relation wholly inside the approved hub complex.
FT_MH_MOOSACH,3,large,1002,Moosach Bahnhof,Moosach station complex,FAST_TRACK_2040,106861,Moosach,106857,106860,Moosach,106857,180,0.20,144,36,false,Existing positive directed cross-stop relation wholly inside the approved hub complex.
FT_MH_MOOSACH,3,large,1002,Moosach Bahnhof,Moosach station complex,FAST_TRACK_2040,106861,Moosach,106857,106864,Moosach,106857,180,0.20,144,36,false,Existing positive directed cross-stop relation wholly inside the approved hub complex.
FT_MH_MOOSACH,3,large,1002,Moosach Bahnhof,Moosach station complex,FAST_TRACK_2040,106861,Moosach,106857,106863,Moosach,106857,180,0.20,144,36,false,Existing positive directed cross-stop relation wholly inside the approved hub complex.
FT_MH_MOOSACH,3,large,1002,Moosach Bahnhof,Moosach station complex,FAST_TRACK_2040,106861,Moosach,106857,106862,Moosach,106857,180,0.20,144,36,false,Existing positive directed cross-stop relation wholly inside the approved hub complex.
FT_MH_MOOSACH,3,large,1002,Moosach Bahnhof,Moosach station complex,FAST_TRACK_2040,106861,Moosach,106857,106868,Moosach,106857,180,0.20,144,36,false,Existing positive directed cross-stop relation wholly inside the approved hub complex.
FT_MH_MOOSACH,3,large,1002,Moosach Bahnhof,Moosach station complex,FAST_TRACK_2040,106861,Moosach,106857,106867,Moosach,106857,180,0.20,144,36,false,Existing positive directed cross-stop relation wholly inside the approved hub complex.
FT_MH_MOOSACH,3,large,1002,Moosach Bahnhof,Moosach station complex,FAST_TRACK_2040,106861,Moosach,106857,106866,Moosach,106857,180,0.20,144,36,false,Existing positive directed cross-stop relation wholly inside the approved hub complex.
FT_MH_MOOSACH,3,large,1002,Moosach Bahnhof,Moosach station complex,FAST_TRACK_2040,106861,Moosach,106857,106865,Moosach,106857,180,0.20,144,36,false,Existing positive directed cross-stop relation wholly inside the approved hub complex.
FT_MH_MOOSACH,3,large,1002,Moosach Bahnhof,Moosach station complex,FAST_TRACK_2040,106861,Moosach,106857,106859,Moosach,106857,180,0.20,144,36,false,Existing positive directed cross-stop relation wholly inside the approved hub complex.
FT_MH_MOOSACH,3,large,1002,Moosach Bahnhof,Moosach station complex,FAST_TRACK_2040,106861,Moosach,106857,106858,Moosach,106857,180,0.20,144,36,false,Existing positive directed cross-stop relation wholly inside the approved hub complex.
FT_MH_MOOSACH,3,large,1002,Moosach Bahnhof,Moosach station complex,FAST_TRACK_2040,106861,Moosach,106857,106869,Moosach,106857,180,0.20,144,36,false,Existing positive directed cross-stop relation wholly inside the approved hub complex.
FT_MH_MOOSACH,3,large,1002,Moosach Bahnhof,Moosach station complex,FAST_TRACK_2040,106859,Moosach,106857,106860,Moosach,106857,180,0.20,144,36,false,Existing positive directed cross-stop relation wholly inside the approved hub complex.
FT_MH_MOOSACH,3,large,1002,Moosach Bahnhof,Moosach station complex,FAST_TRACK_2040,106859,Moosach,106857,106864,Moosach,106857,180,0.20,144,36,false,Existing positive directed cross-stop relation wholly inside the approved hub complex.
FT_MH_MOOSACH,3,large,1002,Moosach Bahnhof,Moosach station complex,FAST_TRACK_2040,106859,Moosach,106857,106863,Moosach,106857,180,0.20,144,36,false,Existing positive directed cross-stop relation wholly inside the approved hub complex.
FT_MH_MOOSACH,3,large,1002,Moosach Bahnhof,Moosach station complex,FAST_TRACK_2040,106859,Moosach,106857,106862,Moosach,106857,180,0.20,144,36,false,Existing positive directed cross-stop relation wholly inside the approved hub complex.
FT_MH_MOOSACH,3,large,1002,Moosach Bahnhof,Moosach station complex,FAST_TRACK_2040,106859,Moosach,106857,106861,Moosach,106857,180,0.20,144,36,false,Existing positive directed cross-stop relation wholly inside the approved hub complex.
FT_MH_MOOSACH,3,large,1002,Moosach Bahnhof,Moosach station complex,FAST_TRACK_2040,106859,Moosach,106857,106868,Moosach,106857,180,0.20,144,36,false,Existing positive directed cross-stop relation wholly inside the approved hub complex.
FT_MH_MOOSACH,3,large,1002,Moosach Bahnhof,Moosach station complex,FAST_TRACK_2040,106859,Moosach,106857,106867,Moosach,106857,180,0.20,144,36,false,Existing positive directed cross-stop relation wholly inside the approved hub complex.
FT_MH_MOOSACH,3,large,1002,Moosach Bahnhof,Moosach station complex,FAST_TRACK_2040,106859,Moosach,106857,106866,Moosach,106857,180,0.20,144,36,false,Existing positive directed cross-stop relation wholly inside the approved hub complex.
FT_MH_MOOSACH,3,large,1002,Moosach Bahnhof,Moosach station complex,FAST_TRACK_2040,106859,Moosach,106857,106865,Moosach,106857,180,0.20,144,36,false,Existing positive directed cross-stop relation wholly inside the approved hub complex.
FT_MH_MOOSACH,3,large,1002,Moosach Bahnhof,Moosach station complex,FAST_TRACK_2040,106859,Moosach,106857,106858,Moosach,106857,180,0.20,144,36,false,Existing positive directed cross-stop relation wholly inside the approved hub complex.
FT_MH_MOOSACH,3,large,1002,Moosach Bahnhof,Moosach station complex,FAST_TRACK_2040,106859,Moosach,106857,106869,Moosach,106857,180,0.20,144,36,false,Existing positive directed cross-stop relation wholly inside the approved hub complex.
FT_MH_MOOSACH,3,large,1002,Moosach Bahnhof,Moosach station complex,FAST_TRACK_2040,106858,Moosach,106857,106860,Moosach,106857,180,0.20,144,36,false,Existing positive directed cross-stop relation wholly inside the approved hub complex.
FT_MH_MOOSACH,3,large,1002,Moosach Bahnhof,Moosach station complex,FAST_TRACK_2040,106858,Moosach,106857,106864,Moosach,106857,180,0.20,144,36,false,Existing positive directed cross-stop relation wholly inside the approved hub complex.
FT_MH_MOOSACH,3,large,1002,Moosach Bahnhof,Moosach station complex,FAST_TRACK_2040,106858,Moosach,106857,106863,Moosach,106857,180,0.20,144,36,false,Existing positive directed cross-stop relation wholly inside the approved hub complex.
FT_MH_MOOSACH,3,large,1002,Moosach Bahnhof,Moosach station complex,FAST_TRACK_2040,106858,Moosach,106857,106862,Moosach,106857,180,0.20,144,36,false,Existing positive directed cross-stop relation wholly inside the approved hub complex.
FT_MH_MOOSACH,3,large,1002,Moosach Bahnhof,Moosach station complex,FAST_TRACK_2040,106858,Moosach,106857,106861,Moosach,106857,180,0.20,144,36,false,Existing positive directed cross-stop relation wholly inside the approved hub complex.
FT_MH_MOOSACH,3,large,1002,Moosach Bahnhof,Moosach station complex,FAST_TRACK_2040,106858,Moosach,106857,106868,Moosach,106857,180,0.20,144,36,false,Existing positive directed cross-stop relation wholly inside the approved hub complex.
FT_MH_MOOSACH,3,large,1002,Moosach Bahnhof,Moosach station complex,FAST_TRACK_2040,106858,Moosach,106857,106867,Moosach,106857,180,0.20,144,36,false,Existing positive directed cross-stop relation wholly inside the approved hub complex.
FT_MH_MOOSACH,3,large,1002,Moosach Bahnhof,Moosach station complex,FAST_TRACK_2040,106858,Moosach,106857,106866,Moosach,106857,180,0.20,144,36,false,Existing positive directed cross-stop relation wholly inside the approved hub complex.
FT_MH_MOOSACH,3,large,1002,Moosach Bahnhof,Moosach station complex,FAST_TRACK_2040,106858,Moosach,106857,106865,Moosach,106857,180,0.20,144,36,false,Existing positive directed cross-stop relation wholly inside the approved hub complex.
FT_MH_MOOSACH,3,large,1002,Moosach Bahnhof,Moosach station complex,FAST_TRACK_2040,106858,Moosach,106857,106859,Moosach,106857,180,0.20,144,36,false,Existing positive directed cross-stop relation wholly inside the approved hub complex.
FT_MH_MOOSACH,3,large,1002,Moosach Bahnhof,Moosach station complex,FAST_TRACK_2040,106858,Moosach,106857,106869,Moosach,106857,180,0.20,144,36,false,Existing positive directed cross-stop relation wholly inside the approved hub complex.
FT_MH_MOOSACH,3,large,1002,Moosach Bahnhof,Moosach station complex,FAST_TRACK_2040,106868,Moosach,106857,106860,Moosach,106857,180,0.20,144,36,false,Existing positive directed cross-stop relation wholly inside the approved hub complex.
FT_MH_MOOSACH,3,large,1002,Moosach Bahnhof,Moosach station complex,FAST_TRACK_2040,106868,Moosach,106857,106864,Moosach,106857,180,0.20,144,36,false,Existing positive directed cross-stop relation wholly inside the approved hub complex.
FT_MH_MOOSACH,3,large,1002,Moosach Bahnhof,Moosach station complex,FAST_TRACK_2040,106868,Moosach,106857,106863,Moosach,106857,180,0.20,144,36,false,Existing positive directed cross-stop relation wholly inside the approved hub complex.
FT_MH_MOOSACH,3,large,1002,Moosach Bahnhof,Moosach station complex,FAST_TRACK_2040,106868,Moosach,106857,106862,Moosach,106857,180,0.20,144,36,false,Existing positive directed cross-stop relation wholly inside the approved hub complex.
FT_MH_MOOSACH,3,large,1002,Moosach Bahnhof,Moosach station complex,FAST_TRACK_2040,106868,Moosach,106857,106861,Moosach,106857,180,0.20,144,36,false,Existing positive directed cross-stop relation wholly inside the approved hub complex.
FT_MH_MOOSACH,3,large,1002,Moosach Bahnhof,Moosach station complex,FAST_TRACK_2040,106868,Moosach,106857,106867,Moosach,106857,180,0.20,144,36,false,Existing positive directed cross-stop relation wholly inside the approved hub complex.
FT_MH_MOOSACH,3,large,1002,Moosach Bahnhof,Moosach station complex,FAST_TRACK_2040,106868,Moosach,106857,106866,Moosach,106857,180,0.20,144,36,false,Existing positive directed cross-stop relation wholly inside the approved hub complex.
FT_MH_MOOSACH,3,large,1002,Moosach Bahnhof,Moosach station complex,FAST_TRACK_2040,106868,Moosach,106857,106865,Moosach,106857,180,0.20,144,36,false,Existing positive directed cross-stop relation wholly inside the approved hub complex.
FT_MH_MOOSACH,3,large,1002,Moosach Bahnhof,Moosach station complex,FAST_TRACK_2040,106868,Moosach,106857,106859,Moosach,106857,180,0.20,144,36,false,Existing positive directed cross-stop relation wholly inside the approved hub complex.
FT_MH_MOOSACH,3,large,1002,Moosach Bahnhof,Moosach station complex,FAST_TRACK_2040,106868,Moosach,106857,106858,Moosach,106857,180,0.20,144,36,false,Existing positive directed cross-stop relation wholly inside the approved hub complex.
FT_MH_MOOSACH,3,large,1002,Moosach Bahnhof,Moosach station complex,FAST_TRACK_2040,106868,Moosach,106857,106869,Moosach,106857,180,0.20,144,36,false,Existing positive directed cross-stop relation wholly inside the approved hub complex.
FT_MH_MOOSACH,3,large,1002,Moosach Bahnhof,Moosach station complex,FAST_TRACK_2040,106867,Moosach,106857,106860,Moosach,106857,180,0.20,144,36,false,Existing positive directed cross-stop relation wholly inside the approved hub complex.
FT_MH_MOOSACH,3,large,1002,Moosach Bahnhof,Moosach station complex,FAST_TRACK_2040,106867,Moosach,106857,106864,Moosach,106857,180,0.20,144,36,false,Existing positive directed cross-stop relation wholly inside the approved hub complex.
FT_MH_MOOSACH,3,large,1002,Moosach Bahnhof,Moosach station complex,FAST_TRACK_2040,106867,Moosach,106857,106863,Moosach,106857,180,0.20,144,36,false,Existing positive directed cross-stop relation wholly inside the approved hub complex.
FT_MH_MOOSACH,3,large,1002,Moosach Bahnhof,Moosach station complex,FAST_TRACK_2040,106867,Moosach,106857,106862,Moosach,106857,180,0.20,144,36,false,Existing positive directed cross-stop relation wholly inside the approved hub complex.
FT_MH_MOOSACH,3,large,1002,Moosach Bahnhof,Moosach station complex,FAST_TRACK_2040,106867,Moosach,106857,106861,Moosach,106857,180,0.20,144,36,false,Existing positive directed cross-stop relation wholly inside the approved hub complex.
FT_MH_MOOSACH,3,large,1002,Moosach Bahnhof,Moosach station complex,FAST_TRACK_2040,106867,Moosach,106857,106868,Moosach,106857,180,0.20,144,36,false,Existing positive directed cross-stop relation wholly inside the approved hub complex.
FT_MH_MOOSACH,3,large,1002,Moosach Bahnhof,Moosach station complex,FAST_TRACK_2040,106867,Moosach,106857,106866,Moosach,106857,180,0.20,144,36,false,Existing positive directed cross-stop relation wholly inside the approved hub complex.
FT_MH_MOOSACH,3,large,1002,Moosach Bahnhof,Moosach station complex,FAST_TRACK_2040,106867,Moosach,106857,106865,Moosach,106857,180,0.20,144,36,false,Existing positive directed cross-stop relation wholly inside the approved hub complex.
FT_MH_MOOSACH,3,large,1002,Moosach Bahnhof,Moosach station complex,FAST_TRACK_2040,106867,Moosach,106857,106859,Moosach,106857,180,0.20,144,36,false,Existing positive directed cross-stop relation wholly inside the approved hub complex.
FT_MH_MOOSACH,3,large,1002,Moosach Bahnhof,Moosach station complex,FAST_TRACK_2040,106867,Moosach,106857,106858,Moosach,106857,180,0.20,144,36,false,Existing positive directed cross-stop relation wholly inside the approved hub complex.
FT_MH_MOOSACH,3,large,1002,Moosach Bahnhof,Moosach station complex,FAST_TRACK_2040,106867,Moosach,106857,106869,Moosach,106857,180,0.20,144,36,false,Existing positive directed cross-stop relation wholly inside the approved hub complex.
FT_MH_MOOSACH,3,large,1002,Moosach Bahnhof,Moosach station complex,FAST_TRACK_2040,106866,Moosach,106857,106860,Moosach,106857,180,0.20,144,36,false,Existing positive directed cross-stop relation wholly inside the approved hub complex.
FT_MH_MOOSACH,3,large,1002,Moosach Bahnhof,Moosach station complex,FAST_TRACK_2040,106866,Moosach,106857,106864,Moosach,106857,180,0.20,144,36,false,Existing positive directed cross-stop relation wholly inside the approved hub complex.
FT_MH_MOOSACH,3,large,1002,Moosach Bahnhof,Moosach station complex,FAST_TRACK_2040,106866,Moosach,106857,106863,Moosach,106857,180,0.20,144,36,false,Existing positive directed cross-stop relation wholly inside the approved hub complex.
FT_MH_MOOSACH,3,large,1002,Moosach Bahnhof,Moosach station complex,FAST_TRACK_2040,106866,Moosach,106857,106862,Moosach,106857,180,0.20,144,36,false,Existing positive directed cross-stop relation wholly inside the approved hub complex.
FT_MH_MOOSACH,3,large,1002,Moosach Bahnhof,Moosach station complex,FAST_TRACK_2040,106866,Moosach,106857,106861,Moosach,106857,180,0.20,144,36,false,Existing positive directed cross-stop relation wholly inside the approved hub complex.
FT_MH_MOOSACH,3,large,1002,Moosach Bahnhof,Moosach station complex,FAST_TRACK_2040,106866,Moosach,106857,106868,Moosach,106857,180,0.20,144,36,false,Existing positive directed cross-stop relation wholly inside the approved hub complex.
FT_MH_MOOSACH,3,large,1002,Moosach Bahnhof,Moosach station complex,FAST_TRACK_2040,106866,Moosach,106857,106867,Moosach,106857,180,0.20,144,36,false,Existing positive directed cross-stop relation wholly inside the approved hub complex.
FT_MH_MOOSACH,3,large,1002,Moosach Bahnhof,Moosach station complex,FAST_TRACK_2040,106866,Moosach,106857,106865,Moosach,106857,180,0.20,144,36,false,Existing positive directed cross-stop relation wholly inside the approved hub complex.
FT_MH_MOOSACH,3,large,1002,Moosach Bahnhof,Moosach station complex,FAST_TRACK_2040,106866,Moosach,106857,106859,Moosach,106857,180,0.20,144,36,false,Existing positive directed cross-stop relation wholly inside the approved hub complex.
FT_MH_MOOSACH,3,large,1002,Moosach Bahnhof,Moosach station complex,FAST_TRACK_2040,106866,Moosach,106857,106858,Moosach,106857,180,0.20,144,36,false,Existing positive directed cross-stop relation wholly inside the approved hub complex.
FT_MH_MOOSACH,3,large,1002,Moosach Bahnhof,Moosach station complex,FAST_TRACK_2040,106866,Moosach,106857,106869,Moosach,106857,180,0.20,144,36,false,Existing positive directed cross-stop relation wholly inside the approved hub complex.
FT_MH_MOOSACH,3,large,1002,Moosach Bahnhof,Moosach station complex,FAST_TRACK_2040,106865,Moosach,106857,106860,Moosach,106857,180,0.20,144,36,false,Existing positive directed cross-stop relation wholly inside the approved hub complex.
FT_MH_MOOSACH,3,large,1002,Moosach Bahnhof,Moosach station complex,FAST_TRACK_2040,106865,Moosach,106857,106864,Moosach,106857,180,0.20,144,36,false,Existing positive directed cross-stop relation wholly inside the approved hub complex.
FT_MH_MOOSACH,3,large,1002,Moosach Bahnhof,Moosach station complex,FAST_TRACK_2040,106865,Moosach,106857,106863,Moosach,106857,180,0.20,144,36,false,Existing positive directed cross-stop relation wholly inside the approved hub complex.
FT_MH_MOOSACH,3,large,1002,Moosach Bahnhof,Moosach station complex,FAST_TRACK_2040,106865,Moosach,106857,106862,Moosach,106857,180,0.20,144,36,false,Existing positive directed cross-stop relation wholly inside the approved hub complex.
FT_MH_MOOSACH,3,large,1002,Moosach Bahnhof,Moosach station complex,FAST_TRACK_2040,106865,Moosach,106857,106861,Moosach,106857,180,0.20,144,36,false,Existing positive directed cross-stop relation wholly inside the approved hub complex.
FT_MH_MOOSACH,3,large,1002,Moosach Bahnhof,Moosach station complex,FAST_TRACK_2040,106865,Moosach,106857,106868,Moosach,106857,180,0.20,144,36,false,Existing positive directed cross-stop relation wholly inside the approved hub complex.
FT_MH_MOOSACH,3,large,1002,Moosach Bahnhof,Moosach station complex,FAST_TRACK_2040,106865,Moosach,106857,106867,Moosach,106857,180,0.20,144,36,false,Existing positive directed cross-stop relation wholly inside the approved hub complex.
FT_MH_MOOSACH,3,large,1002,Moosach Bahnhof,Moosach station complex,FAST_TRACK_2040,106865,Moosach,106857,106866,Moosach,106857,180,0.20,144,36,false,Existing positive directed cross-stop relation wholly inside the approved hub complex.
FT_MH_MOOSACH,3,large,1002,Moosach Bahnhof,Moosach station complex,FAST_TRACK_2040,106865,Moosach,106857,106859,Moosach,106857,180,0.20,144,36,false,Existing positive directed cross-stop relation wholly inside the approved hub complex.
FT_MH_MOOSACH,3,large,1002,Moosach Bahnhof,Moosach station complex,FAST_TRACK_2040,106865,Moosach,106857,106858,Moosach,106857,180,0.20,144,36,false,Existing positive directed cross-stop relation wholly inside the approved hub complex.
FT_MH_MOOSACH,3,large,1002,Moosach Bahnhof,Moosach station complex,FAST_TRACK_2040,106865,Moosach,106857,106869,Moosach,106857,180,0.20,144,36,false,Existing positive directed cross-stop relation wholly inside the approved hub complex.
FT_MH_MOOSACH,3,large,1002,Moosach Bahnhof,Moosach station complex,FAST_TRACK_2040,106869,Moosach,106857,106860,Moosach,106857,180,0.20,144,36,false,Existing positive directed cross-stop relation wholly inside the approved hub complex.
FT_MH_MOOSACH,3,large,1002,Moosach Bahnhof,Moosach station complex,FAST_TRACK_2040,106869,Moosach,106857,106864,Moosach,106857,180,0.20,144,36,false,Existing positive directed cross-stop relation wholly inside the approved hub complex.
FT_MH_MOOSACH,3,large,1002,Moosach Bahnhof,Moosach station complex,FAST_TRACK_2040,106869,Moosach,106857,106863,Moosach,106857,180,0.20,144,36,false,Existing positive directed cross-stop relation wholly inside the approved hub complex.
FT_MH_MOOSACH,3,large,1002,Moosach Bahnhof,Moosach station complex,FAST_TRACK_2040,106869,Moosach,106857,106862,Moosach,106857,180,0.20,144,36,false,Existing positive directed cross-stop relation wholly inside the approved hub complex.
FT_MH_MOOSACH,3,large,1002,Moosach Bahnhof,Moosach station complex,FAST_TRACK_2040,106869,Moosach,106857,106861,Moosach,106857,180,0.20,144,36,false,Existing positive directed cross-stop relation wholly inside the approved hub complex.
FT_MH_MOOSACH,3,large,1002,Moosach Bahnhof,Moosach station complex,FAST_TRACK_2040,106869,Moosach,106857,106868,Moosach,106857,180,0.20,144,36,false,Existing positive directed cross-stop relation wholly inside the approved hub complex.
FT_MH_MOOSACH,3,large,1002,Moosach Bahnhof,Moosach station complex,FAST_TRACK_2040,106869,Moosach,106857,106867,Moosach,106857,180,0.20,144,36,false,Existing positive directed cross-stop relation wholly inside the approved hub complex.
FT_MH_MOOSACH,3,large,1002,Moosach Bahnhof,Moosach station complex,FAST_TRACK_2040,106869,Moosach,106857,106866,Moosach,106857,180,0.20,144,36,false,Existing positive directed cross-stop relation wholly inside the approved hub complex.
FT_MH_MOOSACH,3,large,1002,Moosach Bahnhof,Moosach station complex,FAST_TRACK_2040,106869,Moosach,106857,106865,Moosach,106857,180,0.20,144,36,false,Existing positive directed cross-stop relation wholly inside the approved hub complex.
FT_MH_MOOSACH,3,large,1002,Moosach Bahnhof,Moosach station complex,FAST_TRACK_2040,106869,Moosach,106857,106859,Moosach,106857,180,0.20,144,36,false,Existing positive directed cross-stop relation wholly inside the approved hub complex.
FT_MH_MOOSACH,3,large,1002,Moosach Bahnhof,Moosach station complex,FAST_TRACK_2040,106869,Moosach,106857,106858,Moosach,106857,180,0.20,144,36,false,Existing positive directed cross-stop relation wholly inside the approved hub complex.
FT_MH_MUENCHNER_FREIHEIT,4,large,62,Münchner Freiheit,Münchner Freiheit,FAST_TRACK_2040,107348,Münchner Freiheit,107347,107355,Münchner Freiheit,107347,180,0.20,144,36,false,Existing positive directed cross-stop relation wholly inside the approved hub complex.
FT_MH_MUENCHNER_FREIHEIT,4,large,62,Münchner Freiheit,Münchner Freiheit,FAST_TRACK_2040,107348,Münchner Freiheit,107347,107354,Münchner Freiheit,107347,180,0.20,144,36,false,Existing positive directed cross-stop relation wholly inside the approved hub complex.
FT_MH_MUENCHNER_FREIHEIT,4,large,62,Münchner Freiheit,Münchner Freiheit,FAST_TRACK_2040,107348,Münchner Freiheit,107347,107353,Münchner Freiheit,107347,180,0.20,144,36,false,Existing positive directed cross-stop relation wholly inside the approved hub complex.
FT_MH_MUENCHNER_FREIHEIT,4,large,62,Münchner Freiheit,Münchner Freiheit,FAST_TRACK_2040,107348,Münchner Freiheit,107347,107352,Münchner Freiheit,107347,180,0.20,144,36,false,Existing positive directed cross-stop relation wholly inside the approved hub complex.
FT_MH_MUENCHNER_FREIHEIT,4,large,62,Münchner Freiheit,Münchner Freiheit,FAST_TRACK_2040,107348,Münchner Freiheit,107347,107356,Münchner Freiheit,107347,180,0.20,144,36,false,Existing positive directed cross-stop relation wholly inside the approved hub complex.
FT_MH_MUENCHNER_FREIHEIT,4,large,62,Münchner Freiheit,Münchner Freiheit,FAST_TRACK_2040,107348,Münchner Freiheit,107347,107349,Münchner Freiheit,107347,180,0.20,144,36,false,Existing positive directed cross-stop relation wholly inside the approved hub complex.
FT_MH_MUENCHNER_FREIHEIT,4,large,62,Münchner Freiheit,Münchner Freiheit,FAST_TRACK_2040,107348,Münchner Freiheit,107347,107351,Münchner Freiheit,107347,180,0.20,144,36,false,Existing positive directed cross-stop relation wholly inside the approved hub complex.
FT_MH_MUENCHNER_FREIHEIT,4,large,62,Münchner Freiheit,Münchner Freiheit,FAST_TRACK_2040,107348,Münchner Freiheit,107347,107350,Münchner Freiheit,107347,180,0.20,144,36,false,Existing positive directed cross-stop relation wholly inside the approved hub complex.
FT_MH_MUENCHNER_FREIHEIT,4,large,62,Münchner Freiheit,Münchner Freiheit,FAST_TRACK_2040,107355,Münchner Freiheit,107347,107354,Münchner Freiheit,107347,180,0.20,144,36,false,Existing positive directed cross-stop relation wholly inside the approved hub complex.
FT_MH_MUENCHNER_FREIHEIT,4,large,62,Münchner Freiheit,Münchner Freiheit,FAST_TRACK_2040,107355,Münchner Freiheit,107347,107353,Münchner Freiheit,107347,180,0.20,144,36,false,Existing positive directed cross-stop relation wholly inside the approved hub complex.
FT_MH_MUENCHNER_FREIHEIT,4,large,62,Münchner Freiheit,Münchner Freiheit,FAST_TRACK_2040,107355,Münchner Freiheit,107347,107352,Münchner Freiheit,107347,180,0.20,144,36,false,Existing positive directed cross-stop relation wholly inside the approved hub complex.
FT_MH_MUENCHNER_FREIHEIT,4,large,62,Münchner Freiheit,Münchner Freiheit,FAST_TRACK_2040,107355,Münchner Freiheit,107347,107348,Münchner Freiheit,107347,180,0.20,144,36,false,Existing positive directed cross-stop relation wholly inside the approved hub complex.
FT_MH_MUENCHNER_FREIHEIT,4,large,62,Münchner Freiheit,Münchner Freiheit,FAST_TRACK_2040,107355,Münchner Freiheit,107347,107356,Münchner Freiheit,107347,180,0.20,144,36,false,Existing positive directed cross-stop relation wholly inside the approved hub complex.
FT_MH_MUENCHNER_FREIHEIT,4,large,62,Münchner Freiheit,Münchner Freiheit,FAST_TRACK_2040,107355,Münchner Freiheit,107347,107349,Münchner Freiheit,107347,180,0.20,144,36,false,Existing positive directed cross-stop relation wholly inside the approved hub complex.
FT_MH_MUENCHNER_FREIHEIT,4,large,62,Münchner Freiheit,Münchner Freiheit,FAST_TRACK_2040,107355,Münchner Freiheit,107347,107351,Münchner Freiheit,107347,180,0.20,144,36,false,Existing positive directed cross-stop relation wholly inside the approved hub complex.
FT_MH_MUENCHNER_FREIHEIT,4,large,62,Münchner Freiheit,Münchner Freiheit,FAST_TRACK_2040,107355,Münchner Freiheit,107347,107350,Münchner Freiheit,107347,180,0.20,144,36,false,Existing positive directed cross-stop relation wholly inside the approved hub complex.
FT_MH_MUENCHNER_FREIHEIT,4,large,62,Münchner Freiheit,Münchner Freiheit,FAST_TRACK_2040,107354,Münchner Freiheit,107347,107355,Münchner Freiheit,107347,180,0.20,144,36,false,Existing positive directed cross-stop relation wholly inside the approved hub complex.
FT_MH_MUENCHNER_FREIHEIT,4,large,62,Münchner Freiheit,Münchner Freiheit,FAST_TRACK_2040,107354,Münchner Freiheit,107347,107353,Münchner Freiheit,107347,180,0.20,144,36,false,Existing positive directed cross-stop relation wholly inside the approved hub complex.
FT_MH_MUENCHNER_FREIHEIT,4,large,62,Münchner Freiheit,Münchner Freiheit,FAST_TRACK_2040,107354,Münchner Freiheit,107347,107352,Münchner Freiheit,107347,180,0.20,144,36,false,Existing positive directed cross-stop relation wholly inside the approved hub complex.
FT_MH_MUENCHNER_FREIHEIT,4,large,62,Münchner Freiheit,Münchner Freiheit,FAST_TRACK_2040,107354,Münchner Freiheit,107347,107348,Münchner Freiheit,107347,180,0.20,144,36,false,Existing positive directed cross-stop relation wholly inside the approved hub complex.
FT_MH_MUENCHNER_FREIHEIT,4,large,62,Münchner Freiheit,Münchner Freiheit,FAST_TRACK_2040,107354,Münchner Freiheit,107347,107356,Münchner Freiheit,107347,180,0.20,144,36,false,Existing positive directed cross-stop relation wholly inside the approved hub complex.
FT_MH_MUENCHNER_FREIHEIT,4,large,62,Münchner Freiheit,Münchner Freiheit,FAST_TRACK_2040,107354,Münchner Freiheit,107347,107349,Münchner Freiheit,107347,180,0.20,144,36,false,Existing positive directed cross-stop relation wholly inside the approved hub complex.
FT_MH_MUENCHNER_FREIHEIT,4,large,62,Münchner Freiheit,Münchner Freiheit,FAST_TRACK_2040,107354,Münchner Freiheit,107347,107351,Münchner Freiheit,107347,180,0.20,144,36,false,Existing positive directed cross-stop relation wholly inside the approved hub complex.
FT_MH_MUENCHNER_FREIHEIT,4,large,62,Münchner Freiheit,Münchner Freiheit,FAST_TRACK_2040,107354,Münchner Freiheit,107347,107350,Münchner Freiheit,107347,180,0.20,144,36,false,Existing positive directed cross-stop relation wholly inside the approved hub complex.
FT_MH_MUENCHNER_FREIHEIT,4,large,62,Münchner Freiheit,Münchner Freiheit,FAST_TRACK_2040,107353,Münchner Freiheit,107347,107355,Münchner Freiheit,107347,180,0.20,144,36,false,Existing positive directed cross-stop relation wholly inside the approved hub complex.
FT_MH_MUENCHNER_FREIHEIT,4,large,62,Münchner Freiheit,Münchner Freiheit,FAST_TRACK_2040,107353,Münchner Freiheit,107347,107354,Münchner Freiheit,107347,180,0.20,144,36,false,Existing positive directed cross-stop relation wholly inside the approved hub complex.
FT_MH_MUENCHNER_FREIHEIT,4,large,62,Münchner Freiheit,Münchner Freiheit,FAST_TRACK_2040,107353,Münchner Freiheit,107347,107352,Münchner Freiheit,107347,180,0.20,144,36,false,Existing positive directed cross-stop relation wholly inside the approved hub complex.
FT_MH_MUENCHNER_FREIHEIT,4,large,62,Münchner Freiheit,Münchner Freiheit,FAST_TRACK_2040,107353,Münchner Freiheit,107347,107348,Münchner Freiheit,107347,180,0.20,144,36,false,Existing positive directed cross-stop relation wholly inside the approved hub complex.
FT_MH_MUENCHNER_FREIHEIT,4,large,62,Münchner Freiheit,Münchner Freiheit,FAST_TRACK_2040,107353,Münchner Freiheit,107347,107356,Münchner Freiheit,107347,180,0.20,144,36,false,Existing positive directed cross-stop relation wholly inside the approved hub complex.
FT_MH_MUENCHNER_FREIHEIT,4,large,62,Münchner Freiheit,Münchner Freiheit,FAST_TRACK_2040,107353,Münchner Freiheit,107347,107349,Münchner Freiheit,107347,180,0.20,144,36,false,Existing positive directed cross-stop relation wholly inside the approved hub complex.
FT_MH_MUENCHNER_FREIHEIT,4,large,62,Münchner Freiheit,Münchner Freiheit,FAST_TRACK_2040,107353,Münchner Freiheit,107347,107351,Münchner Freiheit,107347,180,0.20,144,36,false,Existing positive directed cross-stop relation wholly inside the approved hub complex.
FT_MH_MUENCHNER_FREIHEIT,4,large,62,Münchner Freiheit,Münchner Freiheit,FAST_TRACK_2040,107353,Münchner Freiheit,107347,107350,Münchner Freiheit,107347,180,0.20,144,36,false,Existing positive directed cross-stop relation wholly inside the approved hub complex.
FT_MH_MUENCHNER_FREIHEIT,4,large,62,Münchner Freiheit,Münchner Freiheit,FAST_TRACK_2040,107352,Münchner Freiheit,107347,107355,Münchner Freiheit,107347,180,0.20,144,36,false,Existing positive directed cross-stop relation wholly inside the approved hub complex.
FT_MH_MUENCHNER_FREIHEIT,4,large,62,Münchner Freiheit,Münchner Freiheit,FAST_TRACK_2040,107352,Münchner Freiheit,107347,107354,Münchner Freiheit,107347,180,0.20,144,36,false,Existing positive directed cross-stop relation wholly inside the approved hub complex.
FT_MH_MUENCHNER_FREIHEIT,4,large,62,Münchner Freiheit,Münchner Freiheit,FAST_TRACK_2040,107352,Münchner Freiheit,107347,107353,Münchner Freiheit,107347,180,0.20,144,36,false,Existing positive directed cross-stop relation wholly inside the approved hub complex.
FT_MH_MUENCHNER_FREIHEIT,4,large,62,Münchner Freiheit,Münchner Freiheit,FAST_TRACK_2040,107352,Münchner Freiheit,107347,107348,Münchner Freiheit,107347,180,0.20,144,36,false,Existing positive directed cross-stop relation wholly inside the approved hub complex.
FT_MH_MUENCHNER_FREIHEIT,4,large,62,Münchner Freiheit,Münchner Freiheit,FAST_TRACK_2040,107352,Münchner Freiheit,107347,107356,Münchner Freiheit,107347,180,0.20,144,36,false,Existing positive directed cross-stop relation wholly inside the approved hub complex.
FT_MH_MUENCHNER_FREIHEIT,4,large,62,Münchner Freiheit,Münchner Freiheit,FAST_TRACK_2040,107352,Münchner Freiheit,107347,107349,Münchner Freiheit,107347,180,0.20,144,36,false,Existing positive directed cross-stop relation wholly inside the approved hub complex.
FT_MH_MUENCHNER_FREIHEIT,4,large,62,Münchner Freiheit,Münchner Freiheit,FAST_TRACK_2040,107352,Münchner Freiheit,107347,107351,Münchner Freiheit,107347,180,0.20,144,36,false,Existing positive directed cross-stop relation wholly inside the approved hub complex.
FT_MH_MUENCHNER_FREIHEIT,4,large,62,Münchner Freiheit,Münchner Freiheit,FAST_TRACK_2040,107352,Münchner Freiheit,107347,107350,Münchner Freiheit,107347,180,0.20,144,36,false,Existing positive directed cross-stop relation wholly inside the approved hub complex.
FT_MH_MUENCHNER_FREIHEIT,4,large,62,Münchner Freiheit,Münchner Freiheit,FAST_TRACK_2040,107356,Münchner Freiheit,107347,107355,Münchner Freiheit,107347,180,0.20,144,36,false,Existing positive directed cross-stop relation wholly inside the approved hub complex.
FT_MH_MUENCHNER_FREIHEIT,4,large,62,Münchner Freiheit,Münchner Freiheit,FAST_TRACK_2040,107356,Münchner Freiheit,107347,107354,Münchner Freiheit,107347,180,0.20,144,36,false,Existing positive directed cross-stop relation wholly inside the approved hub complex.
FT_MH_MUENCHNER_FREIHEIT,4,large,62,Münchner Freiheit,Münchner Freiheit,FAST_TRACK_2040,107356,Münchner Freiheit,107347,107353,Münchner Freiheit,107347,180,0.20,144,36,false,Existing positive directed cross-stop relation wholly inside the approved hub complex.
FT_MH_MUENCHNER_FREIHEIT,4,large,62,Münchner Freiheit,Münchner Freiheit,FAST_TRACK_2040,107356,Münchner Freiheit,107347,107352,Münchner Freiheit,107347,180,0.20,144,36,false,Existing positive directed cross-stop relation wholly inside the approved hub complex.
FT_MH_MUENCHNER_FREIHEIT,4,large,62,Münchner Freiheit,Münchner Freiheit,FAST_TRACK_2040,107356,Münchner Freiheit,107347,107348,Münchner Freiheit,107347,180,0.20,144,36,false,Existing positive directed cross-stop relation wholly inside the approved hub complex.
FT_MH_MUENCHNER_FREIHEIT,4,large,62,Münchner Freiheit,Münchner Freiheit,FAST_TRACK_2040,107356,Münchner Freiheit,107347,107349,Münchner Freiheit,107347,180,0.20,144,36,false,Existing positive directed cross-stop relation wholly inside the approved hub complex.
FT_MH_MUENCHNER_FREIHEIT,4,large,62,Münchner Freiheit,Münchner Freiheit,FAST_TRACK_2040,107356,Münchner Freiheit,107347,107351,Münchner Freiheit,107347,180,0.20,144,36,false,Existing positive directed cross-stop relation wholly inside the approved hub complex.
FT_MH_MUENCHNER_FREIHEIT,4,large,62,Münchner Freiheit,Münchner Freiheit,FAST_TRACK_2040,107356,Münchner Freiheit,107347,107350,Münchner Freiheit,107347,180,0.20,144,36,false,Existing positive directed cross-stop relation wholly inside the approved hub complex.
FT_MH_MUENCHNER_FREIHEIT,4,large,62,Münchner Freiheit,Münchner Freiheit,FAST_TRACK_2040,107351,Münchner Freiheit,107347,107355,Münchner Freiheit,107347,180,0.20,144,36,false,Existing positive directed cross-stop relation wholly inside the approved hub complex.
FT_MH_MUENCHNER_FREIHEIT,4,large,62,Münchner Freiheit,Münchner Freiheit,FAST_TRACK_2040,107351,Münchner Freiheit,107347,107354,Münchner Freiheit,107347,180,0.20,144,36,false,Existing positive directed cross-stop relation wholly inside the approved hub complex.
FT_MH_MUENCHNER_FREIHEIT,4,large,62,Münchner Freiheit,Münchner Freiheit,FAST_TRACK_2040,107351,Münchner Freiheit,107347,107353,Münchner Freiheit,107347,180,0.20,144,36,false,Existing positive directed cross-stop relation wholly inside the approved hub complex.
FT_MH_MUENCHNER_FREIHEIT,4,large,62,Münchner Freiheit,Münchner Freiheit,FAST_TRACK_2040,107351,Münchner Freiheit,107347,107352,Münchner Freiheit,107347,180,0.20,144,36,false,Existing positive directed cross-stop relation wholly inside the approved hub complex.
FT_MH_MUENCHNER_FREIHEIT,4,large,62,Münchner Freiheit,Münchner Freiheit,FAST_TRACK_2040,107351,Münchner Freiheit,107347,107348,Münchner Freiheit,107347,180,0.20,144,36,false,Existing positive directed cross-stop relation wholly inside the approved hub complex.
FT_MH_MUENCHNER_FREIHEIT,4,large,62,Münchner Freiheit,Münchner Freiheit,FAST_TRACK_2040,107351,Münchner Freiheit,107347,107356,Münchner Freiheit,107347,180,0.20,144,36,false,Existing positive directed cross-stop relation wholly inside the approved hub complex.
FT_MH_MUENCHNER_FREIHEIT,4,large,62,Münchner Freiheit,Münchner Freiheit,FAST_TRACK_2040,107351,Münchner Freiheit,107347,107349,Münchner Freiheit,107347,180,0.20,144,36,false,Existing positive directed cross-stop relation wholly inside the approved hub complex.
FT_MH_MUENCHNER_FREIHEIT,4,large,62,Münchner Freiheit,Münchner Freiheit,FAST_TRACK_2040,107351,Münchner Freiheit,107347,107350,Münchner Freiheit,107347,180,0.20,144,36,false,Existing positive directed cross-stop relation wholly inside the approved hub complex.
FT_MH_MUENCHNER_FREIHEIT,4,large,62,Münchner Freiheit,Münchner Freiheit,FAST_TRACK_2040,107350,Münchner Freiheit,107347,107355,Münchner Freiheit,107347,180,0.20,144,36,false,Existing positive directed cross-stop relation wholly inside the approved hub complex.
FT_MH_MUENCHNER_FREIHEIT,4,large,62,Münchner Freiheit,Münchner Freiheit,FAST_TRACK_2040,107350,Münchner Freiheit,107347,107354,Münchner Freiheit,107347,180,0.20,144,36,false,Existing positive directed cross-stop relation wholly inside the approved hub complex.
FT_MH_MUENCHNER_FREIHEIT,4,large,62,Münchner Freiheit,Münchner Freiheit,FAST_TRACK_2040,107350,Münchner Freiheit,107347,107353,Münchner Freiheit,107347,180,0.20,144,36,false,Existing positive directed cross-stop relation wholly inside the approved hub complex.
FT_MH_MUENCHNER_FREIHEIT,4,large,62,Münchner Freiheit,Münchner Freiheit,FAST_TRACK_2040,107350,Münchner Freiheit,107347,107352,Münchner Freiheit,107347,180,0.20,144,36,false,Existing positive directed cross-stop relation wholly inside the approved hub complex.
FT_MH_MUENCHNER_FREIHEIT,4,large,62,Münchner Freiheit,Münchner Freiheit,FAST_TRACK_2040,107350,Münchner Freiheit,107347,107348,Münchner Freiheit,107347,180,0.20,144,36,false,Existing positive directed cross-stop relation wholly inside the approved hub complex.
FT_MH_MUENCHNER_FREIHEIT,4,large,62,Münchner Freiheit,Münchner Freiheit,FAST_TRACK_2040,107350,Münchner Freiheit,107347,107356,Münchner Freiheit,107347,180,0.20,144,36,false,Existing positive directed cross-stop relation wholly inside the approved hub complex.
FT_MH_MUENCHNER_FREIHEIT,4,large,62,Münchner Freiheit,Münchner Freiheit,FAST_TRACK_2040,107350,Münchner Freiheit,107347,107349,Münchner Freiheit,107347,180,0.20,144,36,false,Existing positive directed cross-stop relation wholly inside the approved hub complex.
FT_MH_MUENCHNER_FREIHEIT,4,large,62,Münchner Freiheit,Münchner Freiheit,FAST_TRACK_2040,107350,Münchner Freiheit,107347,107351,Münchner Freiheit,107347,180,0.20,144,36,false,Existing positive directed cross-stop relation wholly inside the approved hub complex.
FT_MH_MUENCHNER_FREIHEIT,4,large,62,Münchner Freiheit,Münchner Freiheit,FAST_TRACK_2040,107349,Münchner Freiheit,107347,107355,Münchner Freiheit,107347,180,0.20,144,36,false,Existing positive directed cross-stop relation wholly inside the approved hub complex.
FT_MH_MUENCHNER_FREIHEIT,4,large,62,Münchner Freiheit,Münchner Freiheit,FAST_TRACK_2040,107349,Münchner Freiheit,107347,107354,Münchner Freiheit,107347,180,0.20,144,36,false,Existing positive directed cross-stop relation wholly inside the approved hub complex.
FT_MH_MUENCHNER_FREIHEIT,4,large,62,Münchner Freiheit,Münchner Freiheit,FAST_TRACK_2040,107349,Münchner Freiheit,107347,107353,Münchner Freiheit,107347,180,0.20,144,36,false,Existing positive directed cross-stop relation wholly inside the approved hub complex.
FT_MH_MUENCHNER_FREIHEIT,4,large,62,Münchner Freiheit,Münchner Freiheit,FAST_TRACK_2040,107349,Münchner Freiheit,107347,107352,Münchner Freiheit,107347,180,0.20,144,36,false,Existing positive directed cross-stop relation wholly inside the approved hub complex.
FT_MH_MUENCHNER_FREIHEIT,4,large,62,Münchner Freiheit,Münchner Freiheit,FAST_TRACK_2040,107349,Münchner Freiheit,107347,107348,Münchner Freiheit,107347,180,0.20,144,36,false,Existing positive directed cross-stop relation wholly inside the approved hub complex.
FT_MH_MUENCHNER_FREIHEIT,4,large,62,Münchner Freiheit,Münchner Freiheit,FAST_TRACK_2040,107349,Münchner Freiheit,107347,107356,Münchner Freiheit,107347,180,0.20,144,36,false,Existing positive directed cross-stop relation wholly inside the approved hub complex.
FT_MH_MUENCHNER_FREIHEIT,4,large,62,Münchner Freiheit,Münchner Freiheit,FAST_TRACK_2040,107349,Münchner Freiheit,107347,107351,Münchner Freiheit,107347,180,0.20,144,36,false,Existing positive directed cross-stop relation wholly inside the approved hub complex.
FT_MH_MUENCHNER_FREIHEIT,4,large,62,Münchner Freiheit,Münchner Freiheit,FAST_TRACK_2040,107349,Münchner Freiheit,107347,107350,Münchner Freiheit,107347,180,0.20,144,36,false,Existing positive directed cross-stop relation wholly inside the approved hub complex.
FT_MH_ROSENHEIMER_PLATZ,5,medium,503,Rosenheimer Platz,Rosenheimer Platz,FAST_TRACK_2040,106071,Rosenheimer Platz,106069,106070,Rosenheimer Platz,106069,300,0.15,255,45,false,Existing positive directed cross-stop relation wholly inside the approved hub complex.
FT_MH_ROSENHEIMER_PLATZ,5,medium,503,Rosenheimer Platz,Rosenheimer Platz,FAST_TRACK_2040,106071,Rosenheimer Platz,106069,106074,Rosenheimer Platz,106069,300,0.15,255,45,false,Existing positive directed cross-stop relation wholly inside the approved hub complex.
FT_MH_ROSENHEIMER_PLATZ,5,medium,503,Rosenheimer Platz,Rosenheimer Platz,FAST_TRACK_2040,106071,Rosenheimer Platz,106069,106073,Rosenheimer Platz,106069,300,0.15,255,45,false,Existing positive directed cross-stop relation wholly inside the approved hub complex.
FT_MH_ROSENHEIMER_PLATZ,5,medium,503,Rosenheimer Platz,Rosenheimer Platz,FAST_TRACK_2040,106071,Rosenheimer Platz,106069,106072,Rosenheimer Platz,106069,300,0.15,255,45,false,Existing positive directed cross-stop relation wholly inside the approved hub complex.
FT_MH_ROSENHEIMER_PLATZ,5,medium,503,Rosenheimer Platz,Rosenheimer Platz,FAST_TRACK_2040,106070,Rosenheimer Platz,106069,106071,Rosenheimer Platz,106069,300,0.15,255,45,false,Existing positive directed cross-stop relation wholly inside the approved hub complex.
FT_MH_ROSENHEIMER_PLATZ,5,medium,503,Rosenheimer Platz,Rosenheimer Platz,FAST_TRACK_2040,106070,Rosenheimer Platz,106069,106074,Rosenheimer Platz,106069,300,0.15,255,45,false,Existing positive directed cross-stop relation wholly inside the approved hub complex.
FT_MH_ROSENHEIMER_PLATZ,5,medium,503,Rosenheimer Platz,Rosenheimer Platz,FAST_TRACK_2040,106070,Rosenheimer Platz,106069,106073,Rosenheimer Platz,106069,300,0.15,255,45,false,Existing positive directed cross-stop relation wholly inside the approved hub complex.
FT_MH_ROSENHEIMER_PLATZ,5,medium,503,Rosenheimer Platz,Rosenheimer Platz,FAST_TRACK_2040,106070,Rosenheimer Platz,106069,106072,Rosenheimer Platz,106069,300,0.15,255,45,false,Existing positive directed cross-stop relation wholly inside the approved hub complex.
FT_MH_ROSENHEIMER_PLATZ,5,medium,503,Rosenheimer Platz,Rosenheimer Platz,FAST_TRACK_2040,106074,Rosenheimer Platz,106069,106071,Rosenheimer Platz,106069,300,0.15,255,45,false,Existing positive directed cross-stop relation wholly inside the approved hub complex.
FT_MH_ROSENHEIMER_PLATZ,5,medium,503,Rosenheimer Platz,Rosenheimer Platz,FAST_TRACK_2040,106074,Rosenheimer Platz,106069,106070,Rosenheimer Platz,106069,300,0.15,255,45,false,Existing positive directed cross-stop relation wholly inside the approved hub complex.
FT_MH_ROSENHEIMER_PLATZ,5,medium,503,Rosenheimer Platz,Rosenheimer Platz,FAST_TRACK_2040,106074,Rosenheimer Platz,106069,106073,Rosenheimer Platz,106069,300,0.15,255,45,false,Existing positive directed cross-stop relation wholly inside the approved hub complex.
FT_MH_ROSENHEIMER_PLATZ,5,medium,503,Rosenheimer Platz,Rosenheimer Platz,FAST_TRACK_2040,106074,Rosenheimer Platz,106069,106072,Rosenheimer Platz,106069,300,0.15,255,45,false,Existing positive directed cross-stop relation wholly inside the approved hub complex.
FT_MH_ROSENHEIMER_PLATZ,5,medium,503,Rosenheimer Platz,Rosenheimer Platz,FAST_TRACK_2040,106073,Rosenheimer Platz,106069,106071,Rosenheimer Platz,106069,300,0.15,255,45,false,Existing positive directed cross-stop relation wholly inside the approved hub complex.
FT_MH_ROSENHEIMER_PLATZ,5,medium,503,Rosenheimer Platz,Rosenheimer Platz,FAST_TRACK_2040,106073,Rosenheimer Platz,106069,106070,Rosenheimer Platz,106069,300,0.15,255,45,false,Existing positive directed cross-stop relation wholly inside the approved hub complex.
FT_MH_ROSENHEIMER_PLATZ,5,medium,503,Rosenheimer Platz,Rosenheimer Platz,FAST_TRACK_2040,106073,Rosenheimer Platz,106069,106074,Rosenheimer Platz,106069,300,0.15,255,45,false,Existing positive directed cross-stop relation wholly inside the approved hub complex.
FT_MH_ROSENHEIMER_PLATZ,5,medium,503,Rosenheimer Platz,Rosenheimer Platz,FAST_TRACK_2040,106073,Rosenheimer Platz,106069,106072,Rosenheimer Platz,106069,300,0.15,255,45,false,Existing positive directed cross-stop relation wholly inside the approved hub complex.
FT_MH_ROSENHEIMER_PLATZ,5,medium,503,Rosenheimer Platz,Rosenheimer Platz,FAST_TRACK_2040,106072,Rosenheimer Platz,106069,106071,Rosenheimer Platz,106069,300,0.15,255,45,false,Existing positive directed cross-stop relation wholly inside the approved hub complex.
FT_MH_ROSENHEIMER_PLATZ,5,medium,503,Rosenheimer Platz,Rosenheimer Platz,FAST_TRACK_2040,106072,Rosenheimer Platz,106069,106070,Rosenheimer Platz,106069,300,0.15,255,45,false,Existing positive directed cross-stop relation wholly inside the approved hub complex.
FT_MH_ROSENHEIMER_PLATZ,5,medium,503,Rosenheimer Platz,Rosenheimer Platz,FAST_TRACK_2040,106072,Rosenheimer Platz,106069,106074,Rosenheimer Platz,106069,300,0.15,255,45,false,Existing positive directed cross-stop relation wholly inside the approved hub complex.
FT_MH_ROSENHEIMER_PLATZ,5,medium,503,Rosenheimer Platz,Rosenheimer Platz,FAST_TRACK_2040,106072,Rosenheimer Platz,106069,106073,Rosenheimer Platz,106069,300,0.15,255,45,false,Existing positive directed cross-stop relation wholly inside the approved hub complex.
FT_MH_ISARTOR,6,medium,203,Baaderstraße,Isartor,FAST_TRACK_2040,106068,Isartor,106063,106067,Isartor,106063,300,0.15,255,45,false,Existing positive directed cross-stop relation wholly inside the approved hub complex.
FT_MH_ISARTOR,6,medium,203,Baaderstraße,Isartor,FAST_TRACK_2040,106068,Isartor,106063,106066,Isartor,106063,300,0.15,255,45,false,Existing positive directed cross-stop relation wholly inside the approved hub complex.
FT_MH_ISARTOR,6,medium,203,Baaderstraße,Isartor,FAST_TRACK_2040,106068,Isartor,106063,106065,Isartor,106063,300,0.15,255,45,false,Existing positive directed cross-stop relation wholly inside the approved hub complex.
FT_MH_ISARTOR,6,medium,203,Baaderstraße,Isartor,FAST_TRACK_2040,106068,Isartor,106063,106064,Isartor,106063,300,0.15,255,45,false,Existing positive directed cross-stop relation wholly inside the approved hub complex.
FT_MH_ISARTOR,6,medium,203,Baaderstraße,Isartor,FAST_TRACK_2040,106067,Isartor,106063,106068,Isartor,106063,300,0.15,255,45,false,Existing positive directed cross-stop relation wholly inside the approved hub complex.
FT_MH_ISARTOR,6,medium,203,Baaderstraße,Isartor,FAST_TRACK_2040,106067,Isartor,106063,106066,Isartor,106063,300,0.15,255,45,false,Existing positive directed cross-stop relation wholly inside the approved hub complex.
FT_MH_ISARTOR,6,medium,203,Baaderstraße,Isartor,FAST_TRACK_2040,106067,Isartor,106063,106065,Isartor,106063,300,0.15,255,45,false,Existing positive directed cross-stop relation wholly inside the approved hub complex.
FT_MH_ISARTOR,6,medium,203,Baaderstraße,Isartor,FAST_TRACK_2040,106067,Isartor,106063,106064,Isartor,106063,300,0.15,255,45,false,Existing positive directed cross-stop relation wholly inside the approved hub complex.
FT_MH_ISARTOR,6,medium,203,Baaderstraße,Isartor,FAST_TRACK_2040,106066,Isartor,106063,106068,Isartor,106063,300,0.15,255,45,false,Existing positive directed cross-stop relation wholly inside the approved hub complex.
FT_MH_ISARTOR,6,medium,203,Baaderstraße,Isartor,FAST_TRACK_2040,106066,Isartor,106063,106067,Isartor,106063,300,0.15,255,45,false,Existing positive directed cross-stop relation wholly inside the approved hub complex.
FT_MH_ISARTOR,6,medium,203,Baaderstraße,Isartor,FAST_TRACK_2040,106066,Isartor,106063,106065,Isartor,106063,300,0.15,255,45,false,Existing positive directed cross-stop relation wholly inside the approved hub complex.
FT_MH_ISARTOR,6,medium,203,Baaderstraße,Isartor,FAST_TRACK_2040,106066,Isartor,106063,106064,Isartor,106063,300,0.15,255,45,false,Existing positive directed cross-stop relation wholly inside the approved hub complex.
FT_MH_ISARTOR,6,medium,203,Baaderstraße,Isartor,FAST_TRACK_2040,106065,Isartor,106063,106068,Isartor,106063,300,0.15,255,45,false,Existing positive directed cross-stop relation wholly inside the approved hub complex.
FT_MH_ISARTOR,6,medium,203,Baaderstraße,Isartor,FAST_TRACK_2040,106065,Isartor,106063,106067,Isartor,106063,300,0.15,255,45,false,Existing positive directed cross-stop relation wholly inside the approved hub complex.
FT_MH_ISARTOR,6,medium,203,Baaderstraße,Isartor,FAST_TRACK_2040,106065,Isartor,106063,106066,Isartor,106063,300,0.15,255,45,false,Existing positive directed cross-stop relation wholly inside the approved hub complex.
FT_MH_ISARTOR,6,medium,203,Baaderstraße,Isartor,FAST_TRACK_2040,106065,Isartor,106063,106064,Isartor,106063,300,0.15,255,45,false,Existing positive directed cross-stop relation wholly inside the approved hub complex.
FT_MH_ISARTOR,6,medium,203,Baaderstraße,Isartor,FAST_TRACK_2040,106064,Isartor,106063,106068,Isartor,106063,300,0.15,255,45,false,Existing positive directed cross-stop relation wholly inside the approved hub complex.
FT_MH_ISARTOR,6,medium,203,Baaderstraße,Isartor,FAST_TRACK_2040,106064,Isartor,106063,106067,Isartor,106063,300,0.15,255,45,false,Existing positive directed cross-stop relation wholly inside the approved hub complex.
FT_MH_ISARTOR,6,medium,203,Baaderstraße,Isartor,FAST_TRACK_2040,106064,Isartor,106063,106066,Isartor,106063,300,0.15,255,45,false,Existing positive directed cross-stop relation wholly inside the approved hub complex.
FT_MH_ISARTOR,6,medium,203,Baaderstraße,Isartor,FAST_TRACK_2040,106064,Isartor,106063,106065,Isartor,106063,300,0.15,255,45,false,Existing positive directed cross-stop relation wholly inside the approved hub complex.
FT_MH_GIESING,7,medium,49,Giesinger Bahnhof,Giesing station complex,FAST_TRACK_2040,108496,Giesing,108495,108500,Giesing,108495,180,0.15,153,27,false,Existing positive directed cross-stop relation wholly inside the approved hub complex.
FT_MH_GIESING,7,medium,49,Giesinger Bahnhof,Giesing station complex,FAST_TRACK_2040,108496,Giesing,108495,108501,Giesing,108495,180,0.15,153,27,false,Existing positive directed cross-stop relation wholly inside the approved hub complex.
FT_MH_GIESING,7,medium,49,Giesinger Bahnhof,Giesing station complex,FAST_TRACK_2040,108496,Giesing,108495,108502,Giesing,108495,180,0.15,153,27,false,Existing positive directed cross-stop relation wholly inside the approved hub complex.
FT_MH_GIESING,7,medium,49,Giesinger Bahnhof,Giesing station complex,FAST_TRACK_2040,108496,Giesing,108495,108503,Giesing,108495,180,0.15,153,27,false,Existing positive directed cross-stop relation wholly inside the approved hub complex.
FT_MH_GIESING,7,medium,49,Giesinger Bahnhof,Giesing station complex,FAST_TRACK_2040,108496,Giesing,108495,108497,Giesing,108495,180,0.15,153,27,false,Existing positive directed cross-stop relation wholly inside the approved hub complex.
FT_MH_GIESING,7,medium,49,Giesinger Bahnhof,Giesing station complex,FAST_TRACK_2040,108496,Giesing,108495,108498,Giesing,108495,180,0.15,153,27,false,Existing positive directed cross-stop relation wholly inside the approved hub complex.
FT_MH_GIESING,7,medium,49,Giesinger Bahnhof,Giesing station complex,FAST_TRACK_2040,108496,Giesing,108495,108499,Giesing,108495,180,0.15,153,27,false,Existing positive directed cross-stop relation wholly inside the approved hub complex.
FT_MH_GIESING,7,medium,49,Giesinger Bahnhof,Giesing station complex,FAST_TRACK_2040,108496,Giesing,108495,108508,Giesing,108495,180,0.15,153,27,false,Existing positive directed cross-stop relation wholly inside the approved hub complex.
FT_MH_GIESING,7,medium,49,Giesinger Bahnhof,Giesing station complex,FAST_TRACK_2040,108496,Giesing,108495,108509,Giesing,108495,180,0.15,153,27,false,Existing positive directed cross-stop relation wholly inside the approved hub complex.
FT_MH_GIESING,7,medium,49,Giesinger Bahnhof,Giesing station complex,FAST_TRACK_2040,108496,Giesing,108495,108504,Giesing,108495,180,0.15,153,27,false,Existing positive directed cross-stop relation wholly inside the approved hub complex.
FT_MH_GIESING,7,medium,49,Giesinger Bahnhof,Giesing station complex,FAST_TRACK_2040,108496,Giesing,108495,108505,Giesing,108495,180,0.15,153,27,false,Existing positive directed cross-stop relation wholly inside the approved hub complex.
FT_MH_GIESING,7,medium,49,Giesinger Bahnhof,Giesing station complex,FAST_TRACK_2040,108496,Giesing,108495,108506,Giesing,108495,180,0.15,153,27,false,Existing positive directed cross-stop relation wholly inside the approved hub complex.
FT_MH_GIESING,7,medium,49,Giesinger Bahnhof,Giesing station complex,FAST_TRACK_2040,108496,Giesing,108495,108507,Giesing,108495,180,0.15,153,27,false,Existing positive directed cross-stop relation wholly inside the approved hub complex.
FT_MH_GIESING,7,medium,49,Giesinger Bahnhof,Giesing station complex,FAST_TRACK_2040,108497,Giesing,108495,108500,Giesing,108495,180,0.15,153,27,false,Existing positive directed cross-stop relation wholly inside the approved hub complex.
FT_MH_GIESING,7,medium,49,Giesinger Bahnhof,Giesing station complex,FAST_TRACK_2040,108497,Giesing,108495,108501,Giesing,108495,180,0.15,153,27,false,Existing positive directed cross-stop relation wholly inside the approved hub complex.
FT_MH_GIESING,7,medium,49,Giesinger Bahnhof,Giesing station complex,FAST_TRACK_2040,108497,Giesing,108495,108502,Giesing,108495,180,0.15,153,27,false,Existing positive directed cross-stop relation wholly inside the approved hub complex.
FT_MH_GIESING,7,medium,49,Giesinger Bahnhof,Giesing station complex,FAST_TRACK_2040,108497,Giesing,108495,108503,Giesing,108495,180,0.15,153,27,false,Existing positive directed cross-stop relation wholly inside the approved hub complex.
FT_MH_GIESING,7,medium,49,Giesinger Bahnhof,Giesing station complex,FAST_TRACK_2040,108497,Giesing,108495,108496,Giesing,108495,180,0.15,153,27,false,Existing positive directed cross-stop relation wholly inside the approved hub complex.
FT_MH_GIESING,7,medium,49,Giesinger Bahnhof,Giesing station complex,FAST_TRACK_2040,108497,Giesing,108495,108498,Giesing,108495,180,0.15,153,27,false,Existing positive directed cross-stop relation wholly inside the approved hub complex.
FT_MH_GIESING,7,medium,49,Giesinger Bahnhof,Giesing station complex,FAST_TRACK_2040,108497,Giesing,108495,108499,Giesing,108495,180,0.15,153,27,false,Existing positive directed cross-stop relation wholly inside the approved hub complex.
FT_MH_GIESING,7,medium,49,Giesinger Bahnhof,Giesing station complex,FAST_TRACK_2040,108497,Giesing,108495,108508,Giesing,108495,180,0.15,153,27,false,Existing positive directed cross-stop relation wholly inside the approved hub complex.
FT_MH_GIESING,7,medium,49,Giesinger Bahnhof,Giesing station complex,FAST_TRACK_2040,108497,Giesing,108495,108509,Giesing,108495,180,0.15,153,27,false,Existing positive directed cross-stop relation wholly inside the approved hub complex.
FT_MH_GIESING,7,medium,49,Giesinger Bahnhof,Giesing station complex,FAST_TRACK_2040,108497,Giesing,108495,108504,Giesing,108495,180,0.15,153,27,false,Existing positive directed cross-stop relation wholly inside the approved hub complex.
FT_MH_GIESING,7,medium,49,Giesinger Bahnhof,Giesing station complex,FAST_TRACK_2040,108497,Giesing,108495,108505,Giesing,108495,180,0.15,153,27,false,Existing positive directed cross-stop relation wholly inside the approved hub complex.
FT_MH_GIESING,7,medium,49,Giesinger Bahnhof,Giesing station complex,FAST_TRACK_2040,108497,Giesing,108495,108506,Giesing,108495,180,0.15,153,27,false,Existing positive directed cross-stop relation wholly inside the approved hub complex.
FT_MH_GIESING,7,medium,49,Giesinger Bahnhof,Giesing station complex,FAST_TRACK_2040,108497,Giesing,108495,108507,Giesing,108495,180,0.15,153,27,false,Existing positive directed cross-stop relation wholly inside the approved hub complex.
FT_MH_GIESING,7,medium,49,Giesinger Bahnhof,Giesing station complex,FAST_TRACK_2040,108498,Giesing,108495,108500,Giesing,108495,180,0.15,153,27,false,Existing positive directed cross-stop relation wholly inside the approved hub complex.
FT_MH_GIESING,7,medium,49,Giesinger Bahnhof,Giesing station complex,FAST_TRACK_2040,108498,Giesing,108495,108501,Giesing,108495,180,0.15,153,27,false,Existing positive directed cross-stop relation wholly inside the approved hub complex.
FT_MH_GIESING,7,medium,49,Giesinger Bahnhof,Giesing station complex,FAST_TRACK_2040,108498,Giesing,108495,108502,Giesing,108495,180,0.15,153,27,false,Existing positive directed cross-stop relation wholly inside the approved hub complex.
FT_MH_GIESING,7,medium,49,Giesinger Bahnhof,Giesing station complex,FAST_TRACK_2040,108498,Giesing,108495,108503,Giesing,108495,180,0.15,153,27,false,Existing positive directed cross-stop relation wholly inside the approved hub complex.
FT_MH_GIESING,7,medium,49,Giesinger Bahnhof,Giesing station complex,FAST_TRACK_2040,108498,Giesing,108495,108496,Giesing,108495,180,0.15,153,27,false,Existing positive directed cross-stop relation wholly inside the approved hub complex.
FT_MH_GIESING,7,medium,49,Giesinger Bahnhof,Giesing station complex,FAST_TRACK_2040,108498,Giesing,108495,108497,Giesing,108495,180,0.15,153,27,false,Existing positive directed cross-stop relation wholly inside the approved hub complex.
FT_MH_GIESING,7,medium,49,Giesinger Bahnhof,Giesing station complex,FAST_TRACK_2040,108498,Giesing,108495,108499,Giesing,108495,180,0.15,153,27,false,Existing positive directed cross-stop relation wholly inside the approved hub complex.
FT_MH_GIESING,7,medium,49,Giesinger Bahnhof,Giesing station complex,FAST_TRACK_2040,108498,Giesing,108495,108508,Giesing,108495,180,0.15,153,27,false,Existing positive directed cross-stop relation wholly inside the approved hub complex.
FT_MH_GIESING,7,medium,49,Giesinger Bahnhof,Giesing station complex,FAST_TRACK_2040,108498,Giesing,108495,108509,Giesing,108495,180,0.15,153,27,false,Existing positive directed cross-stop relation wholly inside the approved hub complex.
FT_MH_GIESING,7,medium,49,Giesinger Bahnhof,Giesing station complex,FAST_TRACK_2040,108498,Giesing,108495,108504,Giesing,108495,180,0.15,153,27,false,Existing positive directed cross-stop relation wholly inside the approved hub complex.
FT_MH_GIESING,7,medium,49,Giesinger Bahnhof,Giesing station complex,FAST_TRACK_2040,108498,Giesing,108495,108505,Giesing,108495,180,0.15,153,27,false,Existing positive directed cross-stop relation wholly inside the approved hub complex.
FT_MH_GIESING,7,medium,49,Giesinger Bahnhof,Giesing station complex,FAST_TRACK_2040,108498,Giesing,108495,108506,Giesing,108495,180,0.15,153,27,false,Existing positive directed cross-stop relation wholly inside the approved hub complex.
FT_MH_GIESING,7,medium,49,Giesinger Bahnhof,Giesing station complex,FAST_TRACK_2040,108498,Giesing,108495,108507,Giesing,108495,180,0.15,153,27,false,Existing positive directed cross-stop relation wholly inside the approved hub complex.
FT_MH_GIESING,7,medium,49,Giesinger Bahnhof,Giesing station complex,FAST_TRACK_2040,108499,Giesing,108495,108500,Giesing,108495,180,0.15,153,27,false,Existing positive directed cross-stop relation wholly inside the approved hub complex.
FT_MH_GIESING,7,medium,49,Giesinger Bahnhof,Giesing station complex,FAST_TRACK_2040,108499,Giesing,108495,108501,Giesing,108495,180,0.15,153,27,false,Existing positive directed cross-stop relation wholly inside the approved hub complex.
FT_MH_GIESING,7,medium,49,Giesinger Bahnhof,Giesing station complex,FAST_TRACK_2040,108499,Giesing,108495,108502,Giesing,108495,180,0.15,153,27,false,Existing positive directed cross-stop relation wholly inside the approved hub complex.
FT_MH_GIESING,7,medium,49,Giesinger Bahnhof,Giesing station complex,FAST_TRACK_2040,108499,Giesing,108495,108503,Giesing,108495,180,0.15,153,27,false,Existing positive directed cross-stop relation wholly inside the approved hub complex.
FT_MH_GIESING,7,medium,49,Giesinger Bahnhof,Giesing station complex,FAST_TRACK_2040,108499,Giesing,108495,108496,Giesing,108495,180,0.15,153,27,false,Existing positive directed cross-stop relation wholly inside the approved hub complex.
FT_MH_GIESING,7,medium,49,Giesinger Bahnhof,Giesing station complex,FAST_TRACK_2040,108499,Giesing,108495,108497,Giesing,108495,180,0.15,153,27,false,Existing positive directed cross-stop relation wholly inside the approved hub complex.
FT_MH_GIESING,7,medium,49,Giesinger Bahnhof,Giesing station complex,FAST_TRACK_2040,108499,Giesing,108495,108498,Giesing,108495,180,0.15,153,27,false,Existing positive directed cross-stop relation wholly inside the approved hub complex.
FT_MH_GIESING,7,medium,49,Giesinger Bahnhof,Giesing station complex,FAST_TRACK_2040,108499,Giesing,108495,108508,Giesing,108495,180,0.15,153,27,false,Existing positive directed cross-stop relation wholly inside the approved hub complex.
FT_MH_GIESING,7,medium,49,Giesinger Bahnhof,Giesing station complex,FAST_TRACK_2040,108499,Giesing,108495,108509,Giesing,108495,180,0.15,153,27,false,Existing positive directed cross-stop relation wholly inside the approved hub complex.
FT_MH_GIESING,7,medium,49,Giesinger Bahnhof,Giesing station complex,FAST_TRACK_2040,108499,Giesing,108495,108504,Giesing,108495,180,0.15,153,27,false,Existing positive directed cross-stop relation wholly inside the approved hub complex.
FT_MH_GIESING,7,medium,49,Giesinger Bahnhof,Giesing station complex,FAST_TRACK_2040,108499,Giesing,108495,108505,Giesing,108495,180,0.15,153,27,false,Existing positive directed cross-stop relation wholly inside the approved hub complex.
FT_MH_GIESING,7,medium,49,Giesinger Bahnhof,Giesing station complex,FAST_TRACK_2040,108499,Giesing,108495,108506,Giesing,108495,180,0.15,153,27,false,Existing positive directed cross-stop relation wholly inside the approved hub complex.
FT_MH_GIESING,7,medium,49,Giesinger Bahnhof,Giesing station complex,FAST_TRACK_2040,108499,Giesing,108495,108507,Giesing,108495,180,0.15,153,27,false,Existing positive directed cross-stop relation wholly inside the approved hub complex.
FT_MH_GIESING,7,medium,49,Giesinger Bahnhof,Giesing station complex,FAST_TRACK_2040,108500,Giesing,108495,108501,Giesing,108495,180,0.15,153,27,false,Existing positive directed cross-stop relation wholly inside the approved hub complex.
FT_MH_GIESING,7,medium,49,Giesinger Bahnhof,Giesing station complex,FAST_TRACK_2040,108500,Giesing,108495,108502,Giesing,108495,180,0.15,153,27,false,Existing positive directed cross-stop relation wholly inside the approved hub complex.
FT_MH_GIESING,7,medium,49,Giesinger Bahnhof,Giesing station complex,FAST_TRACK_2040,108500,Giesing,108495,108503,Giesing,108495,180,0.15,153,27,false,Existing positive directed cross-stop relation wholly inside the approved hub complex.
FT_MH_GIESING,7,medium,49,Giesinger Bahnhof,Giesing station complex,FAST_TRACK_2040,108500,Giesing,108495,108496,Giesing,108495,180,0.15,153,27,false,Existing positive directed cross-stop relation wholly inside the approved hub complex.
FT_MH_GIESING,7,medium,49,Giesinger Bahnhof,Giesing station complex,FAST_TRACK_2040,108500,Giesing,108495,108497,Giesing,108495,180,0.15,153,27,false,Existing positive directed cross-stop relation wholly inside the approved hub complex.
FT_MH_GIESING,7,medium,49,Giesinger Bahnhof,Giesing station complex,FAST_TRACK_2040,108500,Giesing,108495,108498,Giesing,108495,180,0.15,153,27,false,Existing positive directed cross-stop relation wholly inside the approved hub complex.
FT_MH_GIESING,7,medium,49,Giesinger Bahnhof,Giesing station complex,FAST_TRACK_2040,108500,Giesing,108495,108499,Giesing,108495,180,0.15,153,27,false,Existing positive directed cross-stop relation wholly inside the approved hub complex.
FT_MH_GIESING,7,medium,49,Giesinger Bahnhof,Giesing station complex,FAST_TRACK_2040,108500,Giesing,108495,108508,Giesing,108495,180,0.15,153,27,false,Existing positive directed cross-stop relation wholly inside the approved hub complex.
FT_MH_GIESING,7,medium,49,Giesinger Bahnhof,Giesing station complex,FAST_TRACK_2040,108500,Giesing,108495,108509,Giesing,108495,180,0.15,153,27,false,Existing positive directed cross-stop relation wholly inside the approved hub complex.
FT_MH_GIESING,7,medium,49,Giesinger Bahnhof,Giesing station complex,FAST_TRACK_2040,108500,Giesing,108495,108504,Giesing,108495,180,0.15,153,27,false,Existing positive directed cross-stop relation wholly inside the approved hub complex.
FT_MH_GIESING,7,medium,49,Giesinger Bahnhof,Giesing station complex,FAST_TRACK_2040,108500,Giesing,108495,108505,Giesing,108495,180,0.15,153,27,false,Existing positive directed cross-stop relation wholly inside the approved hub complex.
FT_MH_GIESING,7,medium,49,Giesinger Bahnhof,Giesing station complex,FAST_TRACK_2040,108500,Giesing,108495,108506,Giesing,108495,180,0.15,153,27,false,Existing positive directed cross-stop relation wholly inside the approved hub complex.
FT_MH_GIESING,7,medium,49,Giesinger Bahnhof,Giesing station complex,FAST_TRACK_2040,108500,Giesing,108495,108507,Giesing,108495,180,0.15,153,27,false,Existing positive directed cross-stop relation wholly inside the approved hub complex.
FT_MH_GIESING,7,medium,49,Giesinger Bahnhof,Giesing station complex,FAST_TRACK_2040,108501,Giesing,108495,108500,Giesing,108495,180,0.15,153,27,false,Existing positive directed cross-stop relation wholly inside the approved hub complex.
FT_MH_GIESING,7,medium,49,Giesinger Bahnhof,Giesing station complex,FAST_TRACK_2040,108501,Giesing,108495,108502,Giesing,108495,180,0.15,153,27,false,Existing positive directed cross-stop relation wholly inside the approved hub complex.
FT_MH_GIESING,7,medium,49,Giesinger Bahnhof,Giesing station complex,FAST_TRACK_2040,108501,Giesing,108495,108503,Giesing,108495,180,0.15,153,27,false,Existing positive directed cross-stop relation wholly inside the approved hub complex.
FT_MH_GIESING,7,medium,49,Giesinger Bahnhof,Giesing station complex,FAST_TRACK_2040,108501,Giesing,108495,108496,Giesing,108495,180,0.15,153,27,false,Existing positive directed cross-stop relation wholly inside the approved hub complex.
FT_MH_GIESING,7,medium,49,Giesinger Bahnhof,Giesing station complex,FAST_TRACK_2040,108501,Giesing,108495,108497,Giesing,108495,180,0.15,153,27,false,Existing positive directed cross-stop relation wholly inside the approved hub complex.
FT_MH_GIESING,7,medium,49,Giesinger Bahnhof,Giesing station complex,FAST_TRACK_2040,108501,Giesing,108495,108498,Giesing,108495,180,0.15,153,27,false,Existing positive directed cross-stop relation wholly inside the approved hub complex.
FT_MH_GIESING,7,medium,49,Giesinger Bahnhof,Giesing station complex,FAST_TRACK_2040,108501,Giesing,108495,108499,Giesing,108495,180,0.15,153,27,false,Existing positive directed cross-stop relation wholly inside the approved hub complex.
FT_MH_GIESING,7,medium,49,Giesinger Bahnhof,Giesing station complex,FAST_TRACK_2040,108501,Giesing,108495,108508,Giesing,108495,180,0.15,153,27,false,Existing positive directed cross-stop relation wholly inside the approved hub complex.
FT_MH_GIESING,7,medium,49,Giesinger Bahnhof,Giesing station complex,FAST_TRACK_2040,108501,Giesing,108495,108509,Giesing,108495,180,0.15,153,27,false,Existing positive directed cross-stop relation wholly inside the approved hub complex.
FT_MH_GIESING,7,medium,49,Giesinger Bahnhof,Giesing station complex,FAST_TRACK_2040,108501,Giesing,108495,108504,Giesing,108495,180,0.15,153,27,false,Existing positive directed cross-stop relation wholly inside the approved hub complex.
FT_MH_GIESING,7,medium,49,Giesinger Bahnhof,Giesing station complex,FAST_TRACK_2040,108501,Giesing,108495,108505,Giesing,108495,180,0.15,153,27,false,Existing positive directed cross-stop relation wholly inside the approved hub complex.
FT_MH_GIESING,7,medium,49,Giesinger Bahnhof,Giesing station complex,FAST_TRACK_2040,108501,Giesing,108495,108506,Giesing,108495,180,0.15,153,27,false,Existing positive directed cross-stop relation wholly inside the approved hub complex.
FT_MH_GIESING,7,medium,49,Giesinger Bahnhof,Giesing station complex,FAST_TRACK_2040,108501,Giesing,108495,108507,Giesing,108495,180,0.15,153,27,false,Existing positive directed cross-stop relation wholly inside the approved hub complex.
FT_MH_GIESING,7,medium,49,Giesinger Bahnhof,Giesing station complex,FAST_TRACK_2040,108502,Giesing,108495,108500,Giesing,108495,180,0.15,153,27,false,Existing positive directed cross-stop relation wholly inside the approved hub complex.
FT_MH_GIESING,7,medium,49,Giesinger Bahnhof,Giesing station complex,FAST_TRACK_2040,108502,Giesing,108495,108501,Giesing,108495,180,0.15,153,27,false,Existing positive directed cross-stop relation wholly inside the approved hub complex.
FT_MH_GIESING,7,medium,49,Giesinger Bahnhof,Giesing station complex,FAST_TRACK_2040,108502,Giesing,108495,108503,Giesing,108495,180,0.15,153,27,false,Existing positive directed cross-stop relation wholly inside the approved hub complex.
FT_MH_GIESING,7,medium,49,Giesinger Bahnhof,Giesing station complex,FAST_TRACK_2040,108502,Giesing,108495,108496,Giesing,108495,180,0.15,153,27,false,Existing positive directed cross-stop relation wholly inside the approved hub complex.
FT_MH_GIESING,7,medium,49,Giesinger Bahnhof,Giesing station complex,FAST_TRACK_2040,108502,Giesing,108495,108497,Giesing,108495,180,0.15,153,27,false,Existing positive directed cross-stop relation wholly inside the approved hub complex.
FT_MH_GIESING,7,medium,49,Giesinger Bahnhof,Giesing station complex,FAST_TRACK_2040,108502,Giesing,108495,108498,Giesing,108495,180,0.15,153,27,false,Existing positive directed cross-stop relation wholly inside the approved hub complex.
FT_MH_GIESING,7,medium,49,Giesinger Bahnhof,Giesing station complex,FAST_TRACK_2040,108502,Giesing,108495,108499,Giesing,108495,180,0.15,153,27,false,Existing positive directed cross-stop relation wholly inside the approved hub complex.
FT_MH_GIESING,7,medium,49,Giesinger Bahnhof,Giesing station complex,FAST_TRACK_2040,108502,Giesing,108495,108508,Giesing,108495,180,0.15,153,27,false,Existing positive directed cross-stop relation wholly inside the approved hub complex.
FT_MH_GIESING,7,medium,49,Giesinger Bahnhof,Giesing station complex,FAST_TRACK_2040,108502,Giesing,108495,108509,Giesing,108495,180,0.15,153,27,false,Existing positive directed cross-stop relation wholly inside the approved hub complex.
FT_MH_GIESING,7,medium,49,Giesinger Bahnhof,Giesing station complex,FAST_TRACK_2040,108502,Giesing,108495,108504,Giesing,108495,180,0.15,153,27,false,Existing positive directed cross-stop relation wholly inside the approved hub complex.
FT_MH_GIESING,7,medium,49,Giesinger Bahnhof,Giesing station complex,FAST_TRACK_2040,108502,Giesing,108495,108505,Giesing,108495,180,0.15,153,27,false,Existing positive directed cross-stop relation wholly inside the approved hub complex.
FT_MH_GIESING,7,medium,49,Giesinger Bahnhof,Giesing station complex,FAST_TRACK_2040,108502,Giesing,108495,108506,Giesing,108495,180,0.15,153,27,false,Existing positive directed cross-stop relation wholly inside the approved hub complex.
FT_MH_GIESING,7,medium,49,Giesinger Bahnhof,Giesing station complex,FAST_TRACK_2040,108502,Giesing,108495,108507,Giesing,108495,180,0.15,153,27,false,Existing positive directed cross-stop relation wholly inside the approved hub complex.
FT_MH_GIESING,7,medium,49,Giesinger Bahnhof,Giesing station complex,FAST_TRACK_2040,108503,Giesing,108495,108500,Giesing,108495,180,0.15,153,27,false,Existing positive directed cross-stop relation wholly inside the approved hub complex.
FT_MH_GIESING,7,medium,49,Giesinger Bahnhof,Giesing station complex,FAST_TRACK_2040,108503,Giesing,108495,108501,Giesing,108495,180,0.15,153,27,false,Existing positive directed cross-stop relation wholly inside the approved hub complex.
FT_MH_GIESING,7,medium,49,Giesinger Bahnhof,Giesing station complex,FAST_TRACK_2040,108503,Giesing,108495,108502,Giesing,108495,180,0.15,153,27,false,Existing positive directed cross-stop relation wholly inside the approved hub complex.
FT_MH_GIESING,7,medium,49,Giesinger Bahnhof,Giesing station complex,FAST_TRACK_2040,108503,Giesing,108495,108496,Giesing,108495,180,0.15,153,27,false,Existing positive directed cross-stop relation wholly inside the approved hub complex.
FT_MH_GIESING,7,medium,49,Giesinger Bahnhof,Giesing station complex,FAST_TRACK_2040,108503,Giesing,108495,108497,Giesing,108495,180,0.15,153,27,false,Existing positive directed cross-stop relation wholly inside the approved hub complex.
FT_MH_GIESING,7,medium,49,Giesinger Bahnhof,Giesing station complex,FAST_TRACK_2040,108503,Giesing,108495,108498,Giesing,108495,180,0.15,153,27,false,Existing positive directed cross-stop relation wholly inside the approved hub complex.
FT_MH_GIESING,7,medium,49,Giesinger Bahnhof,Giesing station complex,FAST_TRACK_2040,108503,Giesing,108495,108499,Giesing,108495,180,0.15,153,27,false,Existing positive directed cross-stop relation wholly inside the approved hub complex.
FT_MH_GIESING,7,medium,49,Giesinger Bahnhof,Giesing station complex,FAST_TRACK_2040,108503,Giesing,108495,108508,Giesing,108495,180,0.15,153,27,false,Existing positive directed cross-stop relation wholly inside the approved hub complex.
FT_MH_GIESING,7,medium,49,Giesinger Bahnhof,Giesing station complex,FAST_TRACK_2040,108503,Giesing,108495,108509,Giesing,108495,180,0.15,153,27,false,Existing positive directed cross-stop relation wholly inside the approved hub complex.
FT_MH_GIESING,7,medium,49,Giesinger Bahnhof,Giesing station complex,FAST_TRACK_2040,108503,Giesing,108495,108504,Giesing,108495,180,0.15,153,27,false,Existing positive directed cross-stop relation wholly inside the approved hub complex.
FT_MH_GIESING,7,medium,49,Giesinger Bahnhof,Giesing station complex,FAST_TRACK_2040,108503,Giesing,108495,108505,Giesing,108495,180,0.15,153,27,false,Existing positive directed cross-stop relation wholly inside the approved hub complex.
FT_MH_GIESING,7,medium,49,Giesinger Bahnhof,Giesing station complex,FAST_TRACK_2040,108503,Giesing,108495,108506,Giesing,108495,180,0.15,153,27,false,Existing positive directed cross-stop relation wholly inside the approved hub complex.
FT_MH_GIESING,7,medium,49,Giesinger Bahnhof,Giesing station complex,FAST_TRACK_2040,108503,Giesing,108495,108507,Giesing,108495,180,0.15,153,27,false,Existing positive directed cross-stop relation wholly inside the approved hub complex.
FT_MH_GIESING,7,medium,49,Giesinger Bahnhof,Giesing station complex,FAST_TRACK_2040,108508,Giesing,108495,108500,Giesing,108495,180,0.15,153,27,false,Existing positive directed cross-stop relation wholly inside the approved hub complex.
FT_MH_GIESING,7,medium,49,Giesinger Bahnhof,Giesing station complex,FAST_TRACK_2040,108508,Giesing,108495,108501,Giesing,108495,180,0.15,153,27,false,Existing positive directed cross-stop relation wholly inside the approved hub complex.
FT_MH_GIESING,7,medium,49,Giesinger Bahnhof,Giesing station complex,FAST_TRACK_2040,108508,Giesing,108495,108502,Giesing,108495,180,0.15,153,27,false,Existing positive directed cross-stop relation wholly inside the approved hub complex.
FT_MH_GIESING,7,medium,49,Giesinger Bahnhof,Giesing station complex,FAST_TRACK_2040,108508,Giesing,108495,108503,Giesing,108495,180,0.15,153,27,false,Existing positive directed cross-stop relation wholly inside the approved hub complex.
FT_MH_GIESING,7,medium,49,Giesinger Bahnhof,Giesing station complex,FAST_TRACK_2040,108508,Giesing,108495,108496,Giesing,108495,180,0.15,153,27,false,Existing positive directed cross-stop relation wholly inside the approved hub complex.
FT_MH_GIESING,7,medium,49,Giesinger Bahnhof,Giesing station complex,FAST_TRACK_2040,108508,Giesing,108495,108497,Giesing,108495,180,0.15,153,27,false,Existing positive directed cross-stop relation wholly inside the approved hub complex.
FT_MH_GIESING,7,medium,49,Giesinger Bahnhof,Giesing station complex,FAST_TRACK_2040,108508,Giesing,108495,108498,Giesing,108495,180,0.15,153,27,false,Existing positive directed cross-stop relation wholly inside the approved hub complex.
FT_MH_GIESING,7,medium,49,Giesinger Bahnhof,Giesing station complex,FAST_TRACK_2040,108508,Giesing,108495,108499,Giesing,108495,180,0.15,153,27,false,Existing positive directed cross-stop relation wholly inside the approved hub complex.
FT_MH_GIESING,7,medium,49,Giesinger Bahnhof,Giesing station complex,FAST_TRACK_2040,108508,Giesing,108495,108509,Giesing,108495,180,0.15,153,27,false,Existing positive directed cross-stop relation wholly inside the approved hub complex.
FT_MH_GIESING,7,medium,49,Giesinger Bahnhof,Giesing station complex,FAST_TRACK_2040,108508,Giesing,108495,108504,Giesing,108495,180,0.15,153,27,false,Existing positive directed cross-stop relation wholly inside the approved hub complex.
FT_MH_GIESING,7,medium,49,Giesinger Bahnhof,Giesing station complex,FAST_TRACK_2040,108508,Giesing,108495,108505,Giesing,108495,180,0.15,153,27,false,Existing positive directed cross-stop relation wholly inside the approved hub complex.
FT_MH_GIESING,7,medium,49,Giesinger Bahnhof,Giesing station complex,FAST_TRACK_2040,108508,Giesing,108495,108506,Giesing,108495,180,0.15,153,27,false,Existing positive directed cross-stop relation wholly inside the approved hub complex.
FT_MH_GIESING,7,medium,49,Giesinger Bahnhof,Giesing station complex,FAST_TRACK_2040,108508,Giesing,108495,108507,Giesing,108495,180,0.15,153,27,false,Existing positive directed cross-stop relation wholly inside the approved hub complex.
FT_MH_GIESING,7,medium,49,Giesinger Bahnhof,Giesing station complex,FAST_TRACK_2040,108509,Giesing,108495,108500,Giesing,108495,180,0.15,153,27,false,Existing positive directed cross-stop relation wholly inside the approved hub complex.
FT_MH_GIESING,7,medium,49,Giesinger Bahnhof,Giesing station complex,FAST_TRACK_2040,108509,Giesing,108495,108501,Giesing,108495,180,0.15,153,27,false,Existing positive directed cross-stop relation wholly inside the approved hub complex.
FT_MH_GIESING,7,medium,49,Giesinger Bahnhof,Giesing station complex,FAST_TRACK_2040,108509,Giesing,108495,108502,Giesing,108495,180,0.15,153,27,false,Existing positive directed cross-stop relation wholly inside the approved hub complex.
FT_MH_GIESING,7,medium,49,Giesinger Bahnhof,Giesing station complex,FAST_TRACK_2040,108509,Giesing,108495,108503,Giesing,108495,180,0.15,153,27,false,Existing positive directed cross-stop relation wholly inside the approved hub complex.
FT_MH_GIESING,7,medium,49,Giesinger Bahnhof,Giesing station complex,FAST_TRACK_2040,108509,Giesing,108495,108496,Giesing,108495,180,0.15,153,27,false,Existing positive directed cross-stop relation wholly inside the approved hub complex.
FT_MH_GIESING,7,medium,49,Giesinger Bahnhof,Giesing station complex,FAST_TRACK_2040,108509,Giesing,108495,108497,Giesing,108495,180,0.15,153,27,false,Existing positive directed cross-stop relation wholly inside the approved hub complex.
FT_MH_GIESING,7,medium,49,Giesinger Bahnhof,Giesing station complex,FAST_TRACK_2040,108509,Giesing,108495,108498,Giesing,108495,180,0.15,153,27,false,Existing positive directed cross-stop relation wholly inside the approved hub complex.
FT_MH_GIESING,7,medium,49,Giesinger Bahnhof,Giesing station complex,FAST_TRACK_2040,108509,Giesing,108495,108499,Giesing,108495,180,0.15,153,27,false,Existing positive directed cross-stop relation wholly inside the approved hub complex.
FT_MH_GIESING,7,medium,49,Giesinger Bahnhof,Giesing station complex,FAST_TRACK_2040,108509,Giesing,108495,108508,Giesing,108495,180,0.15,153,27,false,Existing positive directed cross-stop relation wholly inside the approved hub complex.
FT_MH_GIESING,7,medium,49,Giesinger Bahnhof,Giesing station complex,FAST_TRACK_2040,108509,Giesing,108495,108504,Giesing,108495,180,0.15,153,27,false,Existing positive directed cross-stop relation wholly inside the approved hub complex.
FT_MH_GIESING,7,medium,49,Giesinger Bahnhof,Giesing station complex,FAST_TRACK_2040,108509,Giesing,108495,108505,Giesing,108495,180,0.15,153,27,false,Existing positive directed cross-stop relation wholly inside the approved hub complex.
FT_MH_GIESING,7,medium,49,Giesinger Bahnhof,Giesing station complex,FAST_TRACK_2040,108509,Giesing,108495,108506,Giesing,108495,180,0.15,153,27,false,Existing positive directed cross-stop relation wholly inside the approved hub complex.
FT_MH_GIESING,7,medium,49,Giesinger Bahnhof,Giesing station complex,FAST_TRACK_2040,108509,Giesing,108495,108507,Giesing,108495,180,0.15,153,27,false,Existing positive directed cross-stop relation wholly inside the approved hub complex.
FT_MH_GIESING,7,medium,49,Giesinger Bahnhof,Giesing station complex,FAST_TRACK_2040,108504,Giesing,108495,108500,Giesing,108495,180,0.15,153,27,false,Existing positive directed cross-stop relation wholly inside the approved hub complex.
FT_MH_GIESING,7,medium,49,Giesinger Bahnhof,Giesing station complex,FAST_TRACK_2040,108504,Giesing,108495,108501,Giesing,108495,180,0.15,153,27,false,Existing positive directed cross-stop relation wholly inside the approved hub complex.
FT_MH_GIESING,7,medium,49,Giesinger Bahnhof,Giesing station complex,FAST_TRACK_2040,108504,Giesing,108495,108502,Giesing,108495,180,0.15,153,27,false,Existing positive directed cross-stop relation wholly inside the approved hub complex.
FT_MH_GIESING,7,medium,49,Giesinger Bahnhof,Giesing station complex,FAST_TRACK_2040,108504,Giesing,108495,108503,Giesing,108495,180,0.15,153,27,false,Existing positive directed cross-stop relation wholly inside the approved hub complex.
FT_MH_GIESING,7,medium,49,Giesinger Bahnhof,Giesing station complex,FAST_TRACK_2040,108504,Giesing,108495,108496,Giesing,108495,180,0.15,153,27,false,Existing positive directed cross-stop relation wholly inside the approved hub complex.
FT_MH_GIESING,7,medium,49,Giesinger Bahnhof,Giesing station complex,FAST_TRACK_2040,108504,Giesing,108495,108497,Giesing,108495,180,0.15,153,27,false,Existing positive directed cross-stop relation wholly inside the approved hub complex.
FT_MH_GIESING,7,medium,49,Giesinger Bahnhof,Giesing station complex,FAST_TRACK_2040,108504,Giesing,108495,108498,Giesing,108495,180,0.15,153,27,false,Existing positive directed cross-stop relation wholly inside the approved hub complex.
FT_MH_GIESING,7,medium,49,Giesinger Bahnhof,Giesing station complex,FAST_TRACK_2040,108504,Giesing,108495,108499,Giesing,108495,180,0.15,153,27,false,Existing positive directed cross-stop relation wholly inside the approved hub complex.
FT_MH_GIESING,7,medium,49,Giesinger Bahnhof,Giesing station complex,FAST_TRACK_2040,108504,Giesing,108495,108508,Giesing,108495,180,0.15,153,27,false,Existing positive directed cross-stop relation wholly inside the approved hub complex.
FT_MH_GIESING,7,medium,49,Giesinger Bahnhof,Giesing station complex,FAST_TRACK_2040,108504,Giesing,108495,108509,Giesing,108495,180,0.15,153,27,false,Existing positive directed cross-stop relation wholly inside the approved hub complex.
FT_MH_GIESING,7,medium,49,Giesinger Bahnhof,Giesing station complex,FAST_TRACK_2040,108504,Giesing,108495,108505,Giesing,108495,180,0.15,153,27,false,Existing positive directed cross-stop relation wholly inside the approved hub complex.
FT_MH_GIESING,7,medium,49,Giesinger Bahnhof,Giesing station complex,FAST_TRACK_2040,108504,Giesing,108495,108506,Giesing,108495,180,0.15,153,27,false,Existing positive directed cross-stop relation wholly inside the approved hub complex.
FT_MH_GIESING,7,medium,49,Giesinger Bahnhof,Giesing station complex,FAST_TRACK_2040,108504,Giesing,108495,108507,Giesing,108495,180,0.15,153,27,false,Existing positive directed cross-stop relation wholly inside the approved hub complex.
FT_MH_GIESING,7,medium,49,Giesinger Bahnhof,Giesing station complex,FAST_TRACK_2040,108505,Giesing,108495,108500,Giesing,108495,180,0.15,153,27,false,Existing positive directed cross-stop relation wholly inside the approved hub complex.
FT_MH_GIESING,7,medium,49,Giesinger Bahnhof,Giesing station complex,FAST_TRACK_2040,108505,Giesing,108495,108501,Giesing,108495,180,0.15,153,27,false,Existing positive directed cross-stop relation wholly inside the approved hub complex.
FT_MH_GIESING,7,medium,49,Giesinger Bahnhof,Giesing station complex,FAST_TRACK_2040,108505,Giesing,108495,108502,Giesing,108495,180,0.15,153,27,false,Existing positive directed cross-stop relation wholly inside the approved hub complex.
FT_MH_GIESING,7,medium,49,Giesinger Bahnhof,Giesing station complex,FAST_TRACK_2040,108505,Giesing,108495,108503,Giesing,108495,180,0.15,153,27,false,Existing positive directed cross-stop relation wholly inside the approved hub complex.
FT_MH_GIESING,7,medium,49,Giesinger Bahnhof,Giesing station complex,FAST_TRACK_2040,108505,Giesing,108495,108496,Giesing,108495,180,0.15,153,27,false,Existing positive directed cross-stop relation wholly inside the approved hub complex.
FT_MH_GIESING,7,medium,49,Giesinger Bahnhof,Giesing station complex,FAST_TRACK_2040,108505,Giesing,108495,108497,Giesing,108495,180,0.15,153,27,false,Existing positive directed cross-stop relation wholly inside the approved hub complex.
FT_MH_GIESING,7,medium,49,Giesinger Bahnhof,Giesing station complex,FAST_TRACK_2040,108505,Giesing,108495,108498,Giesing,108495,180,0.15,153,27,false,Existing positive directed cross-stop relation wholly inside the approved hub complex.
FT_MH_GIESING,7,medium,49,Giesinger Bahnhof,Giesing station complex,FAST_TRACK_2040,108505,Giesing,108495,108499,Giesing,108495,180,0.15,153,27,false,Existing positive directed cross-stop relation wholly inside the approved hub complex.
FT_MH_GIESING,7,medium,49,Giesinger Bahnhof,Giesing station complex,FAST_TRACK_2040,108505,Giesing,108495,108508,Giesing,108495,180,0.15,153,27,false,Existing positive directed cross-stop relation wholly inside the approved hub complex.
FT_MH_GIESING,7,medium,49,Giesinger Bahnhof,Giesing station complex,FAST_TRACK_2040,108505,Giesing,108495,108509,Giesing,108495,180,0.15,153,27,false,Existing positive directed cross-stop relation wholly inside the approved hub complex.
FT_MH_GIESING,7,medium,49,Giesinger Bahnhof,Giesing station complex,FAST_TRACK_2040,108505,Giesing,108495,108504,Giesing,108495,180,0.15,153,27,false,Existing positive directed cross-stop relation wholly inside the approved hub complex.
FT_MH_GIESING,7,medium,49,Giesinger Bahnhof,Giesing station complex,FAST_TRACK_2040,108505,Giesing,108495,108506,Giesing,108495,180,0.15,153,27,false,Existing positive directed cross-stop relation wholly inside the approved hub complex.
FT_MH_GIESING,7,medium,49,Giesinger Bahnhof,Giesing station complex,FAST_TRACK_2040,108505,Giesing,108495,108507,Giesing,108495,180,0.15,153,27,false,Existing positive directed cross-stop relation wholly inside the approved hub complex.
FT_MH_GIESING,7,medium,49,Giesinger Bahnhof,Giesing station complex,FAST_TRACK_2040,108506,Giesing,108495,108500,Giesing,108495,180,0.15,153,27,false,Existing positive directed cross-stop relation wholly inside the approved hub complex.
FT_MH_GIESING,7,medium,49,Giesinger Bahnhof,Giesing station complex,FAST_TRACK_2040,108506,Giesing,108495,108501,Giesing,108495,180,0.15,153,27,false,Existing positive directed cross-stop relation wholly inside the approved hub complex.
FT_MH_GIESING,7,medium,49,Giesinger Bahnhof,Giesing station complex,FAST_TRACK_2040,108506,Giesing,108495,108502,Giesing,108495,180,0.15,153,27,false,Existing positive directed cross-stop relation wholly inside the approved hub complex.
FT_MH_GIESING,7,medium,49,Giesinger Bahnhof,Giesing station complex,FAST_TRACK_2040,108506,Giesing,108495,108503,Giesing,108495,180,0.15,153,27,false,Existing positive directed cross-stop relation wholly inside the approved hub complex.
FT_MH_GIESING,7,medium,49,Giesinger Bahnhof,Giesing station complex,FAST_TRACK_2040,108506,Giesing,108495,108496,Giesing,108495,180,0.15,153,27,false,Existing positive directed cross-stop relation wholly inside the approved hub complex.
FT_MH_GIESING,7,medium,49,Giesinger Bahnhof,Giesing station complex,FAST_TRACK_2040,108506,Giesing,108495,108497,Giesing,108495,180,0.15,153,27,false,Existing positive directed cross-stop relation wholly inside the approved hub complex.
FT_MH_GIESING,7,medium,49,Giesinger Bahnhof,Giesing station complex,FAST_TRACK_2040,108506,Giesing,108495,108498,Giesing,108495,180,0.15,153,27,false,Existing positive directed cross-stop relation wholly inside the approved hub complex.
FT_MH_GIESING,7,medium,49,Giesinger Bahnhof,Giesing station complex,FAST_TRACK_2040,108506,Giesing,108495,108499,Giesing,108495,180,0.15,153,27,false,Existing positive directed cross-stop relation wholly inside the approved hub complex.
FT_MH_GIESING,7,medium,49,Giesinger Bahnhof,Giesing station complex,FAST_TRACK_2040,108506,Giesing,108495,108508,Giesing,108495,180,0.15,153,27,false,Existing positive directed cross-stop relation wholly inside the approved hub complex.
FT_MH_GIESING,7,medium,49,Giesinger Bahnhof,Giesing station complex,FAST_TRACK_2040,108506,Giesing,108495,108509,Giesing,108495,180,0.15,153,27,false,Existing positive directed cross-stop relation wholly inside the approved hub complex.
FT_MH_GIESING,7,medium,49,Giesinger Bahnhof,Giesing station complex,FAST_TRACK_2040,108506,Giesing,108495,108504,Giesing,108495,180,0.15,153,27,false,Existing positive directed cross-stop relation wholly inside the approved hub complex.
FT_MH_GIESING,7,medium,49,Giesinger Bahnhof,Giesing station complex,FAST_TRACK_2040,108506,Giesing,108495,108505,Giesing,108495,180,0.15,153,27,false,Existing positive directed cross-stop relation wholly inside the approved hub complex.
FT_MH_GIESING,7,medium,49,Giesinger Bahnhof,Giesing station complex,FAST_TRACK_2040,108506,Giesing,108495,108507,Giesing,108495,180,0.15,153,27,false,Existing positive directed cross-stop relation wholly inside the approved hub complex.
FT_MH_GIESING,7,medium,49,Giesinger Bahnhof,Giesing station complex,FAST_TRACK_2040,108507,Giesing,108495,108500,Giesing,108495,180,0.15,153,27,false,Existing positive directed cross-stop relation wholly inside the approved hub complex.
FT_MH_GIESING,7,medium,49,Giesinger Bahnhof,Giesing station complex,FAST_TRACK_2040,108507,Giesing,108495,108501,Giesing,108495,180,0.15,153,27,false,Existing positive directed cross-stop relation wholly inside the approved hub complex.
FT_MH_GIESING,7,medium,49,Giesinger Bahnhof,Giesing station complex,FAST_TRACK_2040,108507,Giesing,108495,108502,Giesing,108495,180,0.15,153,27,false,Existing positive directed cross-stop relation wholly inside the approved hub complex.
FT_MH_GIESING,7,medium,49,Giesinger Bahnhof,Giesing station complex,FAST_TRACK_2040,108507,Giesing,108495,108503,Giesing,108495,180,0.15,153,27,false,Existing positive directed cross-stop relation wholly inside the approved hub complex.
FT_MH_GIESING,7,medium,49,Giesinger Bahnhof,Giesing station complex,FAST_TRACK_2040,108507,Giesing,108495,108496,Giesing,108495,180,0.15,153,27,false,Existing positive directed cross-stop relation wholly inside the approved hub complex.
FT_MH_GIESING,7,medium,49,Giesinger Bahnhof,Giesing station complex,FAST_TRACK_2040,108507,Giesing,108495,108497,Giesing,108495,180,0.15,153,27,false,Existing positive directed cross-stop relation wholly inside the approved hub complex.
FT_MH_GIESING,7,medium,49,Giesinger Bahnhof,Giesing station complex,FAST_TRACK_2040,108507,Giesing,108495,108498,Giesing,108495,180,0.15,153,27,false,Existing positive directed cross-stop relation wholly inside the approved hub complex.
FT_MH_GIESING,7,medium,49,Giesinger Bahnhof,Giesing station complex,FAST_TRACK_2040,108507,Giesing,108495,108499,Giesing,108495,180,0.15,153,27,false,Existing positive directed cross-stop relation wholly inside the approved hub complex.
FT_MH_GIESING,7,medium,49,Giesinger Bahnhof,Giesing station complex,FAST_TRACK_2040,108507,Giesing,108495,108508,Giesing,108495,180,0.15,153,27,false,Existing positive directed cross-stop relation wholly inside the approved hub complex.
FT_MH_GIESING,7,medium,49,Giesinger Bahnhof,Giesing station complex,FAST_TRACK_2040,108507,Giesing,108495,108509,Giesing,108495,180,0.15,153,27,false,Existing positive directed cross-stop relation wholly inside the approved hub complex.
FT_MH_GIESING,7,medium,49,Giesinger Bahnhof,Giesing station complex,FAST_TRACK_2040,108507,Giesing,108495,108504,Giesing,108495,180,0.15,153,27,false,Existing positive directed cross-stop relation wholly inside the approved hub complex.
FT_MH_GIESING,7,medium,49,Giesinger Bahnhof,Giesing station complex,FAST_TRACK_2040,108507,Giesing,108495,108505,Giesing,108495,180,0.15,153,27,false,Existing positive directed cross-stop relation wholly inside the approved hub complex.
FT_MH_GIESING,7,medium,49,Giesinger Bahnhof,Giesing station complex,FAST_TRACK_2040,108507,Giesing,108495,108506,Giesing,108495,180,0.15,153,27,false,Existing positive directed cross-stop relation wholly inside the approved hub complex.
FT_MH_SCHEIDPLATZ,8,medium,402,Scheidplatz,Scheidplatz / Scheidplatz Süd station complex,FAST_TRACK_2040,107137,Scheidplatz Süd,107135,107136,Scheidplatz Süd,107135,180,0.15,153,27,false,Existing positive directed cross-stop relation wholly inside the approved hub complex.
FT_MH_SCHEIDPLATZ,8,medium,402,Scheidplatz,Scheidplatz / Scheidplatz Süd station complex,FAST_TRACK_2040,107136,Scheidplatz Süd,107135,107137,Scheidplatz Süd,107135,180,0.15,153,27,false,Existing positive directed cross-stop relation wholly inside the approved hub complex.
FT_MH_SCHEIDPLATZ,8,medium,402,Scheidplatz,Scheidplatz / Scheidplatz Süd station complex,FAST_TRACK_2040,107146,Scheidplatz,107140,107145,Scheidplatz,107140,180,0.15,153,27,false,Existing positive directed cross-stop relation wholly inside the approved hub complex.
FT_MH_SCHEIDPLATZ,8,medium,402,Scheidplatz,Scheidplatz / Scheidplatz Süd station complex,FAST_TRACK_2040,107146,Scheidplatz,107140,107144,Scheidplatz,107140,180,0.15,153,27,false,Existing positive directed cross-stop relation wholly inside the approved hub complex.
FT_MH_SCHEIDPLATZ,8,medium,402,Scheidplatz,Scheidplatz / Scheidplatz Süd station complex,FAST_TRACK_2040,107146,Scheidplatz,107140,107143,Scheidplatz,107140,180,0.15,153,27,false,Existing positive directed cross-stop relation wholly inside the approved hub complex.
FT_MH_SCHEIDPLATZ,8,medium,402,Scheidplatz,Scheidplatz / Scheidplatz Süd station complex,FAST_TRACK_2040,107146,Scheidplatz,107140,107149,Scheidplatz,107140,180,0.15,153,27,false,Existing positive directed cross-stop relation wholly inside the approved hub complex.
FT_MH_SCHEIDPLATZ,8,medium,402,Scheidplatz,Scheidplatz / Scheidplatz Süd station complex,FAST_TRACK_2040,107146,Scheidplatz,107140,107148,Scheidplatz,107140,180,0.15,153,27,false,Existing positive directed cross-stop relation wholly inside the approved hub complex.
FT_MH_SCHEIDPLATZ,8,medium,402,Scheidplatz,Scheidplatz / Scheidplatz Süd station complex,FAST_TRACK_2040,107146,Scheidplatz,107140,107147,Scheidplatz,107140,180,0.15,153,27,false,Existing positive directed cross-stop relation wholly inside the approved hub complex.
FT_MH_SCHEIDPLATZ,8,medium,402,Scheidplatz,Scheidplatz / Scheidplatz Süd station complex,FAST_TRACK_2040,107146,Scheidplatz,107140,107142,Scheidplatz,107140,180,0.15,153,27,false,Existing positive directed cross-stop relation wholly inside the approved hub complex.
FT_MH_SCHEIDPLATZ,8,medium,402,Scheidplatz,Scheidplatz / Scheidplatz Süd station complex,FAST_TRACK_2040,107146,Scheidplatz,107140,107141,Scheidplatz,107140,180,0.15,153,27,false,Existing positive directed cross-stop relation wholly inside the approved hub complex.
FT_MH_SCHEIDPLATZ,8,medium,402,Scheidplatz,Scheidplatz / Scheidplatz Süd station complex,FAST_TRACK_2040,107146,Scheidplatz,107140,107150,Scheidplatz,107140,180,0.15,153,27,false,Existing positive directed cross-stop relation wholly inside the approved hub complex.
FT_MH_SCHEIDPLATZ,8,medium,402,Scheidplatz,Scheidplatz / Scheidplatz Süd station complex,FAST_TRACK_2040,107145,Scheidplatz,107140,107146,Scheidplatz,107140,180,0.15,153,27,false,Existing positive directed cross-stop relation wholly inside the approved hub complex.
FT_MH_SCHEIDPLATZ,8,medium,402,Scheidplatz,Scheidplatz / Scheidplatz Süd station complex,FAST_TRACK_2040,107145,Scheidplatz,107140,107144,Scheidplatz,107140,180,0.15,153,27,false,Existing positive directed cross-stop relation wholly inside the approved hub complex.
FT_MH_SCHEIDPLATZ,8,medium,402,Scheidplatz,Scheidplatz / Scheidplatz Süd station complex,FAST_TRACK_2040,107145,Scheidplatz,107140,107143,Scheidplatz,107140,180,0.15,153,27,false,Existing positive directed cross-stop relation wholly inside the approved hub complex.
FT_MH_SCHEIDPLATZ,8,medium,402,Scheidplatz,Scheidplatz / Scheidplatz Süd station complex,FAST_TRACK_2040,107145,Scheidplatz,107140,107149,Scheidplatz,107140,180,0.15,153,27,false,Existing positive directed cross-stop relation wholly inside the approved hub complex.
FT_MH_SCHEIDPLATZ,8,medium,402,Scheidplatz,Scheidplatz / Scheidplatz Süd station complex,FAST_TRACK_2040,107145,Scheidplatz,107140,107148,Scheidplatz,107140,180,0.15,153,27,false,Existing positive directed cross-stop relation wholly inside the approved hub complex.
FT_MH_SCHEIDPLATZ,8,medium,402,Scheidplatz,Scheidplatz / Scheidplatz Süd station complex,FAST_TRACK_2040,107145,Scheidplatz,107140,107147,Scheidplatz,107140,180,0.15,153,27,false,Existing positive directed cross-stop relation wholly inside the approved hub complex.
FT_MH_SCHEIDPLATZ,8,medium,402,Scheidplatz,Scheidplatz / Scheidplatz Süd station complex,FAST_TRACK_2040,107145,Scheidplatz,107140,107142,Scheidplatz,107140,180,0.15,153,27,false,Existing positive directed cross-stop relation wholly inside the approved hub complex.
FT_MH_SCHEIDPLATZ,8,medium,402,Scheidplatz,Scheidplatz / Scheidplatz Süd station complex,FAST_TRACK_2040,107145,Scheidplatz,107140,107141,Scheidplatz,107140,180,0.15,153,27,false,Existing positive directed cross-stop relation wholly inside the approved hub complex.
FT_MH_SCHEIDPLATZ,8,medium,402,Scheidplatz,Scheidplatz / Scheidplatz Süd station complex,FAST_TRACK_2040,107145,Scheidplatz,107140,107150,Scheidplatz,107140,180,0.15,153,27,false,Existing positive directed cross-stop relation wholly inside the approved hub complex.
FT_MH_SCHEIDPLATZ,8,medium,402,Scheidplatz,Scheidplatz / Scheidplatz Süd station complex,FAST_TRACK_2040,107144,Scheidplatz,107140,107146,Scheidplatz,107140,180,0.15,153,27,false,Existing positive directed cross-stop relation wholly inside the approved hub complex.
FT_MH_SCHEIDPLATZ,8,medium,402,Scheidplatz,Scheidplatz / Scheidplatz Süd station complex,FAST_TRACK_2040,107144,Scheidplatz,107140,107145,Scheidplatz,107140,180,0.15,153,27,false,Existing positive directed cross-stop relation wholly inside the approved hub complex.
FT_MH_SCHEIDPLATZ,8,medium,402,Scheidplatz,Scheidplatz / Scheidplatz Süd station complex,FAST_TRACK_2040,107144,Scheidplatz,107140,107143,Scheidplatz,107140,180,0.15,153,27,false,Existing positive directed cross-stop relation wholly inside the approved hub complex.
FT_MH_SCHEIDPLATZ,8,medium,402,Scheidplatz,Scheidplatz / Scheidplatz Süd station complex,FAST_TRACK_2040,107144,Scheidplatz,107140,107149,Scheidplatz,107140,180,0.15,153,27,false,Existing positive directed cross-stop relation wholly inside the approved hub complex.
FT_MH_SCHEIDPLATZ,8,medium,402,Scheidplatz,Scheidplatz / Scheidplatz Süd station complex,FAST_TRACK_2040,107144,Scheidplatz,107140,107148,Scheidplatz,107140,180,0.15,153,27,false,Existing positive directed cross-stop relation wholly inside the approved hub complex.
FT_MH_SCHEIDPLATZ,8,medium,402,Scheidplatz,Scheidplatz / Scheidplatz Süd station complex,FAST_TRACK_2040,107144,Scheidplatz,107140,107147,Scheidplatz,107140,180,0.15,153,27,false,Existing positive directed cross-stop relation wholly inside the approved hub complex.
FT_MH_SCHEIDPLATZ,8,medium,402,Scheidplatz,Scheidplatz / Scheidplatz Süd station complex,FAST_TRACK_2040,107144,Scheidplatz,107140,107142,Scheidplatz,107140,180,0.15,153,27,false,Existing positive directed cross-stop relation wholly inside the approved hub complex.
FT_MH_SCHEIDPLATZ,8,medium,402,Scheidplatz,Scheidplatz / Scheidplatz Süd station complex,FAST_TRACK_2040,107144,Scheidplatz,107140,107141,Scheidplatz,107140,180,0.15,153,27,false,Existing positive directed cross-stop relation wholly inside the approved hub complex.
FT_MH_SCHEIDPLATZ,8,medium,402,Scheidplatz,Scheidplatz / Scheidplatz Süd station complex,FAST_TRACK_2040,107144,Scheidplatz,107140,107150,Scheidplatz,107140,180,0.15,153,27,false,Existing positive directed cross-stop relation wholly inside the approved hub complex.
FT_MH_SCHEIDPLATZ,8,medium,402,Scheidplatz,Scheidplatz / Scheidplatz Süd station complex,FAST_TRACK_2040,107143,Scheidplatz,107140,107146,Scheidplatz,107140,180,0.15,153,27,false,Existing positive directed cross-stop relation wholly inside the approved hub complex.
FT_MH_SCHEIDPLATZ,8,medium,402,Scheidplatz,Scheidplatz / Scheidplatz Süd station complex,FAST_TRACK_2040,107143,Scheidplatz,107140,107145,Scheidplatz,107140,180,0.15,153,27,false,Existing positive directed cross-stop relation wholly inside the approved hub complex.
FT_MH_SCHEIDPLATZ,8,medium,402,Scheidplatz,Scheidplatz / Scheidplatz Süd station complex,FAST_TRACK_2040,107143,Scheidplatz,107140,107144,Scheidplatz,107140,180,0.15,153,27,false,Existing positive directed cross-stop relation wholly inside the approved hub complex.
FT_MH_SCHEIDPLATZ,8,medium,402,Scheidplatz,Scheidplatz / Scheidplatz Süd station complex,FAST_TRACK_2040,107143,Scheidplatz,107140,107149,Scheidplatz,107140,180,0.15,153,27,false,Existing positive directed cross-stop relation wholly inside the approved hub complex.
FT_MH_SCHEIDPLATZ,8,medium,402,Scheidplatz,Scheidplatz / Scheidplatz Süd station complex,FAST_TRACK_2040,107143,Scheidplatz,107140,107148,Scheidplatz,107140,180,0.15,153,27,false,Existing positive directed cross-stop relation wholly inside the approved hub complex.
FT_MH_SCHEIDPLATZ,8,medium,402,Scheidplatz,Scheidplatz / Scheidplatz Süd station complex,FAST_TRACK_2040,107143,Scheidplatz,107140,107147,Scheidplatz,107140,180,0.15,153,27,false,Existing positive directed cross-stop relation wholly inside the approved hub complex.
FT_MH_SCHEIDPLATZ,8,medium,402,Scheidplatz,Scheidplatz / Scheidplatz Süd station complex,FAST_TRACK_2040,107143,Scheidplatz,107140,107142,Scheidplatz,107140,180,0.15,153,27,false,Existing positive directed cross-stop relation wholly inside the approved hub complex.
FT_MH_SCHEIDPLATZ,8,medium,402,Scheidplatz,Scheidplatz / Scheidplatz Süd station complex,FAST_TRACK_2040,107143,Scheidplatz,107140,107141,Scheidplatz,107140,180,0.15,153,27,false,Existing positive directed cross-stop relation wholly inside the approved hub complex.
FT_MH_SCHEIDPLATZ,8,medium,402,Scheidplatz,Scheidplatz / Scheidplatz Süd station complex,FAST_TRACK_2040,107143,Scheidplatz,107140,107150,Scheidplatz,107140,180,0.15,153,27,false,Existing positive directed cross-stop relation wholly inside the approved hub complex.
FT_MH_SCHEIDPLATZ,8,medium,402,Scheidplatz,Scheidplatz / Scheidplatz Süd station complex,FAST_TRACK_2040,107149,Scheidplatz,107140,107146,Scheidplatz,107140,180,0.15,153,27,false,Existing positive directed cross-stop relation wholly inside the approved hub complex.
FT_MH_SCHEIDPLATZ,8,medium,402,Scheidplatz,Scheidplatz / Scheidplatz Süd station complex,FAST_TRACK_2040,107149,Scheidplatz,107140,107145,Scheidplatz,107140,180,0.15,153,27,false,Existing positive directed cross-stop relation wholly inside the approved hub complex.
FT_MH_SCHEIDPLATZ,8,medium,402,Scheidplatz,Scheidplatz / Scheidplatz Süd station complex,FAST_TRACK_2040,107149,Scheidplatz,107140,107144,Scheidplatz,107140,180,0.15,153,27,false,Existing positive directed cross-stop relation wholly inside the approved hub complex.
FT_MH_SCHEIDPLATZ,8,medium,402,Scheidplatz,Scheidplatz / Scheidplatz Süd station complex,FAST_TRACK_2040,107149,Scheidplatz,107140,107143,Scheidplatz,107140,180,0.15,153,27,false,Existing positive directed cross-stop relation wholly inside the approved hub complex.
FT_MH_SCHEIDPLATZ,8,medium,402,Scheidplatz,Scheidplatz / Scheidplatz Süd station complex,FAST_TRACK_2040,107149,Scheidplatz,107140,107148,Scheidplatz,107140,180,0.15,153,27,false,Existing positive directed cross-stop relation wholly inside the approved hub complex.
FT_MH_SCHEIDPLATZ,8,medium,402,Scheidplatz,Scheidplatz / Scheidplatz Süd station complex,FAST_TRACK_2040,107149,Scheidplatz,107140,107147,Scheidplatz,107140,180,0.15,153,27,false,Existing positive directed cross-stop relation wholly inside the approved hub complex.
FT_MH_SCHEIDPLATZ,8,medium,402,Scheidplatz,Scheidplatz / Scheidplatz Süd station complex,FAST_TRACK_2040,107149,Scheidplatz,107140,107142,Scheidplatz,107140,180,0.15,153,27,false,Existing positive directed cross-stop relation wholly inside the approved hub complex.
FT_MH_SCHEIDPLATZ,8,medium,402,Scheidplatz,Scheidplatz / Scheidplatz Süd station complex,FAST_TRACK_2040,107149,Scheidplatz,107140,107141,Scheidplatz,107140,180,0.15,153,27,false,Existing positive directed cross-stop relation wholly inside the approved hub complex.
FT_MH_SCHEIDPLATZ,8,medium,402,Scheidplatz,Scheidplatz / Scheidplatz Süd station complex,FAST_TRACK_2040,107149,Scheidplatz,107140,107150,Scheidplatz,107140,180,0.15,153,27,false,Existing positive directed cross-stop relation wholly inside the approved hub complex.
FT_MH_SCHEIDPLATZ,8,medium,402,Scheidplatz,Scheidplatz / Scheidplatz Süd station complex,FAST_TRACK_2040,107148,Scheidplatz,107140,107146,Scheidplatz,107140,180,0.15,153,27,false,Existing positive directed cross-stop relation wholly inside the approved hub complex.
FT_MH_SCHEIDPLATZ,8,medium,402,Scheidplatz,Scheidplatz / Scheidplatz Süd station complex,FAST_TRACK_2040,107148,Scheidplatz,107140,107145,Scheidplatz,107140,180,0.15,153,27,false,Existing positive directed cross-stop relation wholly inside the approved hub complex.
FT_MH_SCHEIDPLATZ,8,medium,402,Scheidplatz,Scheidplatz / Scheidplatz Süd station complex,FAST_TRACK_2040,107148,Scheidplatz,107140,107144,Scheidplatz,107140,180,0.15,153,27,false,Existing positive directed cross-stop relation wholly inside the approved hub complex.
FT_MH_SCHEIDPLATZ,8,medium,402,Scheidplatz,Scheidplatz / Scheidplatz Süd station complex,FAST_TRACK_2040,107148,Scheidplatz,107140,107143,Scheidplatz,107140,180,0.15,153,27,false,Existing positive directed cross-stop relation wholly inside the approved hub complex.
FT_MH_SCHEIDPLATZ,8,medium,402,Scheidplatz,Scheidplatz / Scheidplatz Süd station complex,FAST_TRACK_2040,107148,Scheidplatz,107140,107149,Scheidplatz,107140,180,0.15,153,27,false,Existing positive directed cross-stop relation wholly inside the approved hub complex.
FT_MH_SCHEIDPLATZ,8,medium,402,Scheidplatz,Scheidplatz / Scheidplatz Süd station complex,FAST_TRACK_2040,107148,Scheidplatz,107140,107147,Scheidplatz,107140,180,0.15,153,27,false,Existing positive directed cross-stop relation wholly inside the approved hub complex.
FT_MH_SCHEIDPLATZ,8,medium,402,Scheidplatz,Scheidplatz / Scheidplatz Süd station complex,FAST_TRACK_2040,107148,Scheidplatz,107140,107142,Scheidplatz,107140,180,0.15,153,27,false,Existing positive directed cross-stop relation wholly inside the approved hub complex.
FT_MH_SCHEIDPLATZ,8,medium,402,Scheidplatz,Scheidplatz / Scheidplatz Süd station complex,FAST_TRACK_2040,107148,Scheidplatz,107140,107141,Scheidplatz,107140,180,0.15,153,27,false,Existing positive directed cross-stop relation wholly inside the approved hub complex.
FT_MH_SCHEIDPLATZ,8,medium,402,Scheidplatz,Scheidplatz / Scheidplatz Süd station complex,FAST_TRACK_2040,107148,Scheidplatz,107140,107150,Scheidplatz,107140,180,0.15,153,27,false,Existing positive directed cross-stop relation wholly inside the approved hub complex.
FT_MH_SCHEIDPLATZ,8,medium,402,Scheidplatz,Scheidplatz / Scheidplatz Süd station complex,FAST_TRACK_2040,107147,Scheidplatz,107140,107146,Scheidplatz,107140,180,0.15,153,27,false,Existing positive directed cross-stop relation wholly inside the approved hub complex.
FT_MH_SCHEIDPLATZ,8,medium,402,Scheidplatz,Scheidplatz / Scheidplatz Süd station complex,FAST_TRACK_2040,107147,Scheidplatz,107140,107145,Scheidplatz,107140,180,0.15,153,27,false,Existing positive directed cross-stop relation wholly inside the approved hub complex.
FT_MH_SCHEIDPLATZ,8,medium,402,Scheidplatz,Scheidplatz / Scheidplatz Süd station complex,FAST_TRACK_2040,107147,Scheidplatz,107140,107144,Scheidplatz,107140,180,0.15,153,27,false,Existing positive directed cross-stop relation wholly inside the approved hub complex.
FT_MH_SCHEIDPLATZ,8,medium,402,Scheidplatz,Scheidplatz / Scheidplatz Süd station complex,FAST_TRACK_2040,107147,Scheidplatz,107140,107143,Scheidplatz,107140,180,0.15,153,27,false,Existing positive directed cross-stop relation wholly inside the approved hub complex.
FT_MH_SCHEIDPLATZ,8,medium,402,Scheidplatz,Scheidplatz / Scheidplatz Süd station complex,FAST_TRACK_2040,107147,Scheidplatz,107140,107149,Scheidplatz,107140,180,0.15,153,27,false,Existing positive directed cross-stop relation wholly inside the approved hub complex.
FT_MH_SCHEIDPLATZ,8,medium,402,Scheidplatz,Scheidplatz / Scheidplatz Süd station complex,FAST_TRACK_2040,107147,Scheidplatz,107140,107148,Scheidplatz,107140,180,0.15,153,27,false,Existing positive directed cross-stop relation wholly inside the approved hub complex.
FT_MH_SCHEIDPLATZ,8,medium,402,Scheidplatz,Scheidplatz / Scheidplatz Süd station complex,FAST_TRACK_2040,107147,Scheidplatz,107140,107142,Scheidplatz,107140,180,0.15,153,27,false,Existing positive directed cross-stop relation wholly inside the approved hub complex.
FT_MH_SCHEIDPLATZ,8,medium,402,Scheidplatz,Scheidplatz / Scheidplatz Süd station complex,FAST_TRACK_2040,107147,Scheidplatz,107140,107141,Scheidplatz,107140,180,0.15,153,27,false,Existing positive directed cross-stop relation wholly inside the approved hub complex.
FT_MH_SCHEIDPLATZ,8,medium,402,Scheidplatz,Scheidplatz / Scheidplatz Süd station complex,FAST_TRACK_2040,107147,Scheidplatz,107140,107150,Scheidplatz,107140,180,0.15,153,27,false,Existing positive directed cross-stop relation wholly inside the approved hub complex.
FT_MH_SCHEIDPLATZ,8,medium,402,Scheidplatz,Scheidplatz / Scheidplatz Süd station complex,FAST_TRACK_2040,107142,Scheidplatz,107140,107146,Scheidplatz,107140,180,0.15,153,27,false,Existing positive directed cross-stop relation wholly inside the approved hub complex.
FT_MH_SCHEIDPLATZ,8,medium,402,Scheidplatz,Scheidplatz / Scheidplatz Süd station complex,FAST_TRACK_2040,107142,Scheidplatz,107140,107145,Scheidplatz,107140,180,0.15,153,27,false,Existing positive directed cross-stop relation wholly inside the approved hub complex.
FT_MH_SCHEIDPLATZ,8,medium,402,Scheidplatz,Scheidplatz / Scheidplatz Süd station complex,FAST_TRACK_2040,107142,Scheidplatz,107140,107144,Scheidplatz,107140,180,0.15,153,27,false,Existing positive directed cross-stop relation wholly inside the approved hub complex.
FT_MH_SCHEIDPLATZ,8,medium,402,Scheidplatz,Scheidplatz / Scheidplatz Süd station complex,FAST_TRACK_2040,107142,Scheidplatz,107140,107143,Scheidplatz,107140,180,0.15,153,27,false,Existing positive directed cross-stop relation wholly inside the approved hub complex.
FT_MH_SCHEIDPLATZ,8,medium,402,Scheidplatz,Scheidplatz / Scheidplatz Süd station complex,FAST_TRACK_2040,107142,Scheidplatz,107140,107149,Scheidplatz,107140,180,0.15,153,27,false,Existing positive directed cross-stop relation wholly inside the approved hub complex.
FT_MH_SCHEIDPLATZ,8,medium,402,Scheidplatz,Scheidplatz / Scheidplatz Süd station complex,FAST_TRACK_2040,107142,Scheidplatz,107140,107148,Scheidplatz,107140,180,0.15,153,27,false,Existing positive directed cross-stop relation wholly inside the approved hub complex.
FT_MH_SCHEIDPLATZ,8,medium,402,Scheidplatz,Scheidplatz / Scheidplatz Süd station complex,FAST_TRACK_2040,107142,Scheidplatz,107140,107147,Scheidplatz,107140,180,0.15,153,27,false,Existing positive directed cross-stop relation wholly inside the approved hub complex.
FT_MH_SCHEIDPLATZ,8,medium,402,Scheidplatz,Scheidplatz / Scheidplatz Süd station complex,FAST_TRACK_2040,107142,Scheidplatz,107140,107141,Scheidplatz,107140,180,0.15,153,27,false,Existing positive directed cross-stop relation wholly inside the approved hub complex.
FT_MH_SCHEIDPLATZ,8,medium,402,Scheidplatz,Scheidplatz / Scheidplatz Süd station complex,FAST_TRACK_2040,107142,Scheidplatz,107140,107150,Scheidplatz,107140,180,0.15,153,27,false,Existing positive directed cross-stop relation wholly inside the approved hub complex.
FT_MH_SCHEIDPLATZ,8,medium,402,Scheidplatz,Scheidplatz / Scheidplatz Süd station complex,FAST_TRACK_2040,107141,Scheidplatz,107140,107146,Scheidplatz,107140,180,0.15,153,27,false,Existing positive directed cross-stop relation wholly inside the approved hub complex.
FT_MH_SCHEIDPLATZ,8,medium,402,Scheidplatz,Scheidplatz / Scheidplatz Süd station complex,FAST_TRACK_2040,107141,Scheidplatz,107140,107145,Scheidplatz,107140,180,0.15,153,27,false,Existing positive directed cross-stop relation wholly inside the approved hub complex.
FT_MH_SCHEIDPLATZ,8,medium,402,Scheidplatz,Scheidplatz / Scheidplatz Süd station complex,FAST_TRACK_2040,107141,Scheidplatz,107140,107144,Scheidplatz,107140,180,0.15,153,27,false,Existing positive directed cross-stop relation wholly inside the approved hub complex.
FT_MH_SCHEIDPLATZ,8,medium,402,Scheidplatz,Scheidplatz / Scheidplatz Süd station complex,FAST_TRACK_2040,107141,Scheidplatz,107140,107143,Scheidplatz,107140,180,0.15,153,27,false,Existing positive directed cross-stop relation wholly inside the approved hub complex.
FT_MH_SCHEIDPLATZ,8,medium,402,Scheidplatz,Scheidplatz / Scheidplatz Süd station complex,FAST_TRACK_2040,107141,Scheidplatz,107140,107149,Scheidplatz,107140,180,0.15,153,27,false,Existing positive directed cross-stop relation wholly inside the approved hub complex.
FT_MH_SCHEIDPLATZ,8,medium,402,Scheidplatz,Scheidplatz / Scheidplatz Süd station complex,FAST_TRACK_2040,107141,Scheidplatz,107140,107148,Scheidplatz,107140,180,0.15,153,27,false,Existing positive directed cross-stop relation wholly inside the approved hub complex.
FT_MH_SCHEIDPLATZ,8,medium,402,Scheidplatz,Scheidplatz / Scheidplatz Süd station complex,FAST_TRACK_2040,107141,Scheidplatz,107140,107147,Scheidplatz,107140,180,0.15,153,27,false,Existing positive directed cross-stop relation wholly inside the approved hub complex.
FT_MH_SCHEIDPLATZ,8,medium,402,Scheidplatz,Scheidplatz / Scheidplatz Süd station complex,FAST_TRACK_2040,107141,Scheidplatz,107140,107142,Scheidplatz,107140,180,0.15,153,27,false,Existing positive directed cross-stop relation wholly inside the approved hub complex.
FT_MH_SCHEIDPLATZ,8,medium,402,Scheidplatz,Scheidplatz / Scheidplatz Süd station complex,FAST_TRACK_2040,107141,Scheidplatz,107140,107150,Scheidplatz,107140,180,0.15,153,27,false,Existing positive directed cross-stop relation wholly inside the approved hub complex.
FT_MH_SCHEIDPLATZ,8,medium,402,Scheidplatz,Scheidplatz / Scheidplatz Süd station complex,FAST_TRACK_2040,107150,Scheidplatz,107140,107146,Scheidplatz,107140,180,0.15,153,27,false,Existing positive directed cross-stop relation wholly inside the approved hub complex.
FT_MH_SCHEIDPLATZ,8,medium,402,Scheidplatz,Scheidplatz / Scheidplatz Süd station complex,FAST_TRACK_2040,107150,Scheidplatz,107140,107145,Scheidplatz,107140,180,0.15,153,27,false,Existing positive directed cross-stop relation wholly inside the approved hub complex.
FT_MH_SCHEIDPLATZ,8,medium,402,Scheidplatz,Scheidplatz / Scheidplatz Süd station complex,FAST_TRACK_2040,107150,Scheidplatz,107140,107144,Scheidplatz,107140,180,0.15,153,27,false,Existing positive directed cross-stop relation wholly inside the approved hub complex.
FT_MH_SCHEIDPLATZ,8,medium,402,Scheidplatz,Scheidplatz / Scheidplatz Süd station complex,FAST_TRACK_2040,107150,Scheidplatz,107140,107143,Scheidplatz,107140,180,0.15,153,27,false,Existing positive directed cross-stop relation wholly inside the approved hub complex.
FT_MH_SCHEIDPLATZ,8,medium,402,Scheidplatz,Scheidplatz / Scheidplatz Süd station complex,FAST_TRACK_2040,107150,Scheidplatz,107140,107149,Scheidplatz,107140,180,0.15,153,27,false,Existing positive directed cross-stop relation wholly inside the approved hub complex.
FT_MH_SCHEIDPLATZ,8,medium,402,Scheidplatz,Scheidplatz / Scheidplatz Süd station complex,FAST_TRACK_2040,107150,Scheidplatz,107140,107148,Scheidplatz,107140,180,0.15,153,27,false,Existing positive directed cross-stop relation wholly inside the approved hub complex.
FT_MH_SCHEIDPLATZ,8,medium,402,Scheidplatz,Scheidplatz / Scheidplatz Süd station complex,FAST_TRACK_2040,107150,Scheidplatz,107140,107147,Scheidplatz,107140,180,0.15,153,27,false,Existing positive directed cross-stop relation wholly inside the approved hub complex.
FT_MH_SCHEIDPLATZ,8,medium,402,Scheidplatz,Scheidplatz / Scheidplatz Süd station complex,FAST_TRACK_2040,107150,Scheidplatz,107140,107142,Scheidplatz,107140,180,0.15,153,27,false,Existing positive directed cross-stop relation wholly inside the approved hub complex.
FT_MH_SCHEIDPLATZ,8,medium,402,Scheidplatz,Scheidplatz / Scheidplatz Süd station complex,FAST_TRACK_2040,107150,Scheidplatz,107140,107141,Scheidplatz,107140,180,0.15,153,27,false,Existing positive directed cross-stop relation wholly inside the approved hub complex.
FT_MH_HOHENZOLLERNPLATZ,9,small,401,Hohenzollernplatz,Hohenzollernplatz,FAST_TRACK_2040,106585,Hohenzollernplatz,106583,106584,Hohenzollernplatz,106583,180,0.10,162,18,false,Existing positive directed cross-stop relation wholly inside the approved hub complex.
FT_MH_HOHENZOLLERNPLATZ,9,small,401,Hohenzollernplatz,Hohenzollernplatz,FAST_TRACK_2040,106585,Hohenzollernplatz,106583,106587,Hohenzollernplatz,106583,180,0.10,162,18,false,Existing positive directed cross-stop relation wholly inside the approved hub complex.
FT_MH_HOHENZOLLERNPLATZ,9,small,401,Hohenzollernplatz,Hohenzollernplatz,FAST_TRACK_2040,106585,Hohenzollernplatz,106583,106586,Hohenzollernplatz,106583,180,0.10,162,18,false,Existing positive directed cross-stop relation wholly inside the approved hub complex.
FT_MH_HOHENZOLLERNPLATZ,9,small,401,Hohenzollernplatz,Hohenzollernplatz,FAST_TRACK_2040,106584,Hohenzollernplatz,106583,106585,Hohenzollernplatz,106583,180,0.10,162,18,false,Existing positive directed cross-stop relation wholly inside the approved hub complex.
FT_MH_HOHENZOLLERNPLATZ,9,small,401,Hohenzollernplatz,Hohenzollernplatz,FAST_TRACK_2040,106584,Hohenzollernplatz,106583,106587,Hohenzollernplatz,106583,180,0.10,162,18,false,Existing positive directed cross-stop relation wholly inside the approved hub complex.
FT_MH_HOHENZOLLERNPLATZ,9,small,401,Hohenzollernplatz,Hohenzollernplatz,FAST_TRACK_2040,106584,Hohenzollernplatz,106583,106586,Hohenzollernplatz,106583,180,0.10,162,18,false,Existing positive directed cross-stop relation wholly inside the approved hub complex.
FT_MH_HOHENZOLLERNPLATZ,9,small,401,Hohenzollernplatz,Hohenzollernplatz,FAST_TRACK_2040,106587,Hohenzollernplatz,106583,106585,Hohenzollernplatz,106583,180,0.10,162,18,false,Existing positive directed cross-stop relation wholly inside the approved hub complex.
FT_MH_HOHENZOLLERNPLATZ,9,small,401,Hohenzollernplatz,Hohenzollernplatz,FAST_TRACK_2040,106587,Hohenzollernplatz,106583,106584,Hohenzollernplatz,106583,180,0.10,162,18,false,Existing positive directed cross-stop relation wholly inside the approved hub complex.
FT_MH_HOHENZOLLERNPLATZ,9,small,401,Hohenzollernplatz,Hohenzollernplatz,FAST_TRACK_2040,106587,Hohenzollernplatz,106583,106586,Hohenzollernplatz,106583,180,0.10,162,18,false,Existing positive directed cross-stop relation wholly inside the approved hub complex.
FT_MH_HOHENZOLLERNPLATZ,9,small,401,Hohenzollernplatz,Hohenzollernplatz,FAST_TRACK_2040,106586,Hohenzollernplatz,106583,106585,Hohenzollernplatz,106583,180,0.10,162,18,false,Existing positive directed cross-stop relation wholly inside the approved hub complex.
FT_MH_HOHENZOLLERNPLATZ,9,small,401,Hohenzollernplatz,Hohenzollernplatz,FAST_TRACK_2040,106586,Hohenzollernplatz,106583,106584,Hohenzollernplatz,106583,180,0.10,162,18,false,Existing positive directed cross-stop relation wholly inside the approved hub complex.
FT_MH_HOHENZOLLERNPLATZ,9,small,401,Hohenzollernplatz,Hohenzollernplatz,FAST_TRACK_2040,106586,Hohenzollernplatz,106583,106587,Hohenzollernplatz,106583,180,0.10,162,18,false,Existing positive directed cross-stop relation wholly inside the approved hub complex.
FT_MH_GRILLPARZERSTRASSE,10,small,510,Grillparzerstraße,Grillparzerstraße,FAST_TRACK_2040,106189,Grillparzerstraße,106184,106188,Grillparzerstraße,106184,180,0.10,162,18,false,Existing positive directed cross-stop relation wholly inside the approved hub complex.
FT_MH_GRILLPARZERSTRASSE,10,small,510,Grillparzerstraße,Grillparzerstraße,FAST_TRACK_2040,106189,Grillparzerstraße,106184,106187,Grillparzerstraße,106184,180,0.10,162,18,false,Existing positive directed cross-stop relation wholly inside the approved hub complex.
FT_MH_GRILLPARZERSTRASSE,10,small,510,Grillparzerstraße,Grillparzerstraße,FAST_TRACK_2040,106189,Grillparzerstraße,106184,106186,Grillparzerstraße,106184,180,0.10,162,18,false,Existing positive directed cross-stop relation wholly inside the approved hub complex.
FT_MH_GRILLPARZERSTRASSE,10,small,510,Grillparzerstraße,Grillparzerstraße,FAST_TRACK_2040,106189,Grillparzerstraße,106184,106190,Grillparzerstraße,106184,180,0.10,162,18,false,Existing positive directed cross-stop relation wholly inside the approved hub complex.
FT_MH_GRILLPARZERSTRASSE,10,small,510,Grillparzerstraße,Grillparzerstraße,FAST_TRACK_2040,106189,Grillparzerstraße,106184,106185,Grillparzerstraße,106184,180,0.10,162,18,false,Existing positive directed cross-stop relation wholly inside the approved hub complex.
FT_MH_GRILLPARZERSTRASSE,10,small,510,Grillparzerstraße,Grillparzerstraße,FAST_TRACK_2040,106188,Grillparzerstraße,106184,106189,Grillparzerstraße,106184,180,0.10,162,18,false,Existing positive directed cross-stop relation wholly inside the approved hub complex.
FT_MH_GRILLPARZERSTRASSE,10,small,510,Grillparzerstraße,Grillparzerstraße,FAST_TRACK_2040,106188,Grillparzerstraße,106184,106187,Grillparzerstraße,106184,180,0.10,162,18,false,Existing positive directed cross-stop relation wholly inside the approved hub complex.
FT_MH_GRILLPARZERSTRASSE,10,small,510,Grillparzerstraße,Grillparzerstraße,FAST_TRACK_2040,106188,Grillparzerstraße,106184,106186,Grillparzerstraße,106184,180,0.10,162,18,false,Existing positive directed cross-stop relation wholly inside the approved hub complex.
FT_MH_GRILLPARZERSTRASSE,10,small,510,Grillparzerstraße,Grillparzerstraße,FAST_TRACK_2040,106188,Grillparzerstraße,106184,106190,Grillparzerstraße,106184,180,0.10,162,18,false,Existing positive directed cross-stop relation wholly inside the approved hub complex.
FT_MH_GRILLPARZERSTRASSE,10,small,510,Grillparzerstraße,Grillparzerstraße,FAST_TRACK_2040,106188,Grillparzerstraße,106184,106185,Grillparzerstraße,106184,180,0.10,162,18,false,Existing positive directed cross-stop relation wholly inside the approved hub complex.
FT_MH_GRILLPARZERSTRASSE,10,small,510,Grillparzerstraße,Grillparzerstraße,FAST_TRACK_2040,106187,Grillparzerstraße,106184,106189,Grillparzerstraße,106184,180,0.10,162,18,false,Existing positive directed cross-stop relation wholly inside the approved hub complex.
FT_MH_GRILLPARZERSTRASSE,10,small,510,Grillparzerstraße,Grillparzerstraße,FAST_TRACK_2040,106187,Grillparzerstraße,106184,106188,Grillparzerstraße,106184,180,0.10,162,18,false,Existing positive directed cross-stop relation wholly inside the approved hub complex.
FT_MH_GRILLPARZERSTRASSE,10,small,510,Grillparzerstraße,Grillparzerstraße,FAST_TRACK_2040,106187,Grillparzerstraße,106184,106186,Grillparzerstraße,106184,180,0.10,162,18,false,Existing positive directed cross-stop relation wholly inside the approved hub complex.
FT_MH_GRILLPARZERSTRASSE,10,small,510,Grillparzerstraße,Grillparzerstraße,FAST_TRACK_2040,106187,Grillparzerstraße,106184,106190,Grillparzerstraße,106184,180,0.10,162,18,false,Existing positive directed cross-stop relation wholly inside the approved hub complex.
FT_MH_GRILLPARZERSTRASSE,10,small,510,Grillparzerstraße,Grillparzerstraße,FAST_TRACK_2040,106187,Grillparzerstraße,106184,106185,Grillparzerstraße,106184,180,0.10,162,18,false,Existing positive directed cross-stop relation wholly inside the approved hub complex.
FT_MH_GRILLPARZERSTRASSE,10,small,510,Grillparzerstraße,Grillparzerstraße,FAST_TRACK_2040,106186,Grillparzerstraße,106184,106189,Grillparzerstraße,106184,180,0.10,162,18,false,Existing positive directed cross-stop relation wholly inside the approved hub complex.
FT_MH_GRILLPARZERSTRASSE,10,small,510,Grillparzerstraße,Grillparzerstraße,FAST_TRACK_2040,106186,Grillparzerstraße,106184,106188,Grillparzerstraße,106184,180,0.10,162,18,false,Existing positive directed cross-stop relation wholly inside the approved hub complex.
FT_MH_GRILLPARZERSTRASSE,10,small,510,Grillparzerstraße,Grillparzerstraße,FAST_TRACK_2040,106186,Grillparzerstraße,106184,106187,Grillparzerstraße,106184,180,0.10,162,18,false,Existing positive directed cross-stop relation wholly inside the approved hub complex.
FT_MH_GRILLPARZERSTRASSE,10,small,510,Grillparzerstraße,Grillparzerstraße,FAST_TRACK_2040,106186,Grillparzerstraße,106184,106190,Grillparzerstraße,106184,180,0.10,162,18,false,Existing positive directed cross-stop relation wholly inside the approved hub complex.
FT_MH_GRILLPARZERSTRASSE,10,small,510,Grillparzerstraße,Grillparzerstraße,FAST_TRACK_2040,106186,Grillparzerstraße,106184,106185,Grillparzerstraße,106184,180,0.10,162,18,false,Existing positive directed cross-stop relation wholly inside the approved hub complex.
FT_MH_GRILLPARZERSTRASSE,10,small,510,Grillparzerstraße,Grillparzerstraße,FAST_TRACK_2040,106185,Grillparzerstraße,106184,106189,Grillparzerstraße,106184,180,0.10,162,18,false,Existing positive directed cross-stop relation wholly inside the approved hub complex.
FT_MH_GRILLPARZERSTRASSE,10,small,510,Grillparzerstraße,Grillparzerstraße,FAST_TRACK_2040,106185,Grillparzerstraße,106184,106188,Grillparzerstraße,106184,180,0.10,162,18,false,Existing positive directed cross-stop relation wholly inside the approved hub complex.
FT_MH_GRILLPARZERSTRASSE,10,small,510,Grillparzerstraße,Grillparzerstraße,FAST_TRACK_2040,106185,Grillparzerstraße,106184,106187,Grillparzerstraße,106184,180,0.10,162,18,false,Existing positive directed cross-stop relation wholly inside the approved hub complex.
FT_MH_GRILLPARZERSTRASSE,10,small,510,Grillparzerstraße,Grillparzerstraße,FAST_TRACK_2040,106185,Grillparzerstraße,106184,106186,Grillparzerstraße,106184,180,0.10,162,18,false,Existing positive directed cross-stop relation wholly inside the approved hub complex.
FT_MH_GRILLPARZERSTRASSE,10,small,510,Grillparzerstraße,Grillparzerstraße,FAST_TRACK_2040,106185,Grillparzerstraße,106184,106190,Grillparzerstraße,106184,180,0.10,162,18,false,Existing positive directed cross-stop relation wholly inside the approved hub complex.
FT_MH_GRILLPARZERSTRASSE,10,small,510,Grillparzerstraße,Grillparzerstraße,FAST_TRACK_2040,106190,Grillparzerstraße,106184,106189,Grillparzerstraße,106184,180,0.10,162,18,false,Existing positive directed cross-stop relation wholly inside the approved hub complex.
FT_MH_GRILLPARZERSTRASSE,10,small,510,Grillparzerstraße,Grillparzerstraße,FAST_TRACK_2040,106190,Grillparzerstraße,106184,106188,Grillparzerstraße,106184,180,0.10,162,18,false,Existing positive directed cross-stop relation wholly inside the approved hub complex.
FT_MH_GRILLPARZERSTRASSE,10,small,510,Grillparzerstraße,Grillparzerstraße,FAST_TRACK_2040,106190,Grillparzerstraße,106184,106187,Grillparzerstraße,106184,180,0.10,162,18,false,Existing positive directed cross-stop relation wholly inside the approved hub complex.
FT_MH_GRILLPARZERSTRASSE,10,small,510,Grillparzerstraße,Grillparzerstraße,FAST_TRACK_2040,106190,Grillparzerstraße,106184,106186,Grillparzerstraße,106184,180,0.10,162,18,false,Existing positive directed cross-stop relation wholly inside the approved hub complex.
FT_MH_GRILLPARZERSTRASSE,10,small,510,Grillparzerstraße,Grillparzerstraße,FAST_TRACK_2040,106190,Grillparzerstraße,106184,106185,Grillparzerstraße,106184,180,0.10,162,18,false,Existing positive directed cross-stop relation wholly inside the approved hub complex.
FT_MH_ROTKREUZPLATZ,11,small,27,Rotkreuzplatz,Rotkreuzplatz,FAST_TRACK_2040,106662,Rotkreuzplatz,106659,106661,Rotkreuzplatz,106659,180,0.10,162,18,false,Existing positive directed cross-stop relation wholly inside the approved hub complex.
FT_MH_ROTKREUZPLATZ,11,small,27,Rotkreuzplatz,Rotkreuzplatz,FAST_TRACK_2040,106662,Rotkreuzplatz,106659,106660,Rotkreuzplatz,106659,180,0.10,162,18,false,Existing positive directed cross-stop relation wholly inside the approved hub complex.
FT_MH_ROTKREUZPLATZ,11,small,27,Rotkreuzplatz,Rotkreuzplatz,FAST_TRACK_2040,106662,Rotkreuzplatz,106659,106666,Rotkreuzplatz,106659,180,0.10,162,18,false,Existing positive directed cross-stop relation wholly inside the approved hub complex.
FT_MH_ROTKREUZPLATZ,11,small,27,Rotkreuzplatz,Rotkreuzplatz,FAST_TRACK_2040,106662,Rotkreuzplatz,106659,106665,Rotkreuzplatz,106659,180,0.10,162,18,false,Existing positive directed cross-stop relation wholly inside the approved hub complex.
FT_MH_ROTKREUZPLATZ,11,small,27,Rotkreuzplatz,Rotkreuzplatz,FAST_TRACK_2040,106662,Rotkreuzplatz,106659,106664,Rotkreuzplatz,106659,180,0.10,162,18,false,Existing positive directed cross-stop relation wholly inside the approved hub complex.
FT_MH_ROTKREUZPLATZ,11,small,27,Rotkreuzplatz,Rotkreuzplatz,FAST_TRACK_2040,106662,Rotkreuzplatz,106659,106663,Rotkreuzplatz,106659,180,0.10,162,18,false,Existing positive directed cross-stop relation wholly inside the approved hub complex.
FT_MH_ROTKREUZPLATZ,11,small,27,Rotkreuzplatz,Rotkreuzplatz,FAST_TRACK_2040,106662,Rotkreuzplatz,106659,106667,Rotkreuzplatz,106659,180,0.10,162,18,false,Existing positive directed cross-stop relation wholly inside the approved hub complex.
FT_MH_ROTKREUZPLATZ,11,small,27,Rotkreuzplatz,Rotkreuzplatz,FAST_TRACK_2040,106661,Rotkreuzplatz,106659,106662,Rotkreuzplatz,106659,180,0.10,162,18,false,Existing positive directed cross-stop relation wholly inside the approved hub complex.
FT_MH_ROTKREUZPLATZ,11,small,27,Rotkreuzplatz,Rotkreuzplatz,FAST_TRACK_2040,106661,Rotkreuzplatz,106659,106660,Rotkreuzplatz,106659,180,0.10,162,18,false,Existing positive directed cross-stop relation wholly inside the approved hub complex.
FT_MH_ROTKREUZPLATZ,11,small,27,Rotkreuzplatz,Rotkreuzplatz,FAST_TRACK_2040,106661,Rotkreuzplatz,106659,106666,Rotkreuzplatz,106659,180,0.10,162,18,false,Existing positive directed cross-stop relation wholly inside the approved hub complex.
FT_MH_ROTKREUZPLATZ,11,small,27,Rotkreuzplatz,Rotkreuzplatz,FAST_TRACK_2040,106661,Rotkreuzplatz,106659,106665,Rotkreuzplatz,106659,180,0.10,162,18,false,Existing positive directed cross-stop relation wholly inside the approved hub complex.
FT_MH_ROTKREUZPLATZ,11,small,27,Rotkreuzplatz,Rotkreuzplatz,FAST_TRACK_2040,106661,Rotkreuzplatz,106659,106664,Rotkreuzplatz,106659,180,0.10,162,18,false,Existing positive directed cross-stop relation wholly inside the approved hub complex.
FT_MH_ROTKREUZPLATZ,11,small,27,Rotkreuzplatz,Rotkreuzplatz,FAST_TRACK_2040,106661,Rotkreuzplatz,106659,106663,Rotkreuzplatz,106659,180,0.10,162,18,false,Existing positive directed cross-stop relation wholly inside the approved hub complex.
FT_MH_ROTKREUZPLATZ,11,small,27,Rotkreuzplatz,Rotkreuzplatz,FAST_TRACK_2040,106661,Rotkreuzplatz,106659,106667,Rotkreuzplatz,106659,180,0.10,162,18,false,Existing positive directed cross-stop relation wholly inside the approved hub complex.
FT_MH_ROTKREUZPLATZ,11,small,27,Rotkreuzplatz,Rotkreuzplatz,FAST_TRACK_2040,106660,Rotkreuzplatz,106659,106662,Rotkreuzplatz,106659,180,0.10,162,18,false,Existing positive directed cross-stop relation wholly inside the approved hub complex.
FT_MH_ROTKREUZPLATZ,11,small,27,Rotkreuzplatz,Rotkreuzplatz,FAST_TRACK_2040,106660,Rotkreuzplatz,106659,106661,Rotkreuzplatz,106659,180,0.10,162,18,false,Existing positive directed cross-stop relation wholly inside the approved hub complex.
FT_MH_ROTKREUZPLATZ,11,small,27,Rotkreuzplatz,Rotkreuzplatz,FAST_TRACK_2040,106660,Rotkreuzplatz,106659,106666,Rotkreuzplatz,106659,180,0.10,162,18,false,Existing positive directed cross-stop relation wholly inside the approved hub complex.
FT_MH_ROTKREUZPLATZ,11,small,27,Rotkreuzplatz,Rotkreuzplatz,FAST_TRACK_2040,106660,Rotkreuzplatz,106659,106665,Rotkreuzplatz,106659,180,0.10,162,18,false,Existing positive directed cross-stop relation wholly inside the approved hub complex.
FT_MH_ROTKREUZPLATZ,11,small,27,Rotkreuzplatz,Rotkreuzplatz,FAST_TRACK_2040,106660,Rotkreuzplatz,106659,106664,Rotkreuzplatz,106659,180,0.10,162,18,false,Existing positive directed cross-stop relation wholly inside the approved hub complex.
FT_MH_ROTKREUZPLATZ,11,small,27,Rotkreuzplatz,Rotkreuzplatz,FAST_TRACK_2040,106660,Rotkreuzplatz,106659,106663,Rotkreuzplatz,106659,180,0.10,162,18,false,Existing positive directed cross-stop relation wholly inside the approved hub complex.
FT_MH_ROTKREUZPLATZ,11,small,27,Rotkreuzplatz,Rotkreuzplatz,FAST_TRACK_2040,106660,Rotkreuzplatz,106659,106667,Rotkreuzplatz,106659,180,0.10,162,18,false,Existing positive directed cross-stop relation wholly inside the approved hub complex.
FT_MH_ROTKREUZPLATZ,11,small,27,Rotkreuzplatz,Rotkreuzplatz,FAST_TRACK_2040,106666,Rotkreuzplatz,106659,106662,Rotkreuzplatz,106659,180,0.10,162,18,false,Existing positive directed cross-stop relation wholly inside the approved hub complex.
FT_MH_ROTKREUZPLATZ,11,small,27,Rotkreuzplatz,Rotkreuzplatz,FAST_TRACK_2040,106666,Rotkreuzplatz,106659,106661,Rotkreuzplatz,106659,180,0.10,162,18,false,Existing positive directed cross-stop relation wholly inside the approved hub complex.
FT_MH_ROTKREUZPLATZ,11,small,27,Rotkreuzplatz,Rotkreuzplatz,FAST_TRACK_2040,106666,Rotkreuzplatz,106659,106660,Rotkreuzplatz,106659,180,0.10,162,18,false,Existing positive directed cross-stop relation wholly inside the approved hub complex.
FT_MH_ROTKREUZPLATZ,11,small,27,Rotkreuzplatz,Rotkreuzplatz,FAST_TRACK_2040,106666,Rotkreuzplatz,106659,106665,Rotkreuzplatz,106659,180,0.10,162,18,false,Existing positive directed cross-stop relation wholly inside the approved hub complex.
FT_MH_ROTKREUZPLATZ,11,small,27,Rotkreuzplatz,Rotkreuzplatz,FAST_TRACK_2040,106666,Rotkreuzplatz,106659,106664,Rotkreuzplatz,106659,180,0.10,162,18,false,Existing positive directed cross-stop relation wholly inside the approved hub complex.
FT_MH_ROTKREUZPLATZ,11,small,27,Rotkreuzplatz,Rotkreuzplatz,FAST_TRACK_2040,106666,Rotkreuzplatz,106659,106663,Rotkreuzplatz,106659,180,0.10,162,18,false,Existing positive directed cross-stop relation wholly inside the approved hub complex.
FT_MH_ROTKREUZPLATZ,11,small,27,Rotkreuzplatz,Rotkreuzplatz,FAST_TRACK_2040,106666,Rotkreuzplatz,106659,106667,Rotkreuzplatz,106659,180,0.10,162,18,false,Existing positive directed cross-stop relation wholly inside the approved hub complex.
FT_MH_ROTKREUZPLATZ,11,small,27,Rotkreuzplatz,Rotkreuzplatz,FAST_TRACK_2040,106665,Rotkreuzplatz,106659,106662,Rotkreuzplatz,106659,180,0.10,162,18,false,Existing positive directed cross-stop relation wholly inside the approved hub complex.
FT_MH_ROTKREUZPLATZ,11,small,27,Rotkreuzplatz,Rotkreuzplatz,FAST_TRACK_2040,106665,Rotkreuzplatz,106659,106661,Rotkreuzplatz,106659,180,0.10,162,18,false,Existing positive directed cross-stop relation wholly inside the approved hub complex.
FT_MH_ROTKREUZPLATZ,11,small,27,Rotkreuzplatz,Rotkreuzplatz,FAST_TRACK_2040,106665,Rotkreuzplatz,106659,106660,Rotkreuzplatz,106659,180,0.10,162,18,false,Existing positive directed cross-stop relation wholly inside the approved hub complex.
FT_MH_ROTKREUZPLATZ,11,small,27,Rotkreuzplatz,Rotkreuzplatz,FAST_TRACK_2040,106665,Rotkreuzplatz,106659,106666,Rotkreuzplatz,106659,180,0.10,162,18,false,Existing positive directed cross-stop relation wholly inside the approved hub complex.
FT_MH_ROTKREUZPLATZ,11,small,27,Rotkreuzplatz,Rotkreuzplatz,FAST_TRACK_2040,106665,Rotkreuzplatz,106659,106664,Rotkreuzplatz,106659,180,0.10,162,18,false,Existing positive directed cross-stop relation wholly inside the approved hub complex.
FT_MH_ROTKREUZPLATZ,11,small,27,Rotkreuzplatz,Rotkreuzplatz,FAST_TRACK_2040,106665,Rotkreuzplatz,106659,106663,Rotkreuzplatz,106659,180,0.10,162,18,false,Existing positive directed cross-stop relation wholly inside the approved hub complex.
FT_MH_ROTKREUZPLATZ,11,small,27,Rotkreuzplatz,Rotkreuzplatz,FAST_TRACK_2040,106665,Rotkreuzplatz,106659,106667,Rotkreuzplatz,106659,180,0.10,162,18,false,Existing positive directed cross-stop relation wholly inside the approved hub complex.
FT_MH_ROTKREUZPLATZ,11,small,27,Rotkreuzplatz,Rotkreuzplatz,FAST_TRACK_2040,106664,Rotkreuzplatz,106659,106662,Rotkreuzplatz,106659,180,0.10,162,18,false,Existing positive directed cross-stop relation wholly inside the approved hub complex.
FT_MH_ROTKREUZPLATZ,11,small,27,Rotkreuzplatz,Rotkreuzplatz,FAST_TRACK_2040,106664,Rotkreuzplatz,106659,106661,Rotkreuzplatz,106659,180,0.10,162,18,false,Existing positive directed cross-stop relation wholly inside the approved hub complex.
FT_MH_ROTKREUZPLATZ,11,small,27,Rotkreuzplatz,Rotkreuzplatz,FAST_TRACK_2040,106664,Rotkreuzplatz,106659,106660,Rotkreuzplatz,106659,180,0.10,162,18,false,Existing positive directed cross-stop relation wholly inside the approved hub complex.
FT_MH_ROTKREUZPLATZ,11,small,27,Rotkreuzplatz,Rotkreuzplatz,FAST_TRACK_2040,106664,Rotkreuzplatz,106659,106666,Rotkreuzplatz,106659,180,0.10,162,18,false,Existing positive directed cross-stop relation wholly inside the approved hub complex.
FT_MH_ROTKREUZPLATZ,11,small,27,Rotkreuzplatz,Rotkreuzplatz,FAST_TRACK_2040,106664,Rotkreuzplatz,106659,106665,Rotkreuzplatz,106659,180,0.10,162,18,false,Existing positive directed cross-stop relation wholly inside the approved hub complex.
FT_MH_ROTKREUZPLATZ,11,small,27,Rotkreuzplatz,Rotkreuzplatz,FAST_TRACK_2040,106664,Rotkreuzplatz,106659,106663,Rotkreuzplatz,106659,180,0.10,162,18,false,Existing positive directed cross-stop relation wholly inside the approved hub complex.
FT_MH_ROTKREUZPLATZ,11,small,27,Rotkreuzplatz,Rotkreuzplatz,FAST_TRACK_2040,106664,Rotkreuzplatz,106659,106667,Rotkreuzplatz,106659,180,0.10,162,18,false,Existing positive directed cross-stop relation wholly inside the approved hub complex.
FT_MH_ROTKREUZPLATZ,11,small,27,Rotkreuzplatz,Rotkreuzplatz,FAST_TRACK_2040,106663,Rotkreuzplatz,106659,106662,Rotkreuzplatz,106659,180,0.10,162,18,false,Existing positive directed cross-stop relation wholly inside the approved hub complex.
FT_MH_ROTKREUZPLATZ,11,small,27,Rotkreuzplatz,Rotkreuzplatz,FAST_TRACK_2040,106663,Rotkreuzplatz,106659,106661,Rotkreuzplatz,106659,180,0.10,162,18,false,Existing positive directed cross-stop relation wholly inside the approved hub complex.
FT_MH_ROTKREUZPLATZ,11,small,27,Rotkreuzplatz,Rotkreuzplatz,FAST_TRACK_2040,106663,Rotkreuzplatz,106659,106660,Rotkreuzplatz,106659,180,0.10,162,18,false,Existing positive directed cross-stop relation wholly inside the approved hub complex.
FT_MH_ROTKREUZPLATZ,11,small,27,Rotkreuzplatz,Rotkreuzplatz,FAST_TRACK_2040,106663,Rotkreuzplatz,106659,106666,Rotkreuzplatz,106659,180,0.10,162,18,false,Existing positive directed cross-stop relation wholly inside the approved hub complex.
FT_MH_ROTKREUZPLATZ,11,small,27,Rotkreuzplatz,Rotkreuzplatz,FAST_TRACK_2040,106663,Rotkreuzplatz,106659,106665,Rotkreuzplatz,106659,180,0.10,162,18,false,Existing positive directed cross-stop relation wholly inside the approved hub complex.
FT_MH_ROTKREUZPLATZ,11,small,27,Rotkreuzplatz,Rotkreuzplatz,FAST_TRACK_2040,106663,Rotkreuzplatz,106659,106664,Rotkreuzplatz,106659,180,0.10,162,18,false,Existing positive directed cross-stop relation wholly inside the approved hub complex.
FT_MH_ROTKREUZPLATZ,11,small,27,Rotkreuzplatz,Rotkreuzplatz,FAST_TRACK_2040,106663,Rotkreuzplatz,106659,106667,Rotkreuzplatz,106659,180,0.10,162,18,false,Existing positive directed cross-stop relation wholly inside the approved hub complex.
FT_MH_ROTKREUZPLATZ,11,small,27,Rotkreuzplatz,Rotkreuzplatz,FAST_TRACK_2040,106667,Rotkreuzplatz,106659,106662,Rotkreuzplatz,106659,180,0.10,162,18,false,Existing positive directed cross-stop relation wholly inside the approved hub complex.
FT_MH_ROTKREUZPLATZ,11,small,27,Rotkreuzplatz,Rotkreuzplatz,FAST_TRACK_2040,106667,Rotkreuzplatz,106659,106661,Rotkreuzplatz,106659,180,0.10,162,18,false,Existing positive directed cross-stop relation wholly inside the approved hub complex.
FT_MH_ROTKREUZPLATZ,11,small,27,Rotkreuzplatz,Rotkreuzplatz,FAST_TRACK_2040,106667,Rotkreuzplatz,106659,106660,Rotkreuzplatz,106659,180,0.10,162,18,false,Existing positive directed cross-stop relation wholly inside the approved hub complex.
FT_MH_ROTKREUZPLATZ,11,small,27,Rotkreuzplatz,Rotkreuzplatz,FAST_TRACK_2040,106667,Rotkreuzplatz,106659,106666,Rotkreuzplatz,106659,180,0.10,162,18,false,Existing positive directed cross-stop relation wholly inside the approved hub complex.
FT_MH_ROTKREUZPLATZ,11,small,27,Rotkreuzplatz,Rotkreuzplatz,FAST_TRACK_2040,106667,Rotkreuzplatz,106659,106665,Rotkreuzplatz,106659,180,0.10,162,18,false,Existing positive directed cross-stop relation wholly inside the approved hub complex.
FT_MH_ROTKREUZPLATZ,11,small,27,Rotkreuzplatz,Rotkreuzplatz,FAST_TRACK_2040,106667,Rotkreuzplatz,106659,106664,Rotkreuzplatz,106659,180,0.10,162,18,false,Existing positive directed cross-stop relation wholly inside the approved hub complex.
FT_MH_ROTKREUZPLATZ,11,small,27,Rotkreuzplatz,Rotkreuzplatz,FAST_TRACK_2040,106667,Rotkreuzplatz,106659,106663,Rotkreuzplatz,106659,180,0.10,162,18,false,Existing positive directed cross-stop relation wholly inside the approved hub complex.
FT_MH_ODEONSPLATZ,12,small,1,Galeriestraße,Odeonsplatz,FAST_TRACK_2040,106321,Odeonsplatz,106319,106320,Odeonsplatz,106319,180,0.10,162,18,false,Existing positive directed cross-stop relation wholly inside the approved hub complex.
FT_MH_ODEONSPLATZ,12,small,1,Galeriestraße,Odeonsplatz,FAST_TRACK_2040,106321,Odeonsplatz,106319,106325,Odeonsplatz,106319,180,0.10,162,18,false,Existing positive directed cross-stop relation wholly inside the approved hub complex.
FT_MH_ODEONSPLATZ,12,small,1,Galeriestraße,Odeonsplatz,FAST_TRACK_2040,106321,Odeonsplatz,106319,106324,Odeonsplatz,106319,180,0.10,162,18,false,Existing positive directed cross-stop relation wholly inside the approved hub complex.
FT_MH_ODEONSPLATZ,12,small,1,Galeriestraße,Odeonsplatz,FAST_TRACK_2040,106321,Odeonsplatz,106319,106323,Odeonsplatz,106319,180,0.10,162,18,false,Existing positive directed cross-stop relation wholly inside the approved hub complex.
FT_MH_ODEONSPLATZ,12,small,1,Galeriestraße,Odeonsplatz,FAST_TRACK_2040,106321,Odeonsplatz,106319,106322,Odeonsplatz,106319,180,0.10,162,18,false,Existing positive directed cross-stop relation wholly inside the approved hub complex.
FT_MH_ODEONSPLATZ,12,small,1,Galeriestraße,Odeonsplatz,FAST_TRACK_2040,106320,Odeonsplatz,106319,106321,Odeonsplatz,106319,180,0.10,162,18,false,Existing positive directed cross-stop relation wholly inside the approved hub complex.
FT_MH_ODEONSPLATZ,12,small,1,Galeriestraße,Odeonsplatz,FAST_TRACK_2040,106320,Odeonsplatz,106319,106325,Odeonsplatz,106319,180,0.10,162,18,false,Existing positive directed cross-stop relation wholly inside the approved hub complex.
FT_MH_ODEONSPLATZ,12,small,1,Galeriestraße,Odeonsplatz,FAST_TRACK_2040,106320,Odeonsplatz,106319,106324,Odeonsplatz,106319,180,0.10,162,18,false,Existing positive directed cross-stop relation wholly inside the approved hub complex.
FT_MH_ODEONSPLATZ,12,small,1,Galeriestraße,Odeonsplatz,FAST_TRACK_2040,106320,Odeonsplatz,106319,106323,Odeonsplatz,106319,180,0.10,162,18,false,Existing positive directed cross-stop relation wholly inside the approved hub complex.
FT_MH_ODEONSPLATZ,12,small,1,Galeriestraße,Odeonsplatz,FAST_TRACK_2040,106320,Odeonsplatz,106319,106322,Odeonsplatz,106319,180,0.10,162,18,false,Existing positive directed cross-stop relation wholly inside the approved hub complex.
FT_MH_ODEONSPLATZ,12,small,1,Galeriestraße,Odeonsplatz,FAST_TRACK_2040,106325,Odeonsplatz,106319,106321,Odeonsplatz,106319,180,0.10,162,18,false,Existing positive directed cross-stop relation wholly inside the approved hub complex.
FT_MH_ODEONSPLATZ,12,small,1,Galeriestraße,Odeonsplatz,FAST_TRACK_2040,106325,Odeonsplatz,106319,106320,Odeonsplatz,106319,180,0.10,162,18,false,Existing positive directed cross-stop relation wholly inside the approved hub complex.
FT_MH_ODEONSPLATZ,12,small,1,Galeriestraße,Odeonsplatz,FAST_TRACK_2040,106325,Odeonsplatz,106319,106324,Odeonsplatz,106319,180,0.10,162,18,false,Existing positive directed cross-stop relation wholly inside the approved hub complex.
FT_MH_ODEONSPLATZ,12,small,1,Galeriestraße,Odeonsplatz,FAST_TRACK_2040,106325,Odeonsplatz,106319,106323,Odeonsplatz,106319,180,0.10,162,18,false,Existing positive directed cross-stop relation wholly inside the approved hub complex.
FT_MH_ODEONSPLATZ,12,small,1,Galeriestraße,Odeonsplatz,FAST_TRACK_2040,106325,Odeonsplatz,106319,106322,Odeonsplatz,106319,180,0.10,162,18,false,Existing positive directed cross-stop relation wholly inside the approved hub complex.
FT_MH_ODEONSPLATZ,12,small,1,Galeriestraße,Odeonsplatz,FAST_TRACK_2040,106324,Odeonsplatz,106319,106321,Odeonsplatz,106319,180,0.10,162,18,false,Existing positive directed cross-stop relation wholly inside the approved hub complex.
FT_MH_ODEONSPLATZ,12,small,1,Galeriestraße,Odeonsplatz,FAST_TRACK_2040,106324,Odeonsplatz,106319,106320,Odeonsplatz,106319,180,0.10,162,18,false,Existing positive directed cross-stop relation wholly inside the approved hub complex.
FT_MH_ODEONSPLATZ,12,small,1,Galeriestraße,Odeonsplatz,FAST_TRACK_2040,106324,Odeonsplatz,106319,106325,Odeonsplatz,106319,180,0.10,162,18,false,Existing positive directed cross-stop relation wholly inside the approved hub complex.
FT_MH_ODEONSPLATZ,12,small,1,Galeriestraße,Odeonsplatz,FAST_TRACK_2040,106324,Odeonsplatz,106319,106323,Odeonsplatz,106319,180,0.10,162,18,false,Existing positive directed cross-stop relation wholly inside the approved hub complex.
FT_MH_ODEONSPLATZ,12,small,1,Galeriestraße,Odeonsplatz,FAST_TRACK_2040,106324,Odeonsplatz,106319,106322,Odeonsplatz,106319,180,0.10,162,18,false,Existing positive directed cross-stop relation wholly inside the approved hub complex.
FT_MH_ODEONSPLATZ,12,small,1,Galeriestraße,Odeonsplatz,FAST_TRACK_2040,106323,Odeonsplatz,106319,106321,Odeonsplatz,106319,180,0.10,162,18,false,Existing positive directed cross-stop relation wholly inside the approved hub complex.
FT_MH_ODEONSPLATZ,12,small,1,Galeriestraße,Odeonsplatz,FAST_TRACK_2040,106323,Odeonsplatz,106319,106320,Odeonsplatz,106319,180,0.10,162,18,false,Existing positive directed cross-stop relation wholly inside the approved hub complex.
FT_MH_ODEONSPLATZ,12,small,1,Galeriestraße,Odeonsplatz,FAST_TRACK_2040,106323,Odeonsplatz,106319,106325,Odeonsplatz,106319,180,0.10,162,18,false,Existing positive directed cross-stop relation wholly inside the approved hub complex.
FT_MH_ODEONSPLATZ,12,small,1,Galeriestraße,Odeonsplatz,FAST_TRACK_2040,106323,Odeonsplatz,106319,106324,Odeonsplatz,106319,180,0.10,162,18,false,Existing positive directed cross-stop relation wholly inside the approved hub complex.
FT_MH_ODEONSPLATZ,12,small,1,Galeriestraße,Odeonsplatz,FAST_TRACK_2040,106323,Odeonsplatz,106319,106322,Odeonsplatz,106319,180,0.10,162,18,false,Existing positive directed cross-stop relation wholly inside the approved hub complex.
FT_MH_ODEONSPLATZ,12,small,1,Galeriestraße,Odeonsplatz,FAST_TRACK_2040,106322,Odeonsplatz,106319,106321,Odeonsplatz,106319,180,0.10,162,18,false,Existing positive directed cross-stop relation wholly inside the approved hub complex.
FT_MH_ODEONSPLATZ,12,small,1,Galeriestraße,Odeonsplatz,FAST_TRACK_2040,106322,Odeonsplatz,106319,106320,Odeonsplatz,106319,180,0.10,162,18,false,Existing positive directed cross-stop relation wholly inside the approved hub complex.
FT_MH_ODEONSPLATZ,12,small,1,Galeriestraße,Odeonsplatz,FAST_TRACK_2040,106322,Odeonsplatz,106319,106325,Odeonsplatz,106319,180,0.10,162,18,false,Existing positive directed cross-stop relation wholly inside the approved hub complex.
FT_MH_ODEONSPLATZ,12,small,1,Galeriestraße,Odeonsplatz,FAST_TRACK_2040,106322,Odeonsplatz,106319,106324,Odeonsplatz,106319,180,0.10,162,18,false,Existing positive directed cross-stop relation wholly inside the approved hub complex.
FT_MH_ODEONSPLATZ,12,small,1,Galeriestraße,Odeonsplatz,FAST_TRACK_2040,106322,Odeonsplatz,106319,106323,Odeonsplatz,106319,180,0.10,162,18,false,Existing positive directed cross-stop relation wholly inside the approved hub complex.
