final_rank,size,mp_id,hub_name,from_stop_id,from_stop_name,from_stop_area_id,from_stop_modes,to_stop_id,to_stop_name,to_stop_area_id,to_stop_modes,minimal_transfer_time_s,pair_type,within_confirmed_hub_node,candidate_for_later_change,review_note
1,large,506,Ostbahnhof station complex,106076,Ostbahnhof,106075,bus,106076,Ostbahnhof,106075,bus,180,same-stop,yes,yes,Existing explicit MATSim relation only; no value has been changed.
1,large,506,Ostbahnhof station complex,106076,Ostbahnhof,106075,bus,106077,Ostbahnhof,106075,rail,180,directed cross-stop,yes,yes,Existing explicit MATSim relation only; no value has been changed.
1,large,506,Ostbahnhof station complex,106076,Ostbahnhof,106075,bus,106078,Ostbahnhof,106075,bus,180,directed cross-stop,yes,yes,Existing explicit MATSim relation only; no value has been changed.
1,large,506,Ostbahnhof station complex,106076,Ostbahnhof,106075,bus,106079,Ostbahnhof,106075,bus,180,directed cross-stop,yes,yes,Existing explicit MATSim relation only; no value has been changed.
1,large,506,Ostbahnhof station complex,106076,Ostbahnhof,106075,bus,106080,Ostbahnhof,106075,bus,180,directed cross-stop,yes,yes,Existing explicit MATSim relation only; no value has been changed.
1,large,506,Ostbahnhof station complex,106076,Ostbahnhof,106075,bus,106081,Ostbahnhof,106075,bus,180,directed cross-stop,yes,yes,Existing explicit MATSim relation only; no value has been changed.
1,large,506,Ostbahnhof station complex,106076,Ostbahnhof,106075,bus,106082,Ostbahnhof,106075,tram,180,directed cross-stop,yes,yes,Existing explicit MATSim relation only; no value has been changed.
1,large,506,Ostbahnhof station complex,106076,Ostbahnhof,106075,bus,106083,Ostbahnhof,106075,tram,180,directed cross-stop,yes,yes,Existing explicit MATSim relation only; no value has been changed.
1,large,506,Ostbahnhof station complex,106076,Ostbahnhof,106075,bus,106084,Ostbahnhof,106075,bus,180,directed cross-stop,yes,yes,Existing explicit MATSim relation only; no value has been changed.
1,large,506,Ostbahnhof station complex,106076,Ostbahnhof,106075,bus,106085,Ostbahnhof,106075,subway,180,directed cross-stop,yes,yes,Existing explicit MATSim relation only; no value has been changed.
1,large,506,Ostbahnhof station complex,106076,Ostbahnhof,106075,bus,106086,Ostbahnhof,106075,subway,180,directed cross-stop,yes,yes,Existing explicit MATSim relation only; no value has been changed.
1,large,506,Ostbahnhof station complex,106077,Ostbahnhof,106075,rail,106076,Ostbahnhof,106075,bus,180,directed cross-stop,yes,yes,Existing explicit MATSim relation only; no value has been changed.
1,large,506,Ostbahnhof station complex,106077,Ostbahnhof,106075,rail,106077,Ostbahnhof,106075,rail,180,same-stop,yes,yes,Existing explicit MATSim relation only; no value has been changed.
1,large,506,Ostbahnhof station complex,106077,Ostbahnhof,106075,rail,106078,Ostbahnhof,106075,bus,180,directed cross-stop,yes,yes,Existing explicit MATSim relation only; no value has been changed.
1,large,506,Ostbahnhof station complex,106077,Ostbahnhof,106075,rail,106079,Ostbahnhof,106075,bus,180,directed cross-stop,yes,yes,Existing explicit MATSim relation only; no value has been changed.
1,large,506,Ostbahnhof station complex,106077,Ostbahnhof,106075,rail,106080,Ostbahnhof,106075,bus,180,directed cross-stop,yes,yes,Existing explicit MATSim relation only; no value has been changed.
1,large,506,Ostbahnhof station complex,106077,Ostbahnhof,106075,rail,106081,Ostbahnhof,106075,bus,180,directed cross-stop,yes,yes,Existing explicit MATSim relation only; no value has been changed.
1,large,506,Ostbahnhof station complex,106077,Ostbahnhof,106075,rail,106082,Ostbahnhof,106075,tram,180,directed cross-stop,yes,yes,Existing explicit MATSim relation only; no value has been changed.
1,large,506,Ostbahnhof station complex,106077,Ostbahnhof,106075,rail,106083,Ostbahnhof,106075,tram,180,directed cross-stop,yes,yes,Existing explicit MATSim relation only; no value has been changed.
1,large,506,Ostbahnhof station complex,106077,Ostbahnhof,106075,rail,106084,Ostbahnhof,106075,bus,180,directed cross-stop,yes,yes,Existing explicit MATSim relation only; no value has been changed.
1,large,506,Ostbahnhof station complex,106077,Ostbahnhof,106075,rail,106085,Ostbahnhof,106075,subway,180,directed cross-stop,yes,yes,Existing explicit MATSim relation only; no value has been changed.
1,large,506,Ostbahnhof station complex,106077,Ostbahnhof,106075,rail,106086,Ostbahnhof,106075,subway,180,directed cross-stop,yes,yes,Existing explicit MATSim relation only; no value has been changed.
1,large,506,Ostbahnhof station complex,106078,Ostbahnhof,106075,bus,106076,Ostbahnhof,106075,bus,180,directed cross-stop,yes,yes,Existing explicit MATSim relation only; no value has been changed.
1,large,506,Ostbahnhof station complex,106078,Ostbahnhof,106075,bus,106077,Ostbahnhof,106075,rail,180,directed cross-stop,yes,yes,Existing explicit MATSim relation only; no value has been changed.
1,large,506,Ostbahnhof station complex,106078,Ostbahnhof,106075,bus,106078,Ostbahnhof,106075,bus,180,same-stop,yes,yes,Existing explicit MATSim relation only; no value has been changed.
1,large,506,Ostbahnhof station complex,106078,Ostbahnhof,106075,bus,106079,Ostbahnhof,106075,bus,180,directed cross-stop,yes,yes,Existing explicit MATSim relation only; no value has been changed.
1,large,506,Ostbahnhof station complex,106078,Ostbahnhof,106075,bus,106080,Ostbahnhof,106075,bus,180,directed cross-stop,yes,yes,Existing explicit MATSim relation only; no value has been changed.
1,large,506,Ostbahnhof station complex,106078,Ostbahnhof,106075,bus,106081,Ostbahnhof,106075,bus,180,directed cross-stop,yes,yes,Existing explicit MATSim relation only; no value has been changed.
1,large,506,Ostbahnhof station complex,106078,Ostbahnhof,106075,bus,106082,Ostbahnhof,106075,tram,180,directed cross-stop,yes,yes,Existing explicit MATSim relation only; no value has been changed.
1,large,506,Ostbahnhof station complex,106078,Ostbahnhof,106075,bus,106083,Ostbahnhof,106075,tram,180,directed cross-stop,yes,yes,Existing explicit MATSim relation only; no value has been changed.
1,large,506,Ostbahnhof station complex,106078,Ostbahnhof,106075,bus,106084,Ostbahnhof,106075,bus,180,directed cross-stop,yes,yes,Existing explicit MATSim relation only; no value has been changed.
1,large,506,Ostbahnhof station complex,106078,Ostbahnhof,106075,bus,106085,Ostbahnhof,106075,subway,180,directed cross-stop,yes,yes,Existing explicit MATSim relation only; no value has been changed.
1,large,506,Ostbahnhof station complex,106078,Ostbahnhof,106075,bus,106086,Ostbahnhof,106075,subway,180,directed cross-stop,yes,yes,Existing explicit MATSim relation only; no value has been changed.
1,large,506,Ostbahnhof station complex,106079,Ostbahnhof,106075,bus,106076,Ostbahnhof,106075,bus,180,directed cross-stop,yes,yes,Existing explicit MATSim relation only; no value has been changed.
1,large,506,Ostbahnhof station complex,106079,Ostbahnhof,106075,bus,106077,Ostbahnhof,106075,rail,180,directed cross-stop,yes,yes,Existing explicit MATSim relation only; no value has been changed.
1,large,506,Ostbahnhof station complex,106079,Ostbahnhof,106075,bus,106078,Ostbahnhof,106075,bus,180,directed cross-stop,yes,yes,Existing explicit MATSim relation only; no value has been changed.
1,large,506,Ostbahnhof station complex,106079,Ostbahnhof,106075,bus,106079,Ostbahnhof,106075,bus,180,same-stop,yes,yes,Existing explicit MATSim relation only; no value has been changed.
1,large,506,Ostbahnhof station complex,106079,Ostbahnhof,106075,bus,106080,Ostbahnhof,106075,bus,180,directed cross-stop,yes,yes,Existing explicit MATSim relation only; no value has been changed.
1,large,506,Ostbahnhof station complex,106079,Ostbahnhof,106075,bus,106081,Ostbahnhof,106075,bus,180,directed cross-stop,yes,yes,Existing explicit MATSim relation only; no value has been changed.
1,large,506,Ostbahnhof station complex,106079,Ostbahnhof,106075,bus,106082,Ostbahnhof,106075,tram,180,directed cross-stop,yes,yes,Existing explicit MATSim relation only; no value has been changed.
1,large,506,Ostbahnhof station complex,106079,Ostbahnhof,106075,bus,106083,Ostbahnhof,106075,tram,180,directed cross-stop,yes,yes,Existing explicit MATSim relation only; no value has been changed.
1,large,506,Ostbahnhof station complex,106079,Ostbahnhof,106075,bus,106084,Ostbahnhof,106075,bus,180,directed cross-stop,yes,yes,Existing explicit MATSim relation only; no value has been changed.
1,large,506,Ostbahnhof station complex,106079,Ostbahnhof,106075,bus,106085,Ostbahnhof,106075,subway,180,directed cross-stop,yes,yes,Existing explicit MATSim relation only; no value has been changed.
1,large,506,Ostbahnhof station complex,106079,Ostbahnhof,106075,bus,106086,Ostbahnhof,106075,subway,180,directed cross-stop,yes,yes,Existing explicit MATSim relation only; no value has been changed.
1,large,506,Ostbahnhof station complex,106080,Ostbahnhof,106075,bus,106076,Ostbahnhof,106075,bus,180,directed cross-stop,yes,yes,Existing explicit MATSim relation only; no value has been changed.
1,large,506,Ostbahnhof station complex,106080,Ostbahnhof,106075,bus,106077,Ostbahnhof,106075,rail,180,directed cross-stop,yes,yes,Existing explicit MATSim relation only; no value has been changed.
1,large,506,Ostbahnhof station complex,106080,Ostbahnhof,106075,bus,106078,Ostbahnhof,106075,bus,180,directed cross-stop,yes,yes,Existing explicit MATSim relation only; no value has been changed.
1,large,506,Ostbahnhof station complex,106080,Ostbahnhof,106075,bus,106079,Ostbahnhof,106075,bus,180,directed cross-stop,yes,yes,Existing explicit MATSim relation only; no value has been changed.
1,large,506,Ostbahnhof station complex,106080,Ostbahnhof,106075,bus,106080,Ostbahnhof,106075,bus,180,same-stop,yes,yes,Existing explicit MATSim relation only; no value has been changed.
1,large,506,Ostbahnhof station complex,106080,Ostbahnhof,106075,bus,106081,Ostbahnhof,106075,bus,180,directed cross-stop,yes,yes,Existing explicit MATSim relation only; no value has been changed.
1,large,506,Ostbahnhof station complex,106080,Ostbahnhof,106075,bus,106082,Ostbahnhof,106075,tram,180,directed cross-stop,yes,yes,Existing explicit MATSim relation only; no value has been changed.
1,large,506,Ostbahnhof station complex,106080,Ostbahnhof,106075,bus,106083,Ostbahnhof,106075,tram,180,directed cross-stop,yes,yes,Existing explicit MATSim relation only; no value has been changed.
1,large,506,Ostbahnhof station complex,106080,Ostbahnhof,106075,bus,106084,Ostbahnhof,106075,bus,180,directed cross-stop,yes,yes,Existing explicit MATSim relation only; no value has been changed.
1,large,506,Ostbahnhof station complex,106080,Ostbahnhof,106075,bus,106085,Ostbahnhof,106075,subway,180,directed cross-stop,yes,yes,Existing explicit MATSim relation only; no value has been changed.
1,large,506,Ostbahnhof station complex,106080,Ostbahnhof,106075,bus,106086,Ostbahnhof,106075,subway,180,directed cross-stop,yes,yes,Existing explicit MATSim relation only; no value has been changed.
1,large,506,Ostbahnhof station complex,106081,Ostbahnhof,106075,bus,106076,Ostbahnhof,106075,bus,180,directed cross-stop,yes,yes,Existing explicit MATSim relation only; no value has been changed.
1,large,506,Ostbahnhof station complex,106081,Ostbahnhof,106075,bus,106077,Ostbahnhof,106075,rail,180,directed cross-stop,yes,yes,Existing explicit MATSim relation only; no value has been changed.
1,large,506,Ostbahnhof station complex,106081,Ostbahnhof,106075,bus,106078,Ostbahnhof,106075,bus,180,directed cross-stop,yes,yes,Existing explicit MATSim relation only; no value has been changed.
1,large,506,Ostbahnhof station complex,106081,Ostbahnhof,106075,bus,106079,Ostbahnhof,106075,bus,180,directed cross-stop,yes,yes,Existing explicit MATSim relation only; no value has been changed.
1,large,506,Ostbahnhof station complex,106081,Ostbahnhof,106075,bus,106080,Ostbahnhof,106075,bus,180,directed cross-stop,yes,yes,Existing explicit MATSim relation only; no value has been changed.
1,large,506,Ostbahnhof station complex,106081,Ostbahnhof,106075,bus,106081,Ostbahnhof,106075,bus,180,same-stop,yes,yes,Existing explicit MATSim relation only; no value has been changed.
1,large,506,Ostbahnhof station complex,106081,Ostbahnhof,106075,bus,106082,Ostbahnhof,106075,tram,180,directed cross-stop,yes,yes,Existing explicit MATSim relation only; no value has been changed.
1,large,506,Ostbahnhof station complex,106081,Ostbahnhof,106075,bus,106083,Ostbahnhof,106075,tram,180,directed cross-stop,yes,yes,Existing explicit MATSim relation only; no value has been changed.
1,large,506,Ostbahnhof station complex,106081,Ostbahnhof,106075,bus,106084,Ostbahnhof,106075,bus,180,directed cross-stop,yes,yes,Existing explicit MATSim relation only; no value has been changed.
1,large,506,Ostbahnhof station complex,106081,Ostbahnhof,106075,bus,106085,Ostbahnhof,106075,subway,180,directed cross-stop,yes,yes,Existing explicit MATSim relation only; no value has been changed.
1,large,506,Ostbahnhof station complex,106081,Ostbahnhof,106075,bus,106086,Ostbahnhof,106075,subway,180,directed cross-stop,yes,yes,Existing explicit MATSim relation only; no value has been changed.
1,large,506,Ostbahnhof station complex,106082,Ostbahnhof,106075,tram,106076,Ostbahnhof,106075,bus,180,directed cross-stop,yes,yes,Existing explicit MATSim relation only; no value has been changed.
1,large,506,Ostbahnhof station complex,106082,Ostbahnhof,106075,tram,106077,Ostbahnhof,106075,rail,180,directed cross-stop,yes,yes,Existing explicit MATSim relation only; no value has been changed.
1,large,506,Ostbahnhof station complex,106082,Ostbahnhof,106075,tram,106078,Ostbahnhof,106075,bus,180,directed cross-stop,yes,yes,Existing explicit MATSim relation only; no value has been changed.
1,large,506,Ostbahnhof station complex,106082,Ostbahnhof,106075,tram,106079,Ostbahnhof,106075,bus,180,directed cross-stop,yes,yes,Existing explicit MATSim relation only; no value has been changed.
1,large,506,Ostbahnhof station complex,106082,Ostbahnhof,106075,tram,106080,Ostbahnhof,106075,bus,180,directed cross-stop,yes,yes,Existing explicit MATSim relation only; no value has been changed.
1,large,506,Ostbahnhof station complex,106082,Ostbahnhof,106075,tram,106081,Ostbahnhof,106075,bus,180,directed cross-stop,yes,yes,Existing explicit MATSim relation only; no value has been changed.
1,large,506,Ostbahnhof station complex,106082,Ostbahnhof,106075,tram,106082,Ostbahnhof,106075,tram,180,same-stop,yes,yes,Existing explicit MATSim relation only; no value has been changed.
1,large,506,Ostbahnhof station complex,106082,Ostbahnhof,106075,tram,106083,Ostbahnhof,106075,tram,180,directed cross-stop,yes,yes,Existing explicit MATSim relation only; no value has been changed.
1,large,506,Ostbahnhof station complex,106082,Ostbahnhof,106075,tram,106084,Ostbahnhof,106075,bus,180,directed cross-stop,yes,yes,Existing explicit MATSim relation only; no value has been changed.
1,large,506,Ostbahnhof station complex,106082,Ostbahnhof,106075,tram,106085,Ostbahnhof,106075,subway,180,directed cross-stop,yes,yes,Existing explicit MATSim relation only; no value has been changed.
1,large,506,Ostbahnhof station complex,106082,Ostbahnhof,106075,tram,106086,Ostbahnhof,106075,subway,180,directed cross-stop,yes,yes,Existing explicit MATSim relation only; no value has been changed.
1,large,506,Ostbahnhof station complex,106083,Ostbahnhof,106075,tram,106076,Ostbahnhof,106075,bus,180,directed cross-stop,yes,yes,Existing explicit MATSim relation only; no value has been changed.
1,large,506,Ostbahnhof station complex,106083,Ostbahnhof,106075,tram,106077,Ostbahnhof,106075,rail,180,directed cross-stop,yes,yes,Existing explicit MATSim relation only; no value has been changed.
1,large,506,Ostbahnhof station complex,106083,Ostbahnhof,106075,tram,106078,Ostbahnhof,106075,bus,180,directed cross-stop,yes,yes,Existing explicit MATSim relation only; no value has been changed.
1,large,506,Ostbahnhof station complex,106083,Ostbahnhof,106075,tram,106079,Ostbahnhof,106075,bus,180,directed cross-stop,yes,yes,Existing explicit MATSim relation only; no value has been changed.
1,large,506,Ostbahnhof station complex,106083,Ostbahnhof,106075,tram,106080,Ostbahnhof,106075,bus,180,directed cross-stop,yes,yes,Existing explicit MATSim relation only; no value has been changed.
1,large,506,Ostbahnhof station complex,106083,Ostbahnhof,106075,tram,106081,Ostbahnhof,106075,bus,180,directed cross-stop,yes,yes,Existing explicit MATSim relation only; no value has been changed.
1,large,506,Ostbahnhof station complex,106083,Ostbahnhof,106075,tram,106082,Ostbahnhof,106075,tram,180,directed cross-stop,yes,yes,Existing explicit MATSim relation only; no value has been changed.
1,large,506,Ostbahnhof station complex,106083,Ostbahnhof,106075,tram,106083,Ostbahnhof,106075,tram,180,same-stop,yes,yes,Existing explicit MATSim relation only; no value has been changed.
1,large,506,Ostbahnhof station complex,106083,Ostbahnhof,106075,tram,106084,Ostbahnhof,106075,bus,180,directed cross-stop,yes,yes,Existing explicit MATSim relation only; no value has been changed.
1,large,506,Ostbahnhof station complex,106083,Ostbahnhof,106075,tram,106085,Ostbahnhof,106075,subway,180,directed cross-stop,yes,yes,Existing explicit MATSim relation only; no value has been changed.
1,large,506,Ostbahnhof station complex,106083,Ostbahnhof,106075,tram,106086,Ostbahnhof,106075,subway,180,directed cross-stop,yes,yes,Existing explicit MATSim relation only; no value has been changed.
1,large,506,Ostbahnhof station complex,106084,Ostbahnhof,106075,bus,106076,Ostbahnhof,106075,bus,180,directed cross-stop,yes,yes,Existing explicit MATSim relation only; no value has been changed.
1,large,506,Ostbahnhof station complex,106084,Ostbahnhof,106075,bus,106077,Ostbahnhof,106075,rail,180,directed cross-stop,yes,yes,Existing explicit MATSim relation only; no value has been changed.
1,large,506,Ostbahnhof station complex,106084,Ostbahnhof,106075,bus,106078,Ostbahnhof,106075,bus,180,directed cross-stop,yes,yes,Existing explicit MATSim relation only; no value has been changed.
1,large,506,Ostbahnhof station complex,106084,Ostbahnhof,106075,bus,106079,Ostbahnhof,106075,bus,180,directed cross-stop,yes,yes,Existing explicit MATSim relation only; no value has been changed.
1,large,506,Ostbahnhof station complex,106084,Ostbahnhof,106075,bus,106080,Ostbahnhof,106075,bus,180,directed cross-stop,yes,yes,Existing explicit MATSim relation only; no value has been changed.
1,large,506,Ostbahnhof station complex,106084,Ostbahnhof,106075,bus,106081,Ostbahnhof,106075,bus,180,directed cross-stop,yes,yes,Existing explicit MATSim relation only; no value has been changed.
1,large,506,Ostbahnhof station complex,106084,Ostbahnhof,106075,bus,106082,Ostbahnhof,106075,tram,180,directed cross-stop,yes,yes,Existing explicit MATSim relation only; no value has been changed.
1,large,506,Ostbahnhof station complex,106084,Ostbahnhof,106075,bus,106083,Ostbahnhof,106075,tram,180,directed cross-stop,yes,yes,Existing explicit MATSim relation only; no value has been changed.
1,large,506,Ostbahnhof station complex,106084,Ostbahnhof,106075,bus,106084,Ostbahnhof,106075,bus,180,same-stop,yes,yes,Existing explicit MATSim relation only; no value has been changed.
1,large,506,Ostbahnhof station complex,106084,Ostbahnhof,106075,bus,106085,Ostbahnhof,106075,subway,180,directed cross-stop,yes,yes,Existing explicit MATSim relation only; no value has been changed.
1,large,506,Ostbahnhof station complex,106084,Ostbahnhof,106075,bus,106086,Ostbahnhof,106075,subway,180,directed cross-stop,yes,yes,Existing explicit MATSim relation only; no value has been changed.
1,large,506,Ostbahnhof station complex,106085,Ostbahnhof,106075,subway,106076,Ostbahnhof,106075,bus,180,directed cross-stop,yes,yes,Existing explicit MATSim relation only; no value has been changed.
1,large,506,Ostbahnhof station complex,106085,Ostbahnhof,106075,subway,106077,Ostbahnhof,106075,rail,180,directed cross-stop,yes,yes,Existing explicit MATSim relation only; no value has been changed.
1,large,506,Ostbahnhof station complex,106085,Ostbahnhof,106075,subway,106078,Ostbahnhof,106075,bus,180,directed cross-stop,yes,yes,Existing explicit MATSim relation only; no value has been changed.
1,large,506,Ostbahnhof station complex,106085,Ostbahnhof,106075,subway,106079,Ostbahnhof,106075,bus,180,directed cross-stop,yes,yes,Existing explicit MATSim relation only; no value has been changed.
1,large,506,Ostbahnhof station complex,106085,Ostbahnhof,106075,subway,106080,Ostbahnhof,106075,bus,180,directed cross-stop,yes,yes,Existing explicit MATSim relation only; no value has been changed.
1,large,506,Ostbahnhof station complex,106085,Ostbahnhof,106075,subway,106081,Ostbahnhof,106075,bus,180,directed cross-stop,yes,yes,Existing explicit MATSim relation only; no value has been changed.
1,large,506,Ostbahnhof station complex,106085,Ostbahnhof,106075,subway,106082,Ostbahnhof,106075,tram,180,directed cross-stop,yes,yes,Existing explicit MATSim relation only; no value has been changed.
1,large,506,Ostbahnhof station complex,106085,Ostbahnhof,106075,subway,106083,Ostbahnhof,106075,tram,180,directed cross-stop,yes,yes,Existing explicit MATSim relation only; no value has been changed.
1,large,506,Ostbahnhof station complex,106085,Ostbahnhof,106075,subway,106084,Ostbahnhof,106075,bus,180,directed cross-stop,yes,yes,Existing explicit MATSim relation only; no value has been changed.
1,large,506,Ostbahnhof station complex,106085,Ostbahnhof,106075,subway,106085,Ostbahnhof,106075,subway,180,same-stop,yes,yes,Existing explicit MATSim relation only; no value has been changed.
1,large,506,Ostbahnhof station complex,106085,Ostbahnhof,106075,subway,106086,Ostbahnhof,106075,subway,180,directed cross-stop,yes,yes,Existing explicit MATSim relation only; no value has been changed.
1,large,506,Ostbahnhof station complex,106086,Ostbahnhof,106075,subway,106076,Ostbahnhof,106075,bus,180,directed cross-stop,yes,yes,Existing explicit MATSim relation only; no value has been changed.
1,large,506,Ostbahnhof station complex,106086,Ostbahnhof,106075,subway,106077,Ostbahnhof,106075,rail,180,directed cross-stop,yes,yes,Existing explicit MATSim relation only; no value has been changed.
1,large,506,Ostbahnhof station complex,106086,Ostbahnhof,106075,subway,106078,Ostbahnhof,106075,bus,180,directed cross-stop,yes,yes,Existing explicit MATSim relation only; no value has been changed.
1,large,506,Ostbahnhof station complex,106086,Ostbahnhof,106075,subway,106079,Ostbahnhof,106075,bus,180,directed cross-stop,yes,yes,Existing explicit MATSim relation only; no value has been changed.
1,large,506,Ostbahnhof station complex,106086,Ostbahnhof,106075,subway,106080,Ostbahnhof,106075,bus,180,directed cross-stop,yes,yes,Existing explicit MATSim relation only; no value has been changed.
1,large,506,Ostbahnhof station complex,106086,Ostbahnhof,106075,subway,106081,Ostbahnhof,106075,bus,180,directed cross-stop,yes,yes,Existing explicit MATSim relation only; no value has been changed.
1,large,506,Ostbahnhof station complex,106086,Ostbahnhof,106075,subway,106082,Ostbahnhof,106075,tram,180,directed cross-stop,yes,yes,Existing explicit MATSim relation only; no value has been changed.
1,large,506,Ostbahnhof station complex,106086,Ostbahnhof,106075,subway,106083,Ostbahnhof,106075,tram,180,directed cross-stop,yes,yes,Existing explicit MATSim relation only; no value has been changed.
1,large,506,Ostbahnhof station complex,106086,Ostbahnhof,106075,subway,106084,Ostbahnhof,106075,bus,180,directed cross-stop,yes,yes,Existing explicit MATSim relation only; no value has been changed.
1,large,506,Ostbahnhof station complex,106086,Ostbahnhof,106075,subway,106085,Ostbahnhof,106075,subway,180,directed cross-stop,yes,yes,Existing explicit MATSim relation only; no value has been changed.
1,large,506,Ostbahnhof station complex,106086,Ostbahnhof,106075,subway,106086,Ostbahnhof,106075,subway,180,same-stop,yes,yes,Existing explicit MATSim relation only; no value has been changed.
1,large,506,Ostbahnhof station complex,107901,Ostbahnhof (Post),107900,bus,107901,Ostbahnhof (Post),107900,bus,180,same-stop,yes,yes,Existing explicit MATSim relation only; no value has been changed.
1,large,506,Ostbahnhof station complex,107901,Ostbahnhof (Post),107900,bus,107902,Ostbahnhof (Post),107900,bus,180,directed cross-stop,yes,yes,Existing explicit MATSim relation only; no value has been changed.
1,large,506,Ostbahnhof station complex,107902,Ostbahnhof (Post),107900,bus,107901,Ostbahnhof (Post),107900,bus,180,directed cross-stop,yes,yes,Existing explicit MATSim relation only; no value has been changed.
1,large,506,Ostbahnhof station complex,107902,Ostbahnhof (Post),107900,bus,107902,Ostbahnhof (Post),107900,bus,180,same-stop,yes,yes,Existing explicit MATSim relation only; no value has been changed.
1,large,506,Ostbahnhof station complex,182908,München Ost,182907,rail,182908,München Ost,182907,rail,0,same-stop,yes,yes,Existing explicit MATSim relation only; no value has been changed.
1,large,506,Ostbahnhof station complex,182908,München Ost,182907,rail,182909,Ostbahnhof 2.Stammstrecke,182907,rail,180,directed cross-stop,yes,yes,Existing explicit MATSim relation only; no value has been changed.
1,large,506,Ostbahnhof station complex,182909,Ostbahnhof 2.Stammstrecke,182907,rail,182908,München Ost,182907,rail,180,directed cross-stop,yes,yes,Existing explicit MATSim relation only; no value has been changed.
1,large,506,Ostbahnhof station complex,182909,Ostbahnhof 2.Stammstrecke,182907,rail,182909,Ostbahnhof 2.Stammstrecke,182907,rail,0,same-stop,yes,yes,Existing explicit MATSim relation only; no value has been changed.
2,large,312,ZOB / Hackerbrücke station complex,106098,Hackerbrücke,106097,rail,106098,Hackerbrücke,106097,rail,300,same-stop,yes,yes,Existing explicit MATSim relation only; no value has been changed.
2,large,312,ZOB / Hackerbrücke station complex,106098,Hackerbrücke,106097,rail,106099,Hackerbrücke,106097,tram,300,directed cross-stop,yes,yes,Existing explicit MATSim relation only; no value has been changed.
2,large,312,ZOB / Hackerbrücke station complex,106098,Hackerbrücke,106097,rail,106100,Hackerbrücke,106097,tram,300,directed cross-stop,yes,yes,Existing explicit MATSim relation only; no value has been changed.
2,large,312,ZOB / Hackerbrücke station complex,106098,Hackerbrücke,106097,rail,106101,Hackerbrücke,106097,bus,300,directed cross-stop,yes,yes,Existing explicit MATSim relation only; no value has been changed.
2,large,312,ZOB / Hackerbrücke station complex,106098,Hackerbrücke,106097,rail,106102,Hackerbrücke,106097,bus,300,directed cross-stop,yes,yes,Existing explicit MATSim relation only; no value has been changed.
2,large,312,ZOB / Hackerbrücke station complex,106098,Hackerbrücke,106097,rail,106103,Hackerbrücke,106097,rail,300,directed cross-stop,yes,yes,Existing explicit MATSim relation only; no value has been changed.
2,large,312,ZOB / Hackerbrücke station complex,106099,Hackerbrücke,106097,tram,106098,Hackerbrücke,106097,rail,300,directed cross-stop,yes,yes,Existing explicit MATSim relation only; no value has been changed.
2,large,312,ZOB / Hackerbrücke station complex,106099,Hackerbrücke,106097,tram,106099,Hackerbrücke,106097,tram,300,same-stop,yes,yes,Existing explicit MATSim relation only; no value has been changed.
2,large,312,ZOB / Hackerbrücke station complex,106099,Hackerbrücke,106097,tram,106100,Hackerbrücke,106097,tram,300,directed cross-stop,yes,yes,Existing explicit MATSim relation only; no value has been changed.
2,large,312,ZOB / Hackerbrücke station complex,106099,Hackerbrücke,106097,tram,106101,Hackerbrücke,106097,bus,300,directed cross-stop,yes,yes,Existing explicit MATSim relation only; no value has been changed.
2,large,312,ZOB / Hackerbrücke station complex,106099,Hackerbrücke,106097,tram,106102,Hackerbrücke,106097,bus,300,directed cross-stop,yes,yes,Existing explicit MATSim relation only; no value has been changed.
2,large,312,ZOB / Hackerbrücke station complex,106099,Hackerbrücke,106097,tram,106103,Hackerbrücke,106097,rail,300,directed cross-stop,yes,yes,Existing explicit MATSim relation only; no value has been changed.
2,large,312,ZOB / Hackerbrücke station complex,106100,Hackerbrücke,106097,tram,106098,Hackerbrücke,106097,rail,300,directed cross-stop,yes,yes,Existing explicit MATSim relation only; no value has been changed.
2,large,312,ZOB / Hackerbrücke station complex,106100,Hackerbrücke,106097,tram,106099,Hackerbrücke,106097,tram,300,directed cross-stop,yes,yes,Existing explicit MATSim relation only; no value has been changed.
2,large,312,ZOB / Hackerbrücke station complex,106100,Hackerbrücke,106097,tram,106100,Hackerbrücke,106097,tram,300,same-stop,yes,yes,Existing explicit MATSim relation only; no value has been changed.
2,large,312,ZOB / Hackerbrücke station complex,106100,Hackerbrücke,106097,tram,106101,Hackerbrücke,106097,bus,300,directed cross-stop,yes,yes,Existing explicit MATSim relation only; no value has been changed.
2,large,312,ZOB / Hackerbrücke station complex,106100,Hackerbrücke,106097,tram,106102,Hackerbrücke,106097,bus,300,directed cross-stop,yes,yes,Existing explicit MATSim relation only; no value has been changed.
2,large,312,ZOB / Hackerbrücke station complex,106100,Hackerbrücke,106097,tram,106103,Hackerbrücke,106097,rail,300,directed cross-stop,yes,yes,Existing explicit MATSim relation only; no value has been changed.
2,large,312,ZOB / Hackerbrücke station complex,106101,Hackerbrücke,106097,bus,106098,Hackerbrücke,106097,rail,300,directed cross-stop,yes,yes,Existing explicit MATSim relation only; no value has been changed.
2,large,312,ZOB / Hackerbrücke station complex,106101,Hackerbrücke,106097,bus,106099,Hackerbrücke,106097,tram,300,directed cross-stop,yes,yes,Existing explicit MATSim relation only; no value has been changed.
2,large,312,ZOB / Hackerbrücke station complex,106101,Hackerbrücke,106097,bus,106100,Hackerbrücke,106097,tram,300,directed cross-stop,yes,yes,Existing explicit MATSim relation only; no value has been changed.
2,large,312,ZOB / Hackerbrücke station complex,106101,Hackerbrücke,106097,bus,106101,Hackerbrücke,106097,bus,300,same-stop,yes,yes,Existing explicit MATSim relation only; no value has been changed.
2,large,312,ZOB / Hackerbrücke station complex,106101,Hackerbrücke,106097,bus,106102,Hackerbrücke,106097,bus,300,directed cross-stop,yes,yes,Existing explicit MATSim relation only; no value has been changed.
2,large,312,ZOB / Hackerbrücke station complex,106101,Hackerbrücke,106097,bus,106103,Hackerbrücke,106097,rail,300,directed cross-stop,yes,yes,Existing explicit MATSim relation only; no value has been changed.
2,large,312,ZOB / Hackerbrücke station complex,106102,Hackerbrücke,106097,bus,106098,Hackerbrücke,106097,rail,300,directed cross-stop,yes,yes,Existing explicit MATSim relation only; no value has been changed.
2,large,312,ZOB / Hackerbrücke station complex,106102,Hackerbrücke,106097,bus,106099,Hackerbrücke,106097,tram,300,directed cross-stop,yes,yes,Existing explicit MATSim relation only; no value has been changed.
2,large,312,ZOB / Hackerbrücke station complex,106102,Hackerbrücke,106097,bus,106100,Hackerbrücke,106097,tram,300,directed cross-stop,yes,yes,Existing explicit MATSim relation only; no value has been changed.
2,large,312,ZOB / Hackerbrücke station complex,106102,Hackerbrücke,106097,bus,106101,Hackerbrücke,106097,bus,300,directed cross-stop,yes,yes,Existing explicit MATSim relation only; no value has been changed.
2,large,312,ZOB / Hackerbrücke station complex,106102,Hackerbrücke,106097,bus,106102,Hackerbrücke,106097,bus,300,same-stop,yes,yes,Existing explicit MATSim relation only; no value has been changed.
2,large,312,ZOB / Hackerbrücke station complex,106102,Hackerbrücke,106097,bus,106103,Hackerbrücke,106097,rail,300,directed cross-stop,yes,yes,Existing explicit MATSim relation only; no value has been changed.
2,large,312,ZOB / Hackerbrücke station complex,106103,Hackerbrücke,106097,rail,106098,Hackerbrücke,106097,rail,300,directed cross-stop,yes,yes,Existing explicit MATSim relation only; no value has been changed.
2,large,312,ZOB / Hackerbrücke station complex,106103,Hackerbrücke,106097,rail,106099,Hackerbrücke,106097,tram,300,directed cross-stop,yes,yes,Existing explicit MATSim relation only; no value has been changed.
2,large,312,ZOB / Hackerbrücke station complex,106103,Hackerbrücke,106097,rail,106100,Hackerbrücke,106097,tram,300,directed cross-stop,yes,yes,Existing explicit MATSim relation only; no value has been changed.
2,large,312,ZOB / Hackerbrücke station complex,106103,Hackerbrücke,106097,rail,106101,Hackerbrücke,106097,bus,300,directed cross-stop,yes,yes,Existing explicit MATSim relation only; no value has been changed.
2,large,312,ZOB / Hackerbrücke station complex,106103,Hackerbrücke,106097,rail,106102,Hackerbrücke,106097,bus,300,directed cross-stop,yes,yes,Existing explicit MATSim relation only; no value has been changed.
2,large,312,ZOB / Hackerbrücke station complex,106103,Hackerbrücke,106097,rail,106103,Hackerbrücke,106097,rail,300,same-stop,yes,yes,Existing explicit MATSim relation only; no value has been changed.
2,large,312,ZOB / Hackerbrücke station complex,181030,ZOB,181029,bus,181030,ZOB,181029,bus,180,same-stop,yes,yes,Existing explicit MATSim relation only; no value has been changed.
3,large,1002,Moosach station complex,106858,Moosach,106857,bus,106858,Moosach,106857,bus,180,same-stop,yes,yes,Existing explicit MATSim relation only; no value has been changed.
3,large,1002,Moosach station complex,106858,Moosach,106857,bus,106859,Moosach,106857,rail,180,directed cross-stop,yes,yes,Existing explicit MATSim relation only; no value has been changed.
3,large,1002,Moosach station complex,106858,Moosach,106857,bus,106860,Moosach,106857,tram,180,directed cross-stop,yes,yes,Existing explicit MATSim relation only; no value has been changed.
3,large,1002,Moosach station complex,106858,Moosach,106857,bus,106861,Moosach,106857,bus,180,directed cross-stop,yes,yes,Existing explicit MATSim relation only; no value has been changed.
3,large,1002,Moosach station complex,106858,Moosach,106857,bus,106862,Moosach,106857,bus,180,directed cross-stop,yes,yes,Existing explicit MATSim relation only; no value has been changed.
3,large,1002,Moosach station complex,106858,Moosach,106857,bus,106863,Moosach,106857,bus,180,directed cross-stop,yes,yes,Existing explicit MATSim relation only; no value has been changed.
3,large,1002,Moosach station complex,106858,Moosach,106857,bus,106864,Moosach,106857,bus,180,directed cross-stop,yes,yes,Existing explicit MATSim relation only; no value has been changed.
3,large,1002,Moosach station complex,106858,Moosach,106857,bus,106865,Moosach,106857,bus,180,directed cross-stop,yes,yes,Existing explicit MATSim relation only; no value has been changed.
3,large,1002,Moosach station complex,106858,Moosach,106857,bus,106866,Moosach,106857,subway,180,directed cross-stop,yes,yes,Existing explicit MATSim relation only; no value has been changed.
3,large,1002,Moosach station complex,106858,Moosach,106857,bus,106867,Moosach,106857,subway,180,directed cross-stop,yes,yes,Existing explicit MATSim relation only; no value has been changed.
3,large,1002,Moosach station complex,106858,Moosach,106857,bus,106868,Moosach,106857,bus,180,directed cross-stop,yes,yes,Existing explicit MATSim relation only; no value has been changed.
3,large,1002,Moosach station complex,106858,Moosach,106857,bus,106869,Moosach,106857,bus,180,directed cross-stop,yes,yes,Existing explicit MATSim relation only; no value has been changed.
3,large,1002,Moosach station complex,106859,Moosach,106857,rail,106858,Moosach,106857,bus,180,directed cross-stop,yes,yes,Existing explicit MATSim relation only; no value has been changed.
3,large,1002,Moosach station complex,106859,Moosach,106857,rail,106859,Moosach,106857,rail,180,same-stop,yes,yes,Existing explicit MATSim relation only; no value has been changed.
3,large,1002,Moosach station complex,106859,Moosach,106857,rail,106860,Moosach,106857,tram,180,directed cross-stop,yes,yes,Existing explicit MATSim relation only; no value has been changed.
3,large,1002,Moosach station complex,106859,Moosach,106857,rail,106861,Moosach,106857,bus,180,directed cross-stop,yes,yes,Existing explicit MATSim relation only; no value has been changed.
3,large,1002,Moosach station complex,106859,Moosach,106857,rail,106862,Moosach,106857,bus,180,directed cross-stop,yes,yes,Existing explicit MATSim relation only; no value has been changed.
3,large,1002,Moosach station complex,106859,Moosach,106857,rail,106863,Moosach,106857,bus,180,directed cross-stop,yes,yes,Existing explicit MATSim relation only; no value has been changed.
3,large,1002,Moosach station complex,106859,Moosach,106857,rail,106864,Moosach,106857,bus,180,directed cross-stop,yes,yes,Existing explicit MATSim relation only; no value has been changed.
3,large,1002,Moosach station complex,106859,Moosach,106857,rail,106865,Moosach,106857,bus,180,directed cross-stop,yes,yes,Existing explicit MATSim relation only; no value has been changed.
3,large,1002,Moosach station complex,106859,Moosach,106857,rail,106866,Moosach,106857,subway,180,directed cross-stop,yes,yes,Existing explicit MATSim relation only; no value has been changed.
3,large,1002,Moosach station complex,106859,Moosach,106857,rail,106867,Moosach,106857,subway,180,directed cross-stop,yes,yes,Existing explicit MATSim relation only; no value has been changed.
3,large,1002,Moosach station complex,106859,Moosach,106857,rail,106868,Moosach,106857,bus,180,directed cross-stop,yes,yes,Existing explicit MATSim relation only; no value has been changed.
3,large,1002,Moosach station complex,106859,Moosach,106857,rail,106869,Moosach,106857,bus,180,directed cross-stop,yes,yes,Existing explicit MATSim relation only; no value has been changed.
3,large,1002,Moosach station complex,106860,Moosach,106857,tram,106858,Moosach,106857,bus,180,directed cross-stop,yes,yes,Existing explicit MATSim relation only; no value has been changed.
3,large,1002,Moosach station complex,106860,Moosach,106857,tram,106859,Moosach,106857,rail,180,directed cross-stop,yes,yes,Existing explicit MATSim relation only; no value has been changed.
3,large,1002,Moosach station complex,106860,Moosach,106857,tram,106860,Moosach,106857,tram,180,same-stop,yes,yes,Existing explicit MATSim relation only; no value has been changed.
3,large,1002,Moosach station complex,106860,Moosach,106857,tram,106861,Moosach,106857,bus,180,directed cross-stop,yes,yes,Existing explicit MATSim relation only; no value has been changed.
3,large,1002,Moosach station complex,106860,Moosach,106857,tram,106862,Moosach,106857,bus,180,directed cross-stop,yes,yes,Existing explicit MATSim relation only; no value has been changed.
3,large,1002,Moosach station complex,106860,Moosach,106857,tram,106863,Moosach,106857,bus,180,directed cross-stop,yes,yes,Existing explicit MATSim relation only; no value has been changed.
3,large,1002,Moosach station complex,106860,Moosach,106857,tram,106864,Moosach,106857,bus,180,directed cross-stop,yes,yes,Existing explicit MATSim relation only; no value has been changed.
3,large,1002,Moosach station complex,106860,Moosach,106857,tram,106865,Moosach,106857,bus,180,directed cross-stop,yes,yes,Existing explicit MATSim relation only; no value has been changed.
3,large,1002,Moosach station complex,106860,Moosach,106857,tram,106866,Moosach,106857,subway,180,directed cross-stop,yes,yes,Existing explicit MATSim relation only; no value has been changed.
3,large,1002,Moosach station complex,106860,Moosach,106857,tram,106867,Moosach,106857,subway,180,directed cross-stop,yes,yes,Existing explicit MATSim relation only; no value has been changed.
3,large,1002,Moosach station complex,106860,Moosach,106857,tram,106868,Moosach,106857,bus,180,directed cross-stop,yes,yes,Existing explicit MATSim relation only; no value has been changed.
3,large,1002,Moosach station complex,106860,Moosach,106857,tram,106869,Moosach,106857,bus,180,directed cross-stop,yes,yes,Existing explicit MATSim relation only; no value has been changed.
3,large,1002,Moosach station complex,106861,Moosach,106857,bus,106858,Moosach,106857,bus,180,directed cross-stop,yes,yes,Existing explicit MATSim relation only; no value has been changed.
3,large,1002,Moosach station complex,106861,Moosach,106857,bus,106859,Moosach,106857,rail,180,directed cross-stop,yes,yes,Existing explicit MATSim relation only; no value has been changed.
3,large,1002,Moosach station complex,106861,Moosach,106857,bus,106860,Moosach,106857,tram,180,directed cross-stop,yes,yes,Existing explicit MATSim relation only; no value has been changed.
3,large,1002,Moosach station complex,106861,Moosach,106857,bus,106861,Moosach,106857,bus,180,same-stop,yes,yes,Existing explicit MATSim relation only; no value has been changed.
3,large,1002,Moosach station complex,106861,Moosach,106857,bus,106862,Moosach,106857,bus,180,directed cross-stop,yes,yes,Existing explicit MATSim relation only; no value has been changed.
3,large,1002,Moosach station complex,106861,Moosach,106857,bus,106863,Moosach,106857,bus,180,directed cross-stop,yes,yes,Existing explicit MATSim relation only; no value has been changed.
3,large,1002,Moosach station complex,106861,Moosach,106857,bus,106864,Moosach,106857,bus,180,directed cross-stop,yes,yes,Existing explicit MATSim relation only; no value has been changed.
3,large,1002,Moosach station complex,106861,Moosach,106857,bus,106865,Moosach,106857,bus,180,directed cross-stop,yes,yes,Existing explicit MATSim relation only; no value has been changed.
3,large,1002,Moosach station complex,106861,Moosach,106857,bus,106866,Moosach,106857,subway,180,directed cross-stop,yes,yes,Existing explicit MATSim relation only; no value has been changed.
3,large,1002,Moosach station complex,106861,Moosach,106857,bus,106867,Moosach,106857,subway,180,directed cross-stop,yes,yes,Existing explicit MATSim relation only; no value has been changed.
3,large,1002,Moosach station complex,106861,Moosach,106857,bus,106868,Moosach,106857,bus,180,directed cross-stop,yes,yes,Existing explicit MATSim relation only; no value has been changed.
3,large,1002,Moosach station complex,106861,Moosach,106857,bus,106869,Moosach,106857,bus,180,directed cross-stop,yes,yes,Existing explicit MATSim relation only; no value has been changed.
3,large,1002,Moosach station complex,106862,Moosach,106857,bus,106858,Moosach,106857,bus,180,directed cross-stop,yes,yes,Existing explicit MATSim relation only; no value has been changed.
3,large,1002,Moosach station complex,106862,Moosach,106857,bus,106859,Moosach,106857,rail,180,directed cross-stop,yes,yes,Existing explicit MATSim relation only; no value has been changed.
3,large,1002,Moosach station complex,106862,Moosach,106857,bus,106860,Moosach,106857,tram,180,directed cross-stop,yes,yes,Existing explicit MATSim relation only; no value has been changed.
3,large,1002,Moosach station complex,106862,Moosach,106857,bus,106861,Moosach,106857,bus,180,directed cross-stop,yes,yes,Existing explicit MATSim relation only; no value has been changed.
3,large,1002,Moosach station complex,106862,Moosach,106857,bus,106862,Moosach,106857,bus,180,same-stop,yes,yes,Existing explicit MATSim relation only; no value has been changed.
3,large,1002,Moosach station complex,106862,Moosach,106857,bus,106863,Moosach,106857,bus,180,directed cross-stop,yes,yes,Existing explicit MATSim relation only; no value has been changed.
3,large,1002,Moosach station complex,106862,Moosach,106857,bus,106864,Moosach,106857,bus,180,directed cross-stop,yes,yes,Existing explicit MATSim relation only; no value has been changed.
3,large,1002,Moosach station complex,106862,Moosach,106857,bus,106865,Moosach,106857,bus,180,directed cross-stop,yes,yes,Existing explicit MATSim relation only; no value has been changed.
3,large,1002,Moosach station complex,106862,Moosach,106857,bus,106866,Moosach,106857,subway,180,directed cross-stop,yes,yes,Existing explicit MATSim relation only; no value has been changed.
3,large,1002,Moosach station complex,106862,Moosach,106857,bus,106867,Moosach,106857,subway,180,directed cross-stop,yes,yes,Existing explicit MATSim relation only; no value has been changed.
3,large,1002,Moosach station complex,106862,Moosach,106857,bus,106868,Moosach,106857,bus,180,directed cross-stop,yes,yes,Existing explicit MATSim relation only; no value has been changed.
3,large,1002,Moosach station complex,106862,Moosach,106857,bus,106869,Moosach,106857,bus,180,directed cross-stop,yes,yes,Existing explicit MATSim relation only; no value has been changed.
3,large,1002,Moosach station complex,106863,Moosach,106857,bus,106858,Moosach,106857,bus,180,directed cross-stop,yes,yes,Existing explicit MATSim relation only; no value has been changed.
3,large,1002,Moosach station complex,106863,Moosach,106857,bus,106859,Moosach,106857,rail,180,directed cross-stop,yes,yes,Existing explicit MATSim relation only; no value has been changed.
3,large,1002,Moosach station complex,106863,Moosach,106857,bus,106860,Moosach,106857,tram,180,directed cross-stop,yes,yes,Existing explicit MATSim relation only; no value has been changed.
3,large,1002,Moosach station complex,106863,Moosach,106857,bus,106861,Moosach,106857,bus,180,directed cross-stop,yes,yes,Existing explicit MATSim relation only; no value has been changed.
3,large,1002,Moosach station complex,106863,Moosach,106857,bus,106862,Moosach,106857,bus,180,directed cross-stop,yes,yes,Existing explicit MATSim relation only; no value has been changed.
3,large,1002,Moosach station complex,106863,Moosach,106857,bus,106863,Moosach,106857,bus,180,same-stop,yes,yes,Existing explicit MATSim relation only; no value has been changed.
3,large,1002,Moosach station complex,106863,Moosach,106857,bus,106864,Moosach,106857,bus,180,directed cross-stop,yes,yes,Existing explicit MATSim relation only; no value has been changed.
3,large,1002,Moosach station complex,106863,Moosach,106857,bus,106865,Moosach,106857,bus,180,directed cross-stop,yes,yes,Existing explicit MATSim relation only; no value has been changed.
3,large,1002,Moosach station complex,106863,Moosach,106857,bus,106866,Moosach,106857,subway,180,directed cross-stop,yes,yes,Existing explicit MATSim relation only; no value has been changed.
3,large,1002,Moosach station complex,106863,Moosach,106857,bus,106867,Moosach,106857,subway,180,directed cross-stop,yes,yes,Existing explicit MATSim relation only; no value has been changed.
3,large,1002,Moosach station complex,106863,Moosach,106857,bus,106868,Moosach,106857,bus,180,directed cross-stop,yes,yes,Existing explicit MATSim relation only; no value has been changed.
3,large,1002,Moosach station complex,106863,Moosach,106857,bus,106869,Moosach,106857,bus,180,directed cross-stop,yes,yes,Existing explicit MATSim relation only; no value has been changed.
3,large,1002,Moosach station complex,106864,Moosach,106857,bus,106858,Moosach,106857,bus,180,directed cross-stop,yes,yes,Existing explicit MATSim relation only; no value has been changed.
3,large,1002,Moosach station complex,106864,Moosach,106857,bus,106859,Moosach,106857,rail,180,directed cross-stop,yes,yes,Existing explicit MATSim relation only; no value has been changed.
3,large,1002,Moosach station complex,106864,Moosach,106857,bus,106860,Moosach,106857,tram,180,directed cross-stop,yes,yes,Existing explicit MATSim relation only; no value has been changed.
3,large,1002,Moosach station complex,106864,Moosach,106857,bus,106861,Moosach,106857,bus,180,directed cross-stop,yes,yes,Existing explicit MATSim relation only; no value has been changed.
3,large,1002,Moosach station complex,106864,Moosach,106857,bus,106862,Moosach,106857,bus,180,directed cross-stop,yes,yes,Existing explicit MATSim relation only; no value has been changed.
3,large,1002,Moosach station complex,106864,Moosach,106857,bus,106863,Moosach,106857,bus,180,directed cross-stop,yes,yes,Existing explicit MATSim relation only; no value has been changed.
3,large,1002,Moosach station complex,106864,Moosach,106857,bus,106864,Moosach,106857,bus,180,same-stop,yes,yes,Existing explicit MATSim relation only; no value has been changed.
3,large,1002,Moosach station complex,106864,Moosach,106857,bus,106865,Moosach,106857,bus,180,directed cross-stop,yes,yes,Existing explicit MATSim relation only; no value has been changed.
3,large,1002,Moosach station complex,106864,Moosach,106857,bus,106866,Moosach,106857,subway,180,directed cross-stop,yes,yes,Existing explicit MATSim relation only; no value has been changed.
3,large,1002,Moosach station complex,106864,Moosach,106857,bus,106867,Moosach,106857,subway,180,directed cross-stop,yes,yes,Existing explicit MATSim relation only; no value has been changed.
3,large,1002,Moosach station complex,106864,Moosach,106857,bus,106868,Moosach,106857,bus,180,directed cross-stop,yes,yes,Existing explicit MATSim relation only; no value has been changed.
3,large,1002,Moosach station complex,106864,Moosach,106857,bus,106869,Moosach,106857,bus,180,directed cross-stop,yes,yes,Existing explicit MATSim relation only; no value has been changed.
3,large,1002,Moosach station complex,106865,Moosach,106857,bus,106858,Moosach,106857,bus,180,directed cross-stop,yes,yes,Existing explicit MATSim relation only; no value has been changed.
3,large,1002,Moosach station complex,106865,Moosach,106857,bus,106859,Moosach,106857,rail,180,directed cross-stop,yes,yes,Existing explicit MATSim relation only; no value has been changed.
3,large,1002,Moosach station complex,106865,Moosach,106857,bus,106860,Moosach,106857,tram,180,directed cross-stop,yes,yes,Existing explicit MATSim relation only; no value has been changed.
3,large,1002,Moosach station complex,106865,Moosach,106857,bus,106861,Moosach,106857,bus,180,directed cross-stop,yes,yes,Existing explicit MATSim relation only; no value has been changed.
3,large,1002,Moosach station complex,106865,Moosach,106857,bus,106862,Moosach,106857,bus,180,directed cross-stop,yes,yes,Existing explicit MATSim relation only; no value has been changed.
3,large,1002,Moosach station complex,106865,Moosach,106857,bus,106863,Moosach,106857,bus,180,directed cross-stop,yes,yes,Existing explicit MATSim relation only; no value has been changed.
3,large,1002,Moosach station complex,106865,Moosach,106857,bus,106864,Moosach,106857,bus,180,directed cross-stop,yes,yes,Existing explicit MATSim relation only; no value has been changed.
3,large,1002,Moosach station complex,106865,Moosach,106857,bus,106865,Moosach,106857,bus,180,same-stop,yes,yes,Existing explicit MATSim relation only; no value has been changed.
3,large,1002,Moosach station complex,106865,Moosach,106857,bus,106866,Moosach,106857,subway,180,directed cross-stop,yes,yes,Existing explicit MATSim relation only; no value has been changed.
3,large,1002,Moosach station complex,106865,Moosach,106857,bus,106867,Moosach,106857,subway,180,directed cross-stop,yes,yes,Existing explicit MATSim relation only; no value has been changed.
3,large,1002,Moosach station complex,106865,Moosach,106857,bus,106868,Moosach,106857,bus,180,directed cross-stop,yes,yes,Existing explicit MATSim relation only; no value has been changed.
3,large,1002,Moosach station complex,106865,Moosach,106857,bus,106869,Moosach,106857,bus,180,directed cross-stop,yes,yes,Existing explicit MATSim relation only; no value has been changed.
3,large,1002,Moosach station complex,106866,Moosach,106857,subway,106858,Moosach,106857,bus,180,directed cross-stop,yes,yes,Existing explicit MATSim relation only; no value has been changed.
3,large,1002,Moosach station complex,106866,Moosach,106857,subway,106859,Moosach,106857,rail,180,directed cross-stop,yes,yes,Existing explicit MATSim relation only; no value has been changed.
3,large,1002,Moosach station complex,106866,Moosach,106857,subway,106860,Moosach,106857,tram,180,directed cross-stop,yes,yes,Existing explicit MATSim relation only; no value has been changed.
3,large,1002,Moosach station complex,106866,Moosach,106857,subway,106861,Moosach,106857,bus,180,directed cross-stop,yes,yes,Existing explicit MATSim relation only; no value has been changed.
3,large,1002,Moosach station complex,106866,Moosach,106857,subway,106862,Moosach,106857,bus,180,directed cross-stop,yes,yes,Existing explicit MATSim relation only; no value has been changed.
3,large,1002,Moosach station complex,106866,Moosach,106857,subway,106863,Moosach,106857,bus,180,directed cross-stop,yes,yes,Existing explicit MATSim relation only; no value has been changed.
3,large,1002,Moosach station complex,106866,Moosach,106857,subway,106864,Moosach,106857,bus,180,directed cross-stop,yes,yes,Existing explicit MATSim relation only; no value has been changed.
3,large,1002,Moosach station complex,106866,Moosach,106857,subway,106865,Moosach,106857,bus,180,directed cross-stop,yes,yes,Existing explicit MATSim relation only; no value has been changed.
3,large,1002,Moosach station complex,106866,Moosach,106857,subway,106866,Moosach,106857,subway,180,same-stop,yes,yes,Existing explicit MATSim relation only; no value has been changed.
3,large,1002,Moosach station complex,106866,Moosach,106857,subway,106867,Moosach,106857,subway,180,directed cross-stop,yes,yes,Existing explicit MATSim relation only; no value has been changed.
3,large,1002,Moosach station complex,106866,Moosach,106857,subway,106868,Moosach,106857,bus,180,directed cross-stop,yes,yes,Existing explicit MATSim relation only; no value has been changed.
3,large,1002,Moosach station complex,106866,Moosach,106857,subway,106869,Moosach,106857,bus,180,directed cross-stop,yes,yes,Existing explicit MATSim relation only; no value has been changed.
3,large,1002,Moosach station complex,106867,Moosach,106857,subway,106858,Moosach,106857,bus,180,directed cross-stop,yes,yes,Existing explicit MATSim relation only; no value has been changed.
3,large,1002,Moosach station complex,106867,Moosach,106857,subway,106859,Moosach,106857,rail,180,directed cross-stop,yes,yes,Existing explicit MATSim relation only; no value has been changed.
3,large,1002,Moosach station complex,106867,Moosach,106857,subway,106860,Moosach,106857,tram,180,directed cross-stop,yes,yes,Existing explicit MATSim relation only; no value has been changed.
3,large,1002,Moosach station complex,106867,Moosach,106857,subway,106861,Moosach,106857,bus,180,directed cross-stop,yes,yes,Existing explicit MATSim relation only; no value has been changed.
3,large,1002,Moosach station complex,106867,Moosach,106857,subway,106862,Moosach,106857,bus,180,directed cross-stop,yes,yes,Existing explicit MATSim relation only; no value has been changed.
3,large,1002,Moosach station complex,106867,Moosach,106857,subway,106863,Moosach,106857,bus,180,directed cross-stop,yes,yes,Existing explicit MATSim relation only; no value has been changed.
3,large,1002,Moosach station complex,106867,Moosach,106857,subway,106864,Moosach,106857,bus,180,directed cross-stop,yes,yes,Existing explicit MATSim relation only; no value has been changed.
3,large,1002,Moosach station complex,106867,Moosach,106857,subway,106865,Moosach,106857,bus,180,directed cross-stop,yes,yes,Existing explicit MATSim relation only; no value has been changed.
3,large,1002,Moosach station complex,106867,Moosach,106857,subway,106866,Moosach,106857,subway,180,directed cross-stop,yes,yes,Existing explicit MATSim relation only; no value has been changed.
3,large,1002,Moosach station complex,106867,Moosach,106857,subway,106867,Moosach,106857,subway,180,same-stop,yes,yes,Existing explicit MATSim relation only; no value has been changed.
3,large,1002,Moosach station complex,106867,Moosach,106857,subway,106868,Moosach,106857,bus,180,directed cross-stop,yes,yes,Existing explicit MATSim relation only; no value has been changed.
3,large,1002,Moosach station complex,106867,Moosach,106857,subway,106869,Moosach,106857,bus,180,directed cross-stop,yes,yes,Existing explicit MATSim relation only; no value has been changed.
3,large,1002,Moosach station complex,106868,Moosach,106857,bus,106858,Moosach,106857,bus,180,directed cross-stop,yes,yes,Existing explicit MATSim relation only; no value has been changed.
3,large,1002,Moosach station complex,106868,Moosach,106857,bus,106859,Moosach,106857,rail,180,directed cross-stop,yes,yes,Existing explicit MATSim relation only; no value has been changed.
3,large,1002,Moosach station complex,106868,Moosach,106857,bus,106860,Moosach,106857,tram,180,directed cross-stop,yes,yes,Existing explicit MATSim relation only; no value has been changed.
3,large,1002,Moosach station complex,106868,Moosach,106857,bus,106861,Moosach,106857,bus,180,directed cross-stop,yes,yes,Existing explicit MATSim relation only; no value has been changed.
3,large,1002,Moosach station complex,106868,Moosach,106857,bus,106862,Moosach,106857,bus,180,directed cross-stop,yes,yes,Existing explicit MATSim relation only; no value has been changed.
3,large,1002,Moosach station complex,106868,Moosach,106857,bus,106863,Moosach,106857,bus,180,directed cross-stop,yes,yes,Existing explicit MATSim relation only; no value has been changed.
3,large,1002,Moosach station complex,106868,Moosach,106857,bus,106864,Moosach,106857,bus,180,directed cross-stop,yes,yes,Existing explicit MATSim relation only; no value has been changed.
3,large,1002,Moosach station complex,106868,Moosach,106857,bus,106865,Moosach,106857,bus,180,directed cross-stop,yes,yes,Existing explicit MATSim relation only; no value has been changed.
3,large,1002,Moosach station complex,106868,Moosach,106857,bus,106866,Moosach,106857,subway,180,directed cross-stop,yes,yes,Existing explicit MATSim relation only; no value has been changed.
3,large,1002,Moosach station complex,106868,Moosach,106857,bus,106867,Moosach,106857,subway,180,directed cross-stop,yes,yes,Existing explicit MATSim relation only; no value has been changed.
3,large,1002,Moosach station complex,106868,Moosach,106857,bus,106868,Moosach,106857,bus,180,same-stop,yes,yes,Existing explicit MATSim relation only; no value has been changed.
3,large,1002,Moosach station complex,106868,Moosach,106857,bus,106869,Moosach,106857,bus,180,directed cross-stop,yes,yes,Existing explicit MATSim relation only; no value has been changed.
3,large,1002,Moosach station complex,106869,Moosach,106857,bus,106858,Moosach,106857,bus,180,directed cross-stop,yes,yes,Existing explicit MATSim relation only; no value has been changed.
3,large,1002,Moosach station complex,106869,Moosach,106857,bus,106859,Moosach,106857,rail,180,directed cross-stop,yes,yes,Existing explicit MATSim relation only; no value has been changed.
3,large,1002,Moosach station complex,106869,Moosach,106857,bus,106860,Moosach,106857,tram,180,directed cross-stop,yes,yes,Existing explicit MATSim relation only; no value has been changed.
3,large,1002,Moosach station complex,106869,Moosach,106857,bus,106861,Moosach,106857,bus,180,directed cross-stop,yes,yes,Existing explicit MATSim relation only; no value has been changed.
3,large,1002,Moosach station complex,106869,Moosach,106857,bus,106862,Moosach,106857,bus,180,directed cross-stop,yes,yes,Existing explicit MATSim relation only; no value has been changed.
3,large,1002,Moosach station complex,106869,Moosach,106857,bus,106863,Moosach,106857,bus,180,directed cross-stop,yes,yes,Existing explicit MATSim relation only; no value has been changed.
3,large,1002,Moosach station complex,106869,Moosach,106857,bus,106864,Moosach,106857,bus,180,directed cross-stop,yes,yes,Existing explicit MATSim relation only; no value has been changed.
3,large,1002,Moosach station complex,106869,Moosach,106857,bus,106865,Moosach,106857,bus,180,directed cross-stop,yes,yes,Existing explicit MATSim relation only; no value has been changed.
3,large,1002,Moosach station complex,106869,Moosach,106857,bus,106866,Moosach,106857,subway,180,directed cross-stop,yes,yes,Existing explicit MATSim relation only; no value has been changed.
3,large,1002,Moosach station complex,106869,Moosach,106857,bus,106867,Moosach,106857,subway,180,directed cross-stop,yes,yes,Existing explicit MATSim relation only; no value has been changed.
3,large,1002,Moosach station complex,106869,Moosach,106857,bus,106868,Moosach,106857,bus,180,directed cross-stop,yes,yes,Existing explicit MATSim relation only; no value has been changed.
3,large,1002,Moosach station complex,106869,Moosach,106857,bus,106869,Moosach,106857,bus,180,same-stop,yes,yes,Existing explicit MATSim relation only; no value has been changed.
4,large,62,Münchner Freiheit,107348,Münchner Freiheit,107347,bus,107348,Münchner Freiheit,107347,bus,180,same-stop,yes,yes,Existing explicit MATSim relation only; no value has been changed.
4,large,62,Münchner Freiheit,107348,Münchner Freiheit,107347,bus,107349,Münchner Freiheit,107347,tram,180,directed cross-stop,yes,yes,Existing explicit MATSim relation only; no value has been changed.
4,large,62,Münchner Freiheit,107348,Münchner Freiheit,107347,bus,107350,Münchner Freiheit,107347,bus,180,directed cross-stop,yes,yes,Existing explicit MATSim relation only; no value has been changed.
4,large,62,Münchner Freiheit,107348,Münchner Freiheit,107347,bus,107351,Münchner Freiheit,107347,bus,180,directed cross-stop,yes,yes,Existing explicit MATSim relation only; no value has been changed.
4,large,62,Münchner Freiheit,107348,Münchner Freiheit,107347,bus,107352,Münchner Freiheit,107347,bus,180,directed cross-stop,yes,yes,Existing explicit MATSim relation only; no value has been changed.
4,large,62,Münchner Freiheit,107348,Münchner Freiheit,107347,bus,107353,Münchner Freiheit,107347,subway,180,directed cross-stop,yes,yes,Existing explicit MATSim relation only; no value has been changed.
4,large,62,Münchner Freiheit,107348,Münchner Freiheit,107347,bus,107354,Münchner Freiheit,107347,subway,180,directed cross-stop,yes,yes,Existing explicit MATSim relation only; no value has been changed.
4,large,62,Münchner Freiheit,107348,Münchner Freiheit,107347,bus,107355,Münchner Freiheit,107347,subway,180,directed cross-stop,yes,yes,Existing explicit MATSim relation only; no value has been changed.
4,large,62,Münchner Freiheit,107348,Münchner Freiheit,107347,bus,107356,Münchner Freiheit,107347,subway,180,directed cross-stop,yes,yes,Existing explicit MATSim relation only; no value has been changed.
4,large,62,Münchner Freiheit,107349,Münchner Freiheit,107347,tram,107348,Münchner Freiheit,107347,bus,180,directed cross-stop,yes,yes,Existing explicit MATSim relation only; no value has been changed.
4,large,62,Münchner Freiheit,107349,Münchner Freiheit,107347,tram,107349,Münchner Freiheit,107347,tram,180,same-stop,yes,yes,Existing explicit MATSim relation only; no value has been changed.
4,large,62,Münchner Freiheit,107349,Münchner Freiheit,107347,tram,107350,Münchner Freiheit,107347,bus,180,directed cross-stop,yes,yes,Existing explicit MATSim relation only; no value has been changed.
4,large,62,Münchner Freiheit,107349,Münchner Freiheit,107347,tram,107351,Münchner Freiheit,107347,bus,180,directed cross-stop,yes,yes,Existing explicit MATSim relation only; no value has been changed.
4,large,62,Münchner Freiheit,107349,Münchner Freiheit,107347,tram,107352,Münchner Freiheit,107347,bus,180,directed cross-stop,yes,yes,Existing explicit MATSim relation only; no value has been changed.
4,large,62,Münchner Freiheit,107349,Münchner Freiheit,107347,tram,107353,Münchner Freiheit,107347,subway,180,directed cross-stop,yes,yes,Existing explicit MATSim relation only; no value has been changed.
4,large,62,Münchner Freiheit,107349,Münchner Freiheit,107347,tram,107354,Münchner Freiheit,107347,subway,180,directed cross-stop,yes,yes,Existing explicit MATSim relation only; no value has been changed.
4,large,62,Münchner Freiheit,107349,Münchner Freiheit,107347,tram,107355,Münchner Freiheit,107347,subway,180,directed cross-stop,yes,yes,Existing explicit MATSim relation only; no value has been changed.
4,large,62,Münchner Freiheit,107349,Münchner Freiheit,107347,tram,107356,Münchner Freiheit,107347,subway,180,directed cross-stop,yes,yes,Existing explicit MATSim relation only; no value has been changed.
4,large,62,Münchner Freiheit,107350,Münchner Freiheit,107347,bus,107348,Münchner Freiheit,107347,bus,180,directed cross-stop,yes,yes,Existing explicit MATSim relation only; no value has been changed.
4,large,62,Münchner Freiheit,107350,Münchner Freiheit,107347,bus,107349,Münchner Freiheit,107347,tram,180,directed cross-stop,yes,yes,Existing explicit MATSim relation only; no value has been changed.
4,large,62,Münchner Freiheit,107350,Münchner Freiheit,107347,bus,107350,Münchner Freiheit,107347,bus,180,same-stop,yes,yes,Existing explicit MATSim relation only; no value has been changed.
4,large,62,Münchner Freiheit,107350,Münchner Freiheit,107347,bus,107351,Münchner Freiheit,107347,bus,180,directed cross-stop,yes,yes,Existing explicit MATSim relation only; no value has been changed.
4,large,62,Münchner Freiheit,107350,Münchner Freiheit,107347,bus,107352,Münchner Freiheit,107347,bus,180,directed cross-stop,yes,yes,Existing explicit MATSim relation only; no value has been changed.
4,large,62,Münchner Freiheit,107350,Münchner Freiheit,107347,bus,107353,Münchner Freiheit,107347,subway,180,directed cross-stop,yes,yes,Existing explicit MATSim relation only; no value has been changed.
4,large,62,Münchner Freiheit,107350,Münchner Freiheit,107347,bus,107354,Münchner Freiheit,107347,subway,180,directed cross-stop,yes,yes,Existing explicit MATSim relation only; no value has been changed.
4,large,62,Münchner Freiheit,107350,Münchner Freiheit,107347,bus,107355,Münchner Freiheit,107347,subway,180,directed cross-stop,yes,yes,Existing explicit MATSim relation only; no value has been changed.
4,large,62,Münchner Freiheit,107350,Münchner Freiheit,107347,bus,107356,Münchner Freiheit,107347,subway,180,directed cross-stop,yes,yes,Existing explicit MATSim relation only; no value has been changed.
4,large,62,Münchner Freiheit,107351,Münchner Freiheit,107347,bus,107348,Münchner Freiheit,107347,bus,180,directed cross-stop,yes,yes,Existing explicit MATSim relation only; no value has been changed.
4,large,62,Münchner Freiheit,107351,Münchner Freiheit,107347,bus,107349,Münchner Freiheit,107347,tram,180,directed cross-stop,yes,yes,Existing explicit MATSim relation only; no value has been changed.
4,large,62,Münchner Freiheit,107351,Münchner Freiheit,107347,bus,107350,Münchner Freiheit,107347,bus,180,directed cross-stop,yes,yes,Existing explicit MATSim relation only; no value has been changed.
4,large,62,Münchner Freiheit,107351,Münchner Freiheit,107347,bus,107351,Münchner Freiheit,107347,bus,180,same-stop,yes,yes,Existing explicit MATSim relation only; no value has been changed.
4,large,62,Münchner Freiheit,107351,Münchner Freiheit,107347,bus,107352,Münchner Freiheit,107347,bus,180,directed cross-stop,yes,yes,Existing explicit MATSim relation only; no value has been changed.
4,large,62,Münchner Freiheit,107351,Münchner Freiheit,107347,bus,107353,Münchner Freiheit,107347,subway,180,directed cross-stop,yes,yes,Existing explicit MATSim relation only; no value has been changed.
4,large,62,Münchner Freiheit,107351,Münchner Freiheit,107347,bus,107354,Münchner Freiheit,107347,subway,180,directed cross-stop,yes,yes,Existing explicit MATSim relation only; no value has been changed.
4,large,62,Münchner Freiheit,107351,Münchner Freiheit,107347,bus,107355,Münchner Freiheit,107347,subway,180,directed cross-stop,yes,yes,Existing explicit MATSim relation only; no value has been changed.
4,large,62,Münchner Freiheit,107351,Münchner Freiheit,107347,bus,107356,Münchner Freiheit,107347,subway,180,directed cross-stop,yes,yes,Existing explicit MATSim relation only; no value has been changed.
4,large,62,Münchner Freiheit,107352,Münchner Freiheit,107347,bus,107348,Münchner Freiheit,107347,bus,180,directed cross-stop,yes,yes,Existing explicit MATSim relation only; no value has been changed.
4,large,62,Münchner Freiheit,107352,Münchner Freiheit,107347,bus,107349,Münchner Freiheit,107347,tram,180,directed cross-stop,yes,yes,Existing explicit MATSim relation only; no value has been changed.
4,large,62,Münchner Freiheit,107352,Münchner Freiheit,107347,bus,107350,Münchner Freiheit,107347,bus,180,directed cross-stop,yes,yes,Existing explicit MATSim relation only; no value has been changed.
4,large,62,Münchner Freiheit,107352,Münchner Freiheit,107347,bus,107351,Münchner Freiheit,107347,bus,180,directed cross-stop,yes,yes,Existing explicit MATSim relation only; no value has been changed.
4,large,62,Münchner Freiheit,107352,Münchner Freiheit,107347,bus,107352,Münchner Freiheit,107347,bus,180,same-stop,yes,yes,Existing explicit MATSim relation only; no value has been changed.
4,large,62,Münchner Freiheit,107352,Münchner Freiheit,107347,bus,107353,Münchner Freiheit,107347,subway,180,directed cross-stop,yes,yes,Existing explicit MATSim relation only; no value has been changed.
4,large,62,Münchner Freiheit,107352,Münchner Freiheit,107347,bus,107354,Münchner Freiheit,107347,subway,180,directed cross-stop,yes,yes,Existing explicit MATSim relation only; no value has been changed.
4,large,62,Münchner Freiheit,107352,Münchner Freiheit,107347,bus,107355,Münchner Freiheit,107347,subway,180,directed cross-stop,yes,yes,Existing explicit MATSim relation only; no value has been changed.
4,large,62,Münchner Freiheit,107352,Münchner Freiheit,107347,bus,107356,Münchner Freiheit,107347,subway,180,directed cross-stop,yes,yes,Existing explicit MATSim relation only; no value has been changed.
4,large,62,Münchner Freiheit,107353,Münchner Freiheit,107347,subway,107348,Münchner Freiheit,107347,bus,180,directed cross-stop,yes,yes,Existing explicit MATSim relation only; no value has been changed.
4,large,62,Münchner Freiheit,107353,Münchner Freiheit,107347,subway,107349,Münchner Freiheit,107347,tram,180,directed cross-stop,yes,yes,Existing explicit MATSim relation only; no value has been changed.
4,large,62,Münchner Freiheit,107353,Münchner Freiheit,107347,subway,107350,Münchner Freiheit,107347,bus,180,directed cross-stop,yes,yes,Existing explicit MATSim relation only; no value has been changed.
4,large,62,Münchner Freiheit,107353,Münchner Freiheit,107347,subway,107351,Münchner Freiheit,107347,bus,180,directed cross-stop,yes,yes,Existing explicit MATSim relation only; no value has been changed.
4,large,62,Münchner Freiheit,107353,Münchner Freiheit,107347,subway,107352,Münchner Freiheit,107347,bus,180,directed cross-stop,yes,yes,Existing explicit MATSim relation only; no value has been changed.
4,large,62,Münchner Freiheit,107353,Münchner Freiheit,107347,subway,107353,Münchner Freiheit,107347,subway,180,same-stop,yes,yes,Existing explicit MATSim relation only; no value has been changed.
4,large,62,Münchner Freiheit,107353,Münchner Freiheit,107347,subway,107354,Münchner Freiheit,107347,subway,180,directed cross-stop,yes,yes,Existing explicit MATSim relation only; no value has been changed.
4,large,62,Münchner Freiheit,107353,Münchner Freiheit,107347,subway,107355,Münchner Freiheit,107347,subway,180,directed cross-stop,yes,yes,Existing explicit MATSim relation only; no value has been changed.
4,large,62,Münchner Freiheit,107353,Münchner Freiheit,107347,subway,107356,Münchner Freiheit,107347,subway,180,directed cross-stop,yes,yes,Existing explicit MATSim relation only; no value has been changed.
4,large,62,Münchner Freiheit,107354,Münchner Freiheit,107347,subway,107348,Münchner Freiheit,107347,bus,180,directed cross-stop,yes,yes,Existing explicit MATSim relation only; no value has been changed.
4,large,62,Münchner Freiheit,107354,Münchner Freiheit,107347,subway,107349,Münchner Freiheit,107347,tram,180,directed cross-stop,yes,yes,Existing explicit MATSim relation only; no value has been changed.
4,large,62,Münchner Freiheit,107354,Münchner Freiheit,107347,subway,107350,Münchner Freiheit,107347,bus,180,directed cross-stop,yes,yes,Existing explicit MATSim relation only; no value has been changed.
4,large,62,Münchner Freiheit,107354,Münchner Freiheit,107347,subway,107351,Münchner Freiheit,107347,bus,180,directed cross-stop,yes,yes,Existing explicit MATSim relation only; no value has been changed.
4,large,62,Münchner Freiheit,107354,Münchner Freiheit,107347,subway,107352,Münchner Freiheit,107347,bus,180,directed cross-stop,yes,yes,Existing explicit MATSim relation only; no value has been changed.
4,large,62,Münchner Freiheit,107354,Münchner Freiheit,107347,subway,107353,Münchner Freiheit,107347,subway,180,directed cross-stop,yes,yes,Existing explicit MATSim relation only; no value has been changed.
4,large,62,Münchner Freiheit,107354,Münchner Freiheit,107347,subway,107354,Münchner Freiheit,107347,subway,180,same-stop,yes,yes,Existing explicit MATSim relation only; no value has been changed.
4,large,62,Münchner Freiheit,107354,Münchner Freiheit,107347,subway,107355,Münchner Freiheit,107347,subway,180,directed cross-stop,yes,yes,Existing explicit MATSim relation only; no value has been changed.
4,large,62,Münchner Freiheit,107354,Münchner Freiheit,107347,subway,107356,Münchner Freiheit,107347,subway,180,directed cross-stop,yes,yes,Existing explicit MATSim relation only; no value has been changed.
4,large,62,Münchner Freiheit,107355,Münchner Freiheit,107347,subway,107348,Münchner Freiheit,107347,bus,180,directed cross-stop,yes,yes,Existing explicit MATSim relation only; no value has been changed.
4,large,62,Münchner Freiheit,107355,Münchner Freiheit,107347,subway,107349,Münchner Freiheit,107347,tram,180,directed cross-stop,yes,yes,Existing explicit MATSim relation only; no value has been changed.
4,large,62,Münchner Freiheit,107355,Münchner Freiheit,107347,subway,107350,Münchner Freiheit,107347,bus,180,directed cross-stop,yes,yes,Existing explicit MATSim relation only; no value has been changed.
4,large,62,Münchner Freiheit,107355,Münchner Freiheit,107347,subway,107351,Münchner Freiheit,107347,bus,180,directed cross-stop,yes,yes,Existing explicit MATSim relation only; no value has been changed.
4,large,62,Münchner Freiheit,107355,Münchner Freiheit,107347,subway,107352,Münchner Freiheit,107347,bus,180,directed cross-stop,yes,yes,Existing explicit MATSim relation only; no value has been changed.
4,large,62,Münchner Freiheit,107355,Münchner Freiheit,107347,subway,107353,Münchner Freiheit,107347,subway,180,directed cross-stop,yes,yes,Existing explicit MATSim relation only; no value has been changed.
4,large,62,Münchner Freiheit,107355,Münchner Freiheit,107347,subway,107354,Münchner Freiheit,107347,subway,180,directed cross-stop,yes,yes,Existing explicit MATSim relation only; no value has been changed.
4,large,62,Münchner Freiheit,107355,Münchner Freiheit,107347,subway,107355,Münchner Freiheit,107347,subway,180,same-stop,yes,yes,Existing explicit MATSim relation only; no value has been changed.
4,large,62,Münchner Freiheit,107355,Münchner Freiheit,107347,subway,107356,Münchner Freiheit,107347,subway,180,directed cross-stop,yes,yes,Existing explicit MATSim relation only; no value has been changed.
4,large,62,Münchner Freiheit,107356,Münchner Freiheit,107347,subway,107348,Münchner Freiheit,107347,bus,180,directed cross-stop,yes,yes,Existing explicit MATSim relation only; no value has been changed.
4,large,62,Münchner Freiheit,107356,Münchner Freiheit,107347,subway,107349,Münchner Freiheit,107347,tram,180,directed cross-stop,yes,yes,Existing explicit MATSim relation only; no value has been changed.
4,large,62,Münchner Freiheit,107356,Münchner Freiheit,107347,subway,107350,Münchner Freiheit,107347,bus,180,directed cross-stop,yes,yes,Existing explicit MATSim relation only; no value has been changed.
4,large,62,Münchner Freiheit,107356,Münchner Freiheit,107347,subway,107351,Münchner Freiheit,107347,bus,180,directed cross-stop,yes,yes,Existing explicit MATSim relation only; no value has been changed.
4,large,62,Münchner Freiheit,107356,Münchner Freiheit,107347,subway,107352,Münchner Freiheit,107347,bus,180,directed cross-stop,yes,yes,Existing explicit MATSim relation only; no value has been changed.
4,large,62,Münchner Freiheit,107356,Münchner Freiheit,107347,subway,107353,Münchner Freiheit,107347,subway,180,directed cross-stop,yes,yes,Existing explicit MATSim relation only; no value has been changed.
4,large,62,Münchner Freiheit,107356,Münchner Freiheit,107347,subway,107354,Münchner Freiheit,107347,subway,180,directed cross-stop,yes,yes,Existing explicit MATSim relation only; no value has been changed.
4,large,62,Münchner Freiheit,107356,Münchner Freiheit,107347,subway,107355,Münchner Freiheit,107347,subway,180,directed cross-stop,yes,yes,Existing explicit MATSim relation only; no value has been changed.
4,large,62,Münchner Freiheit,107356,Münchner Freiheit,107347,subway,107356,Münchner Freiheit,107347,subway,180,same-stop,yes,yes,Existing explicit MATSim relation only; no value has been changed.
5,medium,503,Rosenheimer Platz,106070,Rosenheimer Platz,106069,tram,106070,Rosenheimer Platz,106069,tram,300,same-stop,yes,yes,Existing explicit MATSim relation only; no value has been changed.
5,medium,503,Rosenheimer Platz,106070,Rosenheimer Platz,106069,tram,106071,Rosenheimer Platz,106069,tram,300,directed cross-stop,yes,yes,Existing explicit MATSim relation only; no value has been changed.
5,medium,503,Rosenheimer Platz,106070,Rosenheimer Platz,106069,tram,106072,Rosenheimer Platz,106069,tram,300,directed cross-stop,yes,yes,Existing explicit MATSim relation only; no value has been changed.
5,medium,503,Rosenheimer Platz,106070,Rosenheimer Platz,106069,tram,106073,Rosenheimer Platz,106069,bus,300,directed cross-stop,yes,yes,Existing explicit MATSim relation only; no value has been changed.
5,medium,503,Rosenheimer Platz,106070,Rosenheimer Platz,106069,tram,106074,Rosenheimer Platz,106069,bus,300,directed cross-stop,yes,yes,Existing explicit MATSim relation only; no value has been changed.
5,medium,503,Rosenheimer Platz,106071,Rosenheimer Platz,106069,tram,106070,Rosenheimer Platz,106069,tram,300,directed cross-stop,yes,yes,Existing explicit MATSim relation only; no value has been changed.
5,medium,503,Rosenheimer Platz,106071,Rosenheimer Platz,106069,tram,106071,Rosenheimer Platz,106069,tram,300,same-stop,yes,yes,Existing explicit MATSim relation only; no value has been changed.
5,medium,503,Rosenheimer Platz,106071,Rosenheimer Platz,106069,tram,106072,Rosenheimer Platz,106069,tram,300,directed cross-stop,yes,yes,Existing explicit MATSim relation only; no value has been changed.
5,medium,503,Rosenheimer Platz,106071,Rosenheimer Platz,106069,tram,106073,Rosenheimer Platz,106069,bus,300,directed cross-stop,yes,yes,Existing explicit MATSim relation only; no value has been changed.
5,medium,503,Rosenheimer Platz,106071,Rosenheimer Platz,106069,tram,106074,Rosenheimer Platz,106069,bus,300,directed cross-stop,yes,yes,Existing explicit MATSim relation only; no value has been changed.
5,medium,503,Rosenheimer Platz,106072,Rosenheimer Platz,106069,tram,106070,Rosenheimer Platz,106069,tram,300,directed cross-stop,yes,yes,Existing explicit MATSim relation only; no value has been changed.
5,medium,503,Rosenheimer Platz,106072,Rosenheimer Platz,106069,tram,106071,Rosenheimer Platz,106069,tram,300,directed cross-stop,yes,yes,Existing explicit MATSim relation only; no value has been changed.
5,medium,503,Rosenheimer Platz,106072,Rosenheimer Platz,106069,tram,106072,Rosenheimer Platz,106069,tram,300,same-stop,yes,yes,Existing explicit MATSim relation only; no value has been changed.
5,medium,503,Rosenheimer Platz,106072,Rosenheimer Platz,106069,tram,106073,Rosenheimer Platz,106069,bus,300,directed cross-stop,yes,yes,Existing explicit MATSim relation only; no value has been changed.
5,medium,503,Rosenheimer Platz,106072,Rosenheimer Platz,106069,tram,106074,Rosenheimer Platz,106069,bus,300,directed cross-stop,yes,yes,Existing explicit MATSim relation only; no value has been changed.
5,medium,503,Rosenheimer Platz,106073,Rosenheimer Platz,106069,bus,106070,Rosenheimer Platz,106069,tram,300,directed cross-stop,yes,yes,Existing explicit MATSim relation only; no value has been changed.
5,medium,503,Rosenheimer Platz,106073,Rosenheimer Platz,106069,bus,106071,Rosenheimer Platz,106069,tram,300,directed cross-stop,yes,yes,Existing explicit MATSim relation only; no value has been changed.
5,medium,503,Rosenheimer Platz,106073,Rosenheimer Platz,106069,bus,106072,Rosenheimer Platz,106069,tram,300,directed cross-stop,yes,yes,Existing explicit MATSim relation only; no value has been changed.
5,medium,503,Rosenheimer Platz,106073,Rosenheimer Platz,106069,bus,106073,Rosenheimer Platz,106069,bus,300,same-stop,yes,yes,Existing explicit MATSim relation only; no value has been changed.
5,medium,503,Rosenheimer Platz,106073,Rosenheimer Platz,106069,bus,106074,Rosenheimer Platz,106069,bus,300,directed cross-stop,yes,yes,Existing explicit MATSim relation only; no value has been changed.
5,medium,503,Rosenheimer Platz,106074,Rosenheimer Platz,106069,bus,106070,Rosenheimer Platz,106069,tram,300,directed cross-stop,yes,yes,Existing explicit MATSim relation only; no value has been changed.
5,medium,503,Rosenheimer Platz,106074,Rosenheimer Platz,106069,bus,106071,Rosenheimer Platz,106069,tram,300,directed cross-stop,yes,yes,Existing explicit MATSim relation only; no value has been changed.
5,medium,503,Rosenheimer Platz,106074,Rosenheimer Platz,106069,bus,106072,Rosenheimer Platz,106069,tram,300,directed cross-stop,yes,yes,Existing explicit MATSim relation only; no value has been changed.
5,medium,503,Rosenheimer Platz,106074,Rosenheimer Platz,106069,bus,106073,Rosenheimer Platz,106069,bus,300,directed cross-stop,yes,yes,Existing explicit MATSim relation only; no value has been changed.
5,medium,503,Rosenheimer Platz,106074,Rosenheimer Platz,106069,bus,106074,Rosenheimer Platz,106069,bus,300,same-stop,yes,yes,Existing explicit MATSim relation only; no value has been changed.
6,medium,203,Isartor (proxy for Baaderstraße),106064,Isartor,106063,rail,106064,Isartor,106063,rail,300,same-stop,yes,yes,Existing explicit MATSim relation only; no value has been changed.
6,medium,203,Isartor (proxy for Baaderstraße),106064,Isartor,106063,rail,106065,Isartor,106063,tram,300,directed cross-stop,yes,yes,Existing explicit MATSim relation only; no value has been changed.
6,medium,203,Isartor (proxy for Baaderstraße),106064,Isartor,106063,rail,106066,Isartor,106063,tram,300,directed cross-stop,yes,yes,Existing explicit MATSim relation only; no value has been changed.
6,medium,203,Isartor (proxy for Baaderstraße),106064,Isartor,106063,rail,106067,Isartor,106063,tram,300,directed cross-stop,yes,yes,Existing explicit MATSim relation only; no value has been changed.
6,medium,203,Isartor (proxy for Baaderstraße),106064,Isartor,106063,rail,106068,Isartor,106063,tram,300,directed cross-stop,yes,yes,Existing explicit MATSim relation only; no value has been changed.
6,medium,203,Isartor (proxy for Baaderstraße),106065,Isartor,106063,tram,106064,Isartor,106063,rail,300,directed cross-stop,yes,yes,Existing explicit MATSim relation only; no value has been changed.
6,medium,203,Isartor (proxy for Baaderstraße),106065,Isartor,106063,tram,106065,Isartor,106063,tram,300,same-stop,yes,yes,Existing explicit MATSim relation only; no value has been changed.
6,medium,203,Isartor (proxy for Baaderstraße),106065,Isartor,106063,tram,106066,Isartor,106063,tram,300,directed cross-stop,yes,yes,Existing explicit MATSim relation only; no value has been changed.
6,medium,203,Isartor (proxy for Baaderstraße),106065,Isartor,106063,tram,106067,Isartor,106063,tram,300,directed cross-stop,yes,yes,Existing explicit MATSim relation only; no value has been changed.
6,medium,203,Isartor (proxy for Baaderstraße),106065,Isartor,106063,tram,106068,Isartor,106063,tram,300,directed cross-stop,yes,yes,Existing explicit MATSim relation only; no value has been changed.
6,medium,203,Isartor (proxy for Baaderstraße),106066,Isartor,106063,tram,106064,Isartor,106063,rail,300,directed cross-stop,yes,yes,Existing explicit MATSim relation only; no value has been changed.
6,medium,203,Isartor (proxy for Baaderstraße),106066,Isartor,106063,tram,106065,Isartor,106063,tram,300,directed cross-stop,yes,yes,Existing explicit MATSim relation only; no value has been changed.
6,medium,203,Isartor (proxy for Baaderstraße),106066,Isartor,106063,tram,106066,Isartor,106063,tram,300,same-stop,yes,yes,Existing explicit MATSim relation only; no value has been changed.
6,medium,203,Isartor (proxy for Baaderstraße),106066,Isartor,106063,tram,106067,Isartor,106063,tram,300,directed cross-stop,yes,yes,Existing explicit MATSim relation only; no value has been changed.
6,medium,203,Isartor (proxy for Baaderstraße),106066,Isartor,106063,tram,106068,Isartor,106063,tram,300,directed cross-stop,yes,yes,Existing explicit MATSim relation only; no value has been changed.
6,medium,203,Isartor (proxy for Baaderstraße),106067,Isartor,106063,tram,106064,Isartor,106063,rail,300,directed cross-stop,yes,yes,Existing explicit MATSim relation only; no value has been changed.
6,medium,203,Isartor (proxy for Baaderstraße),106067,Isartor,106063,tram,106065,Isartor,106063,tram,300,directed cross-stop,yes,yes,Existing explicit MATSim relation only; no value has been changed.
6,medium,203,Isartor (proxy for Baaderstraße),106067,Isartor,106063,tram,106066,Isartor,106063,tram,300,directed cross-stop,yes,yes,Existing explicit MATSim relation only; no value has been changed.
6,medium,203,Isartor (proxy for Baaderstraße),106067,Isartor,106063,tram,106067,Isartor,106063,tram,300,same-stop,yes,yes,Existing explicit MATSim relation only; no value has been changed.
6,medium,203,Isartor (proxy for Baaderstraße),106067,Isartor,106063,tram,106068,Isartor,106063,tram,300,directed cross-stop,yes,yes,Existing explicit MATSim relation only; no value has been changed.
6,medium,203,Isartor (proxy for Baaderstraße),106068,Isartor,106063,tram,106064,Isartor,106063,rail,300,directed cross-stop,yes,yes,Existing explicit MATSim relation only; no value has been changed.
6,medium,203,Isartor (proxy for Baaderstraße),106068,Isartor,106063,tram,106065,Isartor,106063,tram,300,directed cross-stop,yes,yes,Existing explicit MATSim relation only; no value has been changed.
6,medium,203,Isartor (proxy for Baaderstraße),106068,Isartor,106063,tram,106066,Isartor,106063,tram,300,directed cross-stop,yes,yes,Existing explicit MATSim relation only; no value has been changed.
6,medium,203,Isartor (proxy for Baaderstraße),106068,Isartor,106063,tram,106067,Isartor,106063,tram,300,directed cross-stop,yes,yes,Existing explicit MATSim relation only; no value has been changed.
6,medium,203,Isartor (proxy for Baaderstraße),106068,Isartor,106063,tram,106068,Isartor,106063,tram,300,same-stop,yes,yes,Existing explicit MATSim relation only; no value has been changed.
7,medium,49,Giesing station complex,108496,Giesing,108495,bus,108496,Giesing,108495,bus,180,same-stop,yes,yes,Existing explicit MATSim relation only; no value has been changed.
7,medium,49,Giesing station complex,108496,Giesing,108495,bus,108497,Giesing,108495,bus,180,directed cross-stop,yes,yes,Existing explicit MATSim relation only; no value has been changed.
7,medium,49,Giesing station complex,108496,Giesing,108495,bus,108498,Giesing,108495,rail,180,directed cross-stop,yes,yes,Existing explicit MATSim relation only; no value has been changed.
7,medium,49,Giesing station complex,108496,Giesing,108495,bus,108499,Giesing,108495,tram,180,directed cross-stop,yes,yes,Existing explicit MATSim relation only; no value has been changed.
7,medium,49,Giesing station complex,108496,Giesing,108495,bus,108500,Giesing,108495,tram,180,directed cross-stop,yes,yes,Existing explicit MATSim relation only; no value has been changed.
7,medium,49,Giesing station complex,108496,Giesing,108495,bus,108501,Giesing,108495,bus,180,directed cross-stop,yes,yes,Existing explicit MATSim relation only; no value has been changed.
7,medium,49,Giesing station complex,108496,Giesing,108495,bus,108502,Giesing,108495,bus,180,directed cross-stop,yes,yes,Existing explicit MATSim relation only; no value has been changed.
7,medium,49,Giesing station complex,108496,Giesing,108495,bus,108503,Giesing,108495,bus,180,directed cross-stop,yes,yes,Existing explicit MATSim relation only; no value has been changed.
7,medium,49,Giesing station complex,108496,Giesing,108495,bus,108504,Giesing,108495,bus,180,directed cross-stop,yes,yes,Existing explicit MATSim relation only; no value has been changed.
7,medium,49,Giesing station complex,108496,Giesing,108495,bus,108505,Giesing,108495,bus,180,directed cross-stop,yes,yes,Existing explicit MATSim relation only; no value has been changed.
7,medium,49,Giesing station complex,108496,Giesing,108495,bus,108506,Giesing,108495,bus,180,directed cross-stop,yes,yes,Existing explicit MATSim relation only; no value has been changed.
7,medium,49,Giesing station complex,108496,Giesing,108495,bus,108507,Giesing,108495,bus,180,directed cross-stop,yes,yes,Existing explicit MATSim relation only; no value has been changed.
7,medium,49,Giesing station complex,108496,Giesing,108495,bus,108508,Giesing,108495,subway,180,directed cross-stop,yes,yes,Existing explicit MATSim relation only; no value has been changed.
7,medium,49,Giesing station complex,108496,Giesing,108495,bus,108509,Giesing,108495,subway,180,directed cross-stop,yes,yes,Existing explicit MATSim relation only; no value has been changed.
7,medium,49,Giesing station complex,108497,Giesing,108495,bus,108496,Giesing,108495,bus,180,directed cross-stop,yes,yes,Existing explicit MATSim relation only; no value has been changed.
7,medium,49,Giesing station complex,108497,Giesing,108495,bus,108497,Giesing,108495,bus,180,same-stop,yes,yes,Existing explicit MATSim relation only; no value has been changed.
7,medium,49,Giesing station complex,108497,Giesing,108495,bus,108498,Giesing,108495,rail,180,directed cross-stop,yes,yes,Existing explicit MATSim relation only; no value has been changed.
7,medium,49,Giesing station complex,108497,Giesing,108495,bus,108499,Giesing,108495,tram,180,directed cross-stop,yes,yes,Existing explicit MATSim relation only; no value has been changed.
7,medium,49,Giesing station complex,108497,Giesing,108495,bus,108500,Giesing,108495,tram,180,directed cross-stop,yes,yes,Existing explicit MATSim relation only; no value has been changed.
7,medium,49,Giesing station complex,108497,Giesing,108495,bus,108501,Giesing,108495,bus,180,directed cross-stop,yes,yes,Existing explicit MATSim relation only; no value has been changed.
7,medium,49,Giesing station complex,108497,Giesing,108495,bus,108502,Giesing,108495,bus,180,directed cross-stop,yes,yes,Existing explicit MATSim relation only; no value has been changed.
7,medium,49,Giesing station complex,108497,Giesing,108495,bus,108503,Giesing,108495,bus,180,directed cross-stop,yes,yes,Existing explicit MATSim relation only; no value has been changed.
7,medium,49,Giesing station complex,108497,Giesing,108495,bus,108504,Giesing,108495,bus,180,directed cross-stop,yes,yes,Existing explicit MATSim relation only; no value has been changed.
7,medium,49,Giesing station complex,108497,Giesing,108495,bus,108505,Giesing,108495,bus,180,directed cross-stop,yes,yes,Existing explicit MATSim relation only; no value has been changed.
7,medium,49,Giesing station complex,108497,Giesing,108495,bus,108506,Giesing,108495,bus,180,directed cross-stop,yes,yes,Existing explicit MATSim relation only; no value has been changed.
7,medium,49,Giesing station complex,108497,Giesing,108495,bus,108507,Giesing,108495,bus,180,directed cross-stop,yes,yes,Existing explicit MATSim relation only; no value has been changed.
7,medium,49,Giesing station complex,108497,Giesing,108495,bus,108508,Giesing,108495,subway,180,directed cross-stop,yes,yes,Existing explicit MATSim relation only; no value has been changed.
7,medium,49,Giesing station complex,108497,Giesing,108495,bus,108509,Giesing,108495,subway,180,directed cross-stop,yes,yes,Existing explicit MATSim relation only; no value has been changed.
7,medium,49,Giesing station complex,108498,Giesing,108495,rail,108496,Giesing,108495,bus,180,directed cross-stop,yes,yes,Existing explicit MATSim relation only; no value has been changed.
7,medium,49,Giesing station complex,108498,Giesing,108495,rail,108497,Giesing,108495,bus,180,directed cross-stop,yes,yes,Existing explicit MATSim relation only; no value has been changed.
7,medium,49,Giesing station complex,108498,Giesing,108495,rail,108498,Giesing,108495,rail,180,same-stop,yes,yes,Existing explicit MATSim relation only; no value has been changed.
7,medium,49,Giesing station complex,108498,Giesing,108495,rail,108499,Giesing,108495,tram,180,directed cross-stop,yes,yes,Existing explicit MATSim relation only; no value has been changed.
7,medium,49,Giesing station complex,108498,Giesing,108495,rail,108500,Giesing,108495,tram,180,directed cross-stop,yes,yes,Existing explicit MATSim relation only; no value has been changed.
7,medium,49,Giesing station complex,108498,Giesing,108495,rail,108501,Giesing,108495,bus,180,directed cross-stop,yes,yes,Existing explicit MATSim relation only; no value has been changed.
7,medium,49,Giesing station complex,108498,Giesing,108495,rail,108502,Giesing,108495,bus,180,directed cross-stop,yes,yes,Existing explicit MATSim relation only; no value has been changed.
7,medium,49,Giesing station complex,108498,Giesing,108495,rail,108503,Giesing,108495,bus,180,directed cross-stop,yes,yes,Existing explicit MATSim relation only; no value has been changed.
7,medium,49,Giesing station complex,108498,Giesing,108495,rail,108504,Giesing,108495,bus,180,directed cross-stop,yes,yes,Existing explicit MATSim relation only; no value has been changed.
7,medium,49,Giesing station complex,108498,Giesing,108495,rail,108505,Giesing,108495,bus,180,directed cross-stop,yes,yes,Existing explicit MATSim relation only; no value has been changed.
7,medium,49,Giesing station complex,108498,Giesing,108495,rail,108506,Giesing,108495,bus,180,directed cross-stop,yes,yes,Existing explicit MATSim relation only; no value has been changed.
7,medium,49,Giesing station complex,108498,Giesing,108495,rail,108507,Giesing,108495,bus,180,directed cross-stop,yes,yes,Existing explicit MATSim relation only; no value has been changed.
7,medium,49,Giesing station complex,108498,Giesing,108495,rail,108508,Giesing,108495,subway,180,directed cross-stop,yes,yes,Existing explicit MATSim relation only; no value has been changed.
7,medium,49,Giesing station complex,108498,Giesing,108495,rail,108509,Giesing,108495,subway,180,directed cross-stop,yes,yes,Existing explicit MATSim relation only; no value has been changed.
7,medium,49,Giesing station complex,108499,Giesing,108495,tram,108496,Giesing,108495,bus,180,directed cross-stop,yes,yes,Existing explicit MATSim relation only; no value has been changed.
7,medium,49,Giesing station complex,108499,Giesing,108495,tram,108497,Giesing,108495,bus,180,directed cross-stop,yes,yes,Existing explicit MATSim relation only; no value has been changed.
7,medium,49,Giesing station complex,108499,Giesing,108495,tram,108498,Giesing,108495,rail,180,directed cross-stop,yes,yes,Existing explicit MATSim relation only; no value has been changed.
7,medium,49,Giesing station complex,108499,Giesing,108495,tram,108499,Giesing,108495,tram,180,same-stop,yes,yes,Existing explicit MATSim relation only; no value has been changed.
7,medium,49,Giesing station complex,108499,Giesing,108495,tram,108500,Giesing,108495,tram,180,directed cross-stop,yes,yes,Existing explicit MATSim relation only; no value has been changed.
7,medium,49,Giesing station complex,108499,Giesing,108495,tram,108501,Giesing,108495,bus,180,directed cross-stop,yes,yes,Existing explicit MATSim relation only; no value has been changed.
7,medium,49,Giesing station complex,108499,Giesing,108495,tram,108502,Giesing,108495,bus,180,directed cross-stop,yes,yes,Existing explicit MATSim relation only; no value has been changed.
7,medium,49,Giesing station complex,108499,Giesing,108495,tram,108503,Giesing,108495,bus,180,directed cross-stop,yes,yes,Existing explicit MATSim relation only; no value has been changed.
7,medium,49,Giesing station complex,108499,Giesing,108495,tram,108504,Giesing,108495,bus,180,directed cross-stop,yes,yes,Existing explicit MATSim relation only; no value has been changed.
7,medium,49,Giesing station complex,108499,Giesing,108495,tram,108505,Giesing,108495,bus,180,directed cross-stop,yes,yes,Existing explicit MATSim relation only; no value has been changed.
7,medium,49,Giesing station complex,108499,Giesing,108495,tram,108506,Giesing,108495,bus,180,directed cross-stop,yes,yes,Existing explicit MATSim relation only; no value has been changed.
7,medium,49,Giesing station complex,108499,Giesing,108495,tram,108507,Giesing,108495,bus,180,directed cross-stop,yes,yes,Existing explicit MATSim relation only; no value has been changed.
7,medium,49,Giesing station complex,108499,Giesing,108495,tram,108508,Giesing,108495,subway,180,directed cross-stop,yes,yes,Existing explicit MATSim relation only; no value has been changed.
7,medium,49,Giesing station complex,108499,Giesing,108495,tram,108509,Giesing,108495,subway,180,directed cross-stop,yes,yes,Existing explicit MATSim relation only; no value has been changed.
7,medium,49,Giesing station complex,108500,Giesing,108495,tram,108496,Giesing,108495,bus,180,directed cross-stop,yes,yes,Existing explicit MATSim relation only; no value has been changed.
7,medium,49,Giesing station complex,108500,Giesing,108495,tram,108497,Giesing,108495,bus,180,directed cross-stop,yes,yes,Existing explicit MATSim relation only; no value has been changed.
7,medium,49,Giesing station complex,108500,Giesing,108495,tram,108498,Giesing,108495,rail,180,directed cross-stop,yes,yes,Existing explicit MATSim relation only; no value has been changed.
7,medium,49,Giesing station complex,108500,Giesing,108495,tram,108499,Giesing,108495,tram,180,directed cross-stop,yes,yes,Existing explicit MATSim relation only; no value has been changed.
7,medium,49,Giesing station complex,108500,Giesing,108495,tram,108500,Giesing,108495,tram,180,same-stop,yes,yes,Existing explicit MATSim relation only; no value has been changed.
7,medium,49,Giesing station complex,108500,Giesing,108495,tram,108501,Giesing,108495,bus,180,directed cross-stop,yes,yes,Existing explicit MATSim relation only; no value has been changed.
7,medium,49,Giesing station complex,108500,Giesing,108495,tram,108502,Giesing,108495,bus,180,directed cross-stop,yes,yes,Existing explicit MATSim relation only; no value has been changed.
7,medium,49,Giesing station complex,108500,Giesing,108495,tram,108503,Giesing,108495,bus,180,directed cross-stop,yes,yes,Existing explicit MATSim relation only; no value has been changed.
7,medium,49,Giesing station complex,108500,Giesing,108495,tram,108504,Giesing,108495,bus,180,directed cross-stop,yes,yes,Existing explicit MATSim relation only; no value has been changed.
7,medium,49,Giesing station complex,108500,Giesing,108495,tram,108505,Giesing,108495,bus,180,directed cross-stop,yes,yes,Existing explicit MATSim relation only; no value has been changed.
7,medium,49,Giesing station complex,108500,Giesing,108495,tram,108506,Giesing,108495,bus,180,directed cross-stop,yes,yes,Existing explicit MATSim relation only; no value has been changed.
7,medium,49,Giesing station complex,108500,Giesing,108495,tram,108507,Giesing,108495,bus,180,directed cross-stop,yes,yes,Existing explicit MATSim relation only; no value has been changed.
7,medium,49,Giesing station complex,108500,Giesing,108495,tram,108508,Giesing,108495,subway,180,directed cross-stop,yes,yes,Existing explicit MATSim relation only; no value has been changed.
7,medium,49,Giesing station complex,108500,Giesing,108495,tram,108509,Giesing,108495,subway,180,directed cross-stop,yes,yes,Existing explicit MATSim relation only; no value has been changed.
7,medium,49,Giesing station complex,108501,Giesing,108495,bus,108496,Giesing,108495,bus,180,directed cross-stop,yes,yes,Existing explicit MATSim relation only; no value has been changed.
7,medium,49,Giesing station complex,108501,Giesing,108495,bus,108497,Giesing,108495,bus,180,directed cross-stop,yes,yes,Existing explicit MATSim relation only; no value has been changed.
7,medium,49,Giesing station complex,108501,Giesing,108495,bus,108498,Giesing,108495,rail,180,directed cross-stop,yes,yes,Existing explicit MATSim relation only; no value has been changed.
7,medium,49,Giesing station complex,108501,Giesing,108495,bus,108499,Giesing,108495,tram,180,directed cross-stop,yes,yes,Existing explicit MATSim relation only; no value has been changed.
7,medium,49,Giesing station complex,108501,Giesing,108495,bus,108500,Giesing,108495,tram,180,directed cross-stop,yes,yes,Existing explicit MATSim relation only; no value has been changed.
7,medium,49,Giesing station complex,108501,Giesing,108495,bus,108501,Giesing,108495,bus,180,same-stop,yes,yes,Existing explicit MATSim relation only; no value has been changed.
7,medium,49,Giesing station complex,108501,Giesing,108495,bus,108502,Giesing,108495,bus,180,directed cross-stop,yes,yes,Existing explicit MATSim relation only; no value has been changed.
7,medium,49,Giesing station complex,108501,Giesing,108495,bus,108503,Giesing,108495,bus,180,directed cross-stop,yes,yes,Existing explicit MATSim relation only; no value has been changed.
7,medium,49,Giesing station complex,108501,Giesing,108495,bus,108504,Giesing,108495,bus,180,directed cross-stop,yes,yes,Existing explicit MATSim relation only; no value has been changed.
7,medium,49,Giesing station complex,108501,Giesing,108495,bus,108505,Giesing,108495,bus,180,directed cross-stop,yes,yes,Existing explicit MATSim relation only; no value has been changed.
7,medium,49,Giesing station complex,108501,Giesing,108495,bus,108506,Giesing,108495,bus,180,directed cross-stop,yes,yes,Existing explicit MATSim relation only; no value has been changed.
7,medium,49,Giesing station complex,108501,Giesing,108495,bus,108507,Giesing,108495,bus,180,directed cross-stop,yes,yes,Existing explicit MATSim relation only; no value has been changed.
7,medium,49,Giesing station complex,108501,Giesing,108495,bus,108508,Giesing,108495,subway,180,directed cross-stop,yes,yes,Existing explicit MATSim relation only; no value has been changed.
7,medium,49,Giesing station complex,108501,Giesing,108495,bus,108509,Giesing,108495,subway,180,directed cross-stop,yes,yes,Existing explicit MATSim relation only; no value has been changed.
7,medium,49,Giesing station complex,108502,Giesing,108495,bus,108496,Giesing,108495,bus,180,directed cross-stop,yes,yes,Existing explicit MATSim relation only; no value has been changed.
7,medium,49,Giesing station complex,108502,Giesing,108495,bus,108497,Giesing,108495,bus,180,directed cross-stop,yes,yes,Existing explicit MATSim relation only; no value has been changed.
7,medium,49,Giesing station complex,108502,Giesing,108495,bus,108498,Giesing,108495,rail,180,directed cross-stop,yes,yes,Existing explicit MATSim relation only; no value has been changed.
7,medium,49,Giesing station complex,108502,Giesing,108495,bus,108499,Giesing,108495,tram,180,directed cross-stop,yes,yes,Existing explicit MATSim relation only; no value has been changed.
7,medium,49,Giesing station complex,108502,Giesing,108495,bus,108500,Giesing,108495,tram,180,directed cross-stop,yes,yes,Existing explicit MATSim relation only; no value has been changed.
7,medium,49,Giesing station complex,108502,Giesing,108495,bus,108501,Giesing,108495,bus,180,directed cross-stop,yes,yes,Existing explicit MATSim relation only; no value has been changed.
7,medium,49,Giesing station complex,108502,Giesing,108495,bus,108502,Giesing,108495,bus,180,same-stop,yes,yes,Existing explicit MATSim relation only; no value has been changed.
7,medium,49,Giesing station complex,108502,Giesing,108495,bus,108503,Giesing,108495,bus,180,directed cross-stop,yes,yes,Existing explicit MATSim relation only; no value has been changed.
7,medium,49,Giesing station complex,108502,Giesing,108495,bus,108504,Giesing,108495,bus,180,directed cross-stop,yes,yes,Existing explicit MATSim relation only; no value has been changed.
7,medium,49,Giesing station complex,108502,Giesing,108495,bus,108505,Giesing,108495,bus,180,directed cross-stop,yes,yes,Existing explicit MATSim relation only; no value has been changed.
7,medium,49,Giesing station complex,108502,Giesing,108495,bus,108506,Giesing,108495,bus,180,directed cross-stop,yes,yes,Existing explicit MATSim relation only; no value has been changed.
7,medium,49,Giesing station complex,108502,Giesing,108495,bus,108507,Giesing,108495,bus,180,directed cross-stop,yes,yes,Existing explicit MATSim relation only; no value has been changed.
7,medium,49,Giesing station complex,108502,Giesing,108495,bus,108508,Giesing,108495,subway,180,directed cross-stop,yes,yes,Existing explicit MATSim relation only; no value has been changed.
7,medium,49,Giesing station complex,108502,Giesing,108495,bus,108509,Giesing,108495,subway,180,directed cross-stop,yes,yes,Existing explicit MATSim relation only; no value has been changed.
7,medium,49,Giesing station complex,108503,Giesing,108495,bus,108496,Giesing,108495,bus,180,directed cross-stop,yes,yes,Existing explicit MATSim relation only; no value has been changed.
7,medium,49,Giesing station complex,108503,Giesing,108495,bus,108497,Giesing,108495,bus,180,directed cross-stop,yes,yes,Existing explicit MATSim relation only; no value has been changed.
7,medium,49,Giesing station complex,108503,Giesing,108495,bus,108498,Giesing,108495,rail,180,directed cross-stop,yes,yes,Existing explicit MATSim relation only; no value has been changed.
7,medium,49,Giesing station complex,108503,Giesing,108495,bus,108499,Giesing,108495,tram,180,directed cross-stop,yes,yes,Existing explicit MATSim relation only; no value has been changed.
7,medium,49,Giesing station complex,108503,Giesing,108495,bus,108500,Giesing,108495,tram,180,directed cross-stop,yes,yes,Existing explicit MATSim relation only; no value has been changed.
7,medium,49,Giesing station complex,108503,Giesing,108495,bus,108501,Giesing,108495,bus,180,directed cross-stop,yes,yes,Existing explicit MATSim relation only; no value has been changed.
7,medium,49,Giesing station complex,108503,Giesing,108495,bus,108502,Giesing,108495,bus,180,directed cross-stop,yes,yes,Existing explicit MATSim relation only; no value has been changed.
7,medium,49,Giesing station complex,108503,Giesing,108495,bus,108503,Giesing,108495,bus,180,same-stop,yes,yes,Existing explicit MATSim relation only; no value has been changed.
7,medium,49,Giesing station complex,108503,Giesing,108495,bus,108504,Giesing,108495,bus,180,directed cross-stop,yes,yes,Existing explicit MATSim relation only; no value has been changed.
7,medium,49,Giesing station complex,108503,Giesing,108495,bus,108505,Giesing,108495,bus,180,directed cross-stop,yes,yes,Existing explicit MATSim relation only; no value has been changed.
7,medium,49,Giesing station complex,108503,Giesing,108495,bus,108506,Giesing,108495,bus,180,directed cross-stop,yes,yes,Existing explicit MATSim relation only; no value has been changed.
7,medium,49,Giesing station complex,108503,Giesing,108495,bus,108507,Giesing,108495,bus,180,directed cross-stop,yes,yes,Existing explicit MATSim relation only; no value has been changed.
7,medium,49,Giesing station complex,108503,Giesing,108495,bus,108508,Giesing,108495,subway,180,directed cross-stop,yes,yes,Existing explicit MATSim relation only; no value has been changed.
7,medium,49,Giesing station complex,108503,Giesing,108495,bus,108509,Giesing,108495,subway,180,directed cross-stop,yes,yes,Existing explicit MATSim relation only; no value has been changed.
7,medium,49,Giesing station complex,108504,Giesing,108495,bus,108496,Giesing,108495,bus,180,directed cross-stop,yes,yes,Existing explicit MATSim relation only; no value has been changed.
7,medium,49,Giesing station complex,108504,Giesing,108495,bus,108497,Giesing,108495,bus,180,directed cross-stop,yes,yes,Existing explicit MATSim relation only; no value has been changed.
7,medium,49,Giesing station complex,108504,Giesing,108495,bus,108498,Giesing,108495,rail,180,directed cross-stop,yes,yes,Existing explicit MATSim relation only; no value has been changed.
7,medium,49,Giesing station complex,108504,Giesing,108495,bus,108499,Giesing,108495,tram,180,directed cross-stop,yes,yes,Existing explicit MATSim relation only; no value has been changed.
7,medium,49,Giesing station complex,108504,Giesing,108495,bus,108500,Giesing,108495,tram,180,directed cross-stop,yes,yes,Existing explicit MATSim relation only; no value has been changed.
7,medium,49,Giesing station complex,108504,Giesing,108495,bus,108501,Giesing,108495,bus,180,directed cross-stop,yes,yes,Existing explicit MATSim relation only; no value has been changed.
7,medium,49,Giesing station complex,108504,Giesing,108495,bus,108502,Giesing,108495,bus,180,directed cross-stop,yes,yes,Existing explicit MATSim relation only; no value has been changed.
7,medium,49,Giesing station complex,108504,Giesing,108495,bus,108503,Giesing,108495,bus,180,directed cross-stop,yes,yes,Existing explicit MATSim relation only; no value has been changed.
7,medium,49,Giesing station complex,108504,Giesing,108495,bus,108504,Giesing,108495,bus,180,same-stop,yes,yes,Existing explicit MATSim relation only; no value has been changed.
7,medium,49,Giesing station complex,108504,Giesing,108495,bus,108505,Giesing,108495,bus,180,directed cross-stop,yes,yes,Existing explicit MATSim relation only; no value has been changed.
7,medium,49,Giesing station complex,108504,Giesing,108495,bus,108506,Giesing,108495,bus,180,directed cross-stop,yes,yes,Existing explicit MATSim relation only; no value has been changed.
7,medium,49,Giesing station complex,108504,Giesing,108495,bus,108507,Giesing,108495,bus,180,directed cross-stop,yes,yes,Existing explicit MATSim relation only; no value has been changed.
7,medium,49,Giesing station complex,108504,Giesing,108495,bus,108508,Giesing,108495,subway,180,directed cross-stop,yes,yes,Existing explicit MATSim relation only; no value has been changed.
7,medium,49,Giesing station complex,108504,Giesing,108495,bus,108509,Giesing,108495,subway,180,directed cross-stop,yes,yes,Existing explicit MATSim relation only; no value has been changed.
7,medium,49,Giesing station complex,108505,Giesing,108495,bus,108496,Giesing,108495,bus,180,directed cross-stop,yes,yes,Existing explicit MATSim relation only; no value has been changed.
7,medium,49,Giesing station complex,108505,Giesing,108495,bus,108497,Giesing,108495,bus,180,directed cross-stop,yes,yes,Existing explicit MATSim relation only; no value has been changed.
7,medium,49,Giesing station complex,108505,Giesing,108495,bus,108498,Giesing,108495,rail,180,directed cross-stop,yes,yes,Existing explicit MATSim relation only; no value has been changed.
7,medium,49,Giesing station complex,108505,Giesing,108495,bus,108499,Giesing,108495,tram,180,directed cross-stop,yes,yes,Existing explicit MATSim relation only; no value has been changed.
7,medium,49,Giesing station complex,108505,Giesing,108495,bus,108500,Giesing,108495,tram,180,directed cross-stop,yes,yes,Existing explicit MATSim relation only; no value has been changed.
7,medium,49,Giesing station complex,108505,Giesing,108495,bus,108501,Giesing,108495,bus,180,directed cross-stop,yes,yes,Existing explicit MATSim relation only; no value has been changed.
7,medium,49,Giesing station complex,108505,Giesing,108495,bus,108502,Giesing,108495,bus,180,directed cross-stop,yes,yes,Existing explicit MATSim relation only; no value has been changed.
7,medium,49,Giesing station complex,108505,Giesing,108495,bus,108503,Giesing,108495,bus,180,directed cross-stop,yes,yes,Existing explicit MATSim relation only; no value has been changed.
7,medium,49,Giesing station complex,108505,Giesing,108495,bus,108504,Giesing,108495,bus,180,directed cross-stop,yes,yes,Existing explicit MATSim relation only; no value has been changed.
7,medium,49,Giesing station complex,108505,Giesing,108495,bus,108505,Giesing,108495,bus,180,same-stop,yes,yes,Existing explicit MATSim relation only; no value has been changed.
7,medium,49,Giesing station complex,108505,Giesing,108495,bus,108506,Giesing,108495,bus,180,directed cross-stop,yes,yes,Existing explicit MATSim relation only; no value has been changed.
7,medium,49,Giesing station complex,108505,Giesing,108495,bus,108507,Giesing,108495,bus,180,directed cross-stop,yes,yes,Existing explicit MATSim relation only; no value has been changed.
7,medium,49,Giesing station complex,108505,Giesing,108495,bus,108508,Giesing,108495,subway,180,directed cross-stop,yes,yes,Existing explicit MATSim relation only; no value has been changed.
7,medium,49,Giesing station complex,108505,Giesing,108495,bus,108509,Giesing,108495,subway,180,directed cross-stop,yes,yes,Existing explicit MATSim relation only; no value has been changed.
7,medium,49,Giesing station complex,108506,Giesing,108495,bus,108496,Giesing,108495,bus,180,directed cross-stop,yes,yes,Existing explicit MATSim relation only; no value has been changed.
7,medium,49,Giesing station complex,108506,Giesing,108495,bus,108497,Giesing,108495,bus,180,directed cross-stop,yes,yes,Existing explicit MATSim relation only; no value has been changed.
7,medium,49,Giesing station complex,108506,Giesing,108495,bus,108498,Giesing,108495,rail,180,directed cross-stop,yes,yes,Existing explicit MATSim relation only; no value has been changed.
7,medium,49,Giesing station complex,108506,Giesing,108495,bus,108499,Giesing,108495,tram,180,directed cross-stop,yes,yes,Existing explicit MATSim relation only; no value has been changed.
7,medium,49,Giesing station complex,108506,Giesing,108495,bus,108500,Giesing,108495,tram,180,directed cross-stop,yes,yes,Existing explicit MATSim relation only; no value has been changed.
7,medium,49,Giesing station complex,108506,Giesing,108495,bus,108501,Giesing,108495,bus,180,directed cross-stop,yes,yes,Existing explicit MATSim relation only; no value has been changed.
7,medium,49,Giesing station complex,108506,Giesing,108495,bus,108502,Giesing,108495,bus,180,directed cross-stop,yes,yes,Existing explicit MATSim relation only; no value has been changed.
7,medium,49,Giesing station complex,108506,Giesing,108495,bus,108503,Giesing,108495,bus,180,directed cross-stop,yes,yes,Existing explicit MATSim relation only; no value has been changed.
7,medium,49,Giesing station complex,108506,Giesing,108495,bus,108504,Giesing,108495,bus,180,directed cross-stop,yes,yes,Existing explicit MATSim relation only; no value has been changed.
7,medium,49,Giesing station complex,108506,Giesing,108495,bus,108505,Giesing,108495,bus,180,directed cross-stop,yes,yes,Existing explicit MATSim relation only; no value has been changed.
7,medium,49,Giesing station complex,108506,Giesing,108495,bus,108506,Giesing,108495,bus,180,same-stop,yes,yes,Existing explicit MATSim relation only; no value has been changed.
7,medium,49,Giesing station complex,108506,Giesing,108495,bus,108507,Giesing,108495,bus,180,directed cross-stop,yes,yes,Existing explicit MATSim relation only; no value has been changed.
7,medium,49,Giesing station complex,108506,Giesing,108495,bus,108508,Giesing,108495,subway,180,directed cross-stop,yes,yes,Existing explicit MATSim relation only; no value has been changed.
7,medium,49,Giesing station complex,108506,Giesing,108495,bus,108509,Giesing,108495,subway,180,directed cross-stop,yes,yes,Existing explicit MATSim relation only; no value has been changed.
7,medium,49,Giesing station complex,108507,Giesing,108495,bus,108496,Giesing,108495,bus,180,directed cross-stop,yes,yes,Existing explicit MATSim relation only; no value has been changed.
7,medium,49,Giesing station complex,108507,Giesing,108495,bus,108497,Giesing,108495,bus,180,directed cross-stop,yes,yes,Existing explicit MATSim relation only; no value has been changed.
7,medium,49,Giesing station complex,108507,Giesing,108495,bus,108498,Giesing,108495,rail,180,directed cross-stop,yes,yes,Existing explicit MATSim relation only; no value has been changed.
7,medium,49,Giesing station complex,108507,Giesing,108495,bus,108499,Giesing,108495,tram,180,directed cross-stop,yes,yes,Existing explicit MATSim relation only; no value has been changed.
7,medium,49,Giesing station complex,108507,Giesing,108495,bus,108500,Giesing,108495,tram,180,directed cross-stop,yes,yes,Existing explicit MATSim relation only; no value has been changed.
7,medium,49,Giesing station complex,108507,Giesing,108495,bus,108501,Giesing,108495,bus,180,directed cross-stop,yes,yes,Existing explicit MATSim relation only; no value has been changed.
7,medium,49,Giesing station complex,108507,Giesing,108495,bus,108502,Giesing,108495,bus,180,directed cross-stop,yes,yes,Existing explicit MATSim relation only; no value has been changed.
7,medium,49,Giesing station complex,108507,Giesing,108495,bus,108503,Giesing,108495,bus,180,directed cross-stop,yes,yes,Existing explicit MATSim relation only; no value has been changed.
7,medium,49,Giesing station complex,108507,Giesing,108495,bus,108504,Giesing,108495,bus,180,directed cross-stop,yes,yes,Existing explicit MATSim relation only; no value has been changed.
7,medium,49,Giesing station complex,108507,Giesing,108495,bus,108505,Giesing,108495,bus,180,directed cross-stop,yes,yes,Existing explicit MATSim relation only; no value has been changed.
7,medium,49,Giesing station complex,108507,Giesing,108495,bus,108506,Giesing,108495,bus,180,directed cross-stop,yes,yes,Existing explicit MATSim relation only; no value has been changed.
7,medium,49,Giesing station complex,108507,Giesing,108495,bus,108507,Giesing,108495,bus,180,same-stop,yes,yes,Existing explicit MATSim relation only; no value has been changed.
7,medium,49,Giesing station complex,108507,Giesing,108495,bus,108508,Giesing,108495,subway,180,directed cross-stop,yes,yes,Existing explicit MATSim relation only; no value has been changed.
7,medium,49,Giesing station complex,108507,Giesing,108495,bus,108509,Giesing,108495,subway,180,directed cross-stop,yes,yes,Existing explicit MATSim relation only; no value has been changed.
7,medium,49,Giesing station complex,108508,Giesing,108495,subway,108496,Giesing,108495,bus,180,directed cross-stop,yes,yes,Existing explicit MATSim relation only; no value has been changed.
7,medium,49,Giesing station complex,108508,Giesing,108495,subway,108497,Giesing,108495,bus,180,directed cross-stop,yes,yes,Existing explicit MATSim relation only; no value has been changed.
7,medium,49,Giesing station complex,108508,Giesing,108495,subway,108498,Giesing,108495,rail,180,directed cross-stop,yes,yes,Existing explicit MATSim relation only; no value has been changed.
7,medium,49,Giesing station complex,108508,Giesing,108495,subway,108499,Giesing,108495,tram,180,directed cross-stop,yes,yes,Existing explicit MATSim relation only; no value has been changed.
7,medium,49,Giesing station complex,108508,Giesing,108495,subway,108500,Giesing,108495,tram,180,directed cross-stop,yes,yes,Existing explicit MATSim relation only; no value has been changed.
7,medium,49,Giesing station complex,108508,Giesing,108495,subway,108501,Giesing,108495,bus,180,directed cross-stop,yes,yes,Existing explicit MATSim relation only; no value has been changed.
7,medium,49,Giesing station complex,108508,Giesing,108495,subway,108502,Giesing,108495,bus,180,directed cross-stop,yes,yes,Existing explicit MATSim relation only; no value has been changed.
7,medium,49,Giesing station complex,108508,Giesing,108495,subway,108503,Giesing,108495,bus,180,directed cross-stop,yes,yes,Existing explicit MATSim relation only; no value has been changed.
7,medium,49,Giesing station complex,108508,Giesing,108495,subway,108504,Giesing,108495,bus,180,directed cross-stop,yes,yes,Existing explicit MATSim relation only; no value has been changed.
7,medium,49,Giesing station complex,108508,Giesing,108495,subway,108505,Giesing,108495,bus,180,directed cross-stop,yes,yes,Existing explicit MATSim relation only; no value has been changed.
7,medium,49,Giesing station complex,108508,Giesing,108495,subway,108506,Giesing,108495,bus,180,directed cross-stop,yes,yes,Existing explicit MATSim relation only; no value has been changed.
7,medium,49,Giesing station complex,108508,Giesing,108495,subway,108507,Giesing,108495,bus,180,directed cross-stop,yes,yes,Existing explicit MATSim relation only; no value has been changed.
7,medium,49,Giesing station complex,108508,Giesing,108495,subway,108508,Giesing,108495,subway,180,same-stop,yes,yes,Existing explicit MATSim relation only; no value has been changed.
7,medium,49,Giesing station complex,108508,Giesing,108495,subway,108509,Giesing,108495,subway,180,directed cross-stop,yes,yes,Existing explicit MATSim relation only; no value has been changed.
7,medium,49,Giesing station complex,108509,Giesing,108495,subway,108496,Giesing,108495,bus,180,directed cross-stop,yes,yes,Existing explicit MATSim relation only; no value has been changed.
7,medium,49,Giesing station complex,108509,Giesing,108495,subway,108497,Giesing,108495,bus,180,directed cross-stop,yes,yes,Existing explicit MATSim relation only; no value has been changed.
7,medium,49,Giesing station complex,108509,Giesing,108495,subway,108498,Giesing,108495,rail,180,directed cross-stop,yes,yes,Existing explicit MATSim relation only; no value has been changed.
7,medium,49,Giesing station complex,108509,Giesing,108495,subway,108499,Giesing,108495,tram,180,directed cross-stop,yes,yes,Existing explicit MATSim relation only; no value has been changed.
7,medium,49,Giesing station complex,108509,Giesing,108495,subway,108500,Giesing,108495,tram,180,directed cross-stop,yes,yes,Existing explicit MATSim relation only; no value has been changed.
7,medium,49,Giesing station complex,108509,Giesing,108495,subway,108501,Giesing,108495,bus,180,directed cross-stop,yes,yes,Existing explicit MATSim relation only; no value has been changed.
7,medium,49,Giesing station complex,108509,Giesing,108495,subway,108502,Giesing,108495,bus,180,directed cross-stop,yes,yes,Existing explicit MATSim relation only; no value has been changed.
7,medium,49,Giesing station complex,108509,Giesing,108495,subway,108503,Giesing,108495,bus,180,directed cross-stop,yes,yes,Existing explicit MATSim relation only; no value has been changed.
7,medium,49,Giesing station complex,108509,Giesing,108495,subway,108504,Giesing,108495,bus,180,directed cross-stop,yes,yes,Existing explicit MATSim relation only; no value has been changed.
7,medium,49,Giesing station complex,108509,Giesing,108495,subway,108505,Giesing,108495,bus,180,directed cross-stop,yes,yes,Existing explicit MATSim relation only; no value has been changed.
7,medium,49,Giesing station complex,108509,Giesing,108495,subway,108506,Giesing,108495,bus,180,directed cross-stop,yes,yes,Existing explicit MATSim relation only; no value has been changed.
7,medium,49,Giesing station complex,108509,Giesing,108495,subway,108507,Giesing,108495,bus,180,directed cross-stop,yes,yes,Existing explicit MATSim relation only; no value has been changed.
7,medium,49,Giesing station complex,108509,Giesing,108495,subway,108508,Giesing,108495,subway,180,directed cross-stop,yes,yes,Existing explicit MATSim relation only; no value has been changed.
7,medium,49,Giesing station complex,108509,Giesing,108495,subway,108509,Giesing,108495,subway,180,same-stop,yes,yes,Existing explicit MATSim relation only; no value has been changed.
8,medium,402,Scheidplatz / Scheidplatz Süd station complex,107136,Scheidplatz Süd,107135,bus,107136,Scheidplatz Süd,107135,bus,180,same-stop,yes,yes,Existing explicit MATSim relation only; no value has been changed.
8,medium,402,Scheidplatz / Scheidplatz Süd station complex,107136,Scheidplatz Süd,107135,bus,107137,Scheidplatz Süd,107135,bus,180,directed cross-stop,yes,yes,Existing explicit MATSim relation only; no value has been changed.
8,medium,402,Scheidplatz / Scheidplatz Süd station complex,107137,Scheidplatz Süd,107135,bus,107136,Scheidplatz Süd,107135,bus,180,directed cross-stop,yes,yes,Existing explicit MATSim relation only; no value has been changed.
8,medium,402,Scheidplatz / Scheidplatz Süd station complex,107137,Scheidplatz Süd,107135,bus,107137,Scheidplatz Süd,107135,bus,180,same-stop,yes,yes,Existing explicit MATSim relation only; no value has been changed.
8,medium,402,Scheidplatz / Scheidplatz Süd station complex,107141,Scheidplatz,107140,bus,107141,Scheidplatz,107140,bus,180,same-stop,yes,yes,Existing explicit MATSim relation only; no value has been changed.
8,medium,402,Scheidplatz / Scheidplatz Süd station complex,107141,Scheidplatz,107140,bus,107142,Scheidplatz,107140,tram,180,directed cross-stop,yes,yes,Existing explicit MATSim relation only; no value has been changed.
8,medium,402,Scheidplatz / Scheidplatz Süd station complex,107141,Scheidplatz,107140,bus,107143,Scheidplatz,107140,tram,180,directed cross-stop,yes,yes,Existing explicit MATSim relation only; no value has been changed.
8,medium,402,Scheidplatz / Scheidplatz Süd station complex,107141,Scheidplatz,107140,bus,107144,Scheidplatz,107140,bus,180,directed cross-stop,yes,yes,Existing explicit MATSim relation only; no value has been changed.
8,medium,402,Scheidplatz / Scheidplatz Süd station complex,107141,Scheidplatz,107140,bus,107145,Scheidplatz,107140,bus,180,directed cross-stop,yes,yes,Existing explicit MATSim relation only; no value has been changed.
8,medium,402,Scheidplatz / Scheidplatz Süd station complex,107141,Scheidplatz,107140,bus,107146,Scheidplatz,107140,bus,180,directed cross-stop,yes,yes,Existing explicit MATSim relation only; no value has been changed.
8,medium,402,Scheidplatz / Scheidplatz Süd station complex,107141,Scheidplatz,107140,bus,107147,Scheidplatz,107140,subway,180,directed cross-stop,yes,yes,Existing explicit MATSim relation only; no value has been changed.
8,medium,402,Scheidplatz / Scheidplatz Süd station complex,107141,Scheidplatz,107140,bus,107148,Scheidplatz,107140,subway,180,directed cross-stop,yes,yes,Existing explicit MATSim relation only; no value has been changed.
8,medium,402,Scheidplatz / Scheidplatz Süd station complex,107141,Scheidplatz,107140,bus,107149,Scheidplatz,107140,subway,180,directed cross-stop,yes,yes,Existing explicit MATSim relation only; no value has been changed.
8,medium,402,Scheidplatz / Scheidplatz Süd station complex,107141,Scheidplatz,107140,bus,107150,Scheidplatz,107140,subway,180,directed cross-stop,yes,yes,Existing explicit MATSim relation only; no value has been changed.
8,medium,402,Scheidplatz / Scheidplatz Süd station complex,107142,Scheidplatz,107140,tram,107141,Scheidplatz,107140,bus,180,directed cross-stop,yes,yes,Existing explicit MATSim relation only; no value has been changed.
8,medium,402,Scheidplatz / Scheidplatz Süd station complex,107142,Scheidplatz,107140,tram,107142,Scheidplatz,107140,tram,180,same-stop,yes,yes,Existing explicit MATSim relation only; no value has been changed.
8,medium,402,Scheidplatz / Scheidplatz Süd station complex,107142,Scheidplatz,107140,tram,107143,Scheidplatz,107140,tram,180,directed cross-stop,yes,yes,Existing explicit MATSim relation only; no value has been changed.
8,medium,402,Scheidplatz / Scheidplatz Süd station complex,107142,Scheidplatz,107140,tram,107144,Scheidplatz,107140,bus,180,directed cross-stop,yes,yes,Existing explicit MATSim relation only; no value has been changed.
8,medium,402,Scheidplatz / Scheidplatz Süd station complex,107142,Scheidplatz,107140,tram,107145,Scheidplatz,107140,bus,180,directed cross-stop,yes,yes,Existing explicit MATSim relation only; no value has been changed.
8,medium,402,Scheidplatz / Scheidplatz Süd station complex,107142,Scheidplatz,107140,tram,107146,Scheidplatz,107140,bus,180,directed cross-stop,yes,yes,Existing explicit MATSim relation only; no value has been changed.
8,medium,402,Scheidplatz / Scheidplatz Süd station complex,107142,Scheidplatz,107140,tram,107147,Scheidplatz,107140,subway,180,directed cross-stop,yes,yes,Existing explicit MATSim relation only; no value has been changed.
8,medium,402,Scheidplatz / Scheidplatz Süd station complex,107142,Scheidplatz,107140,tram,107148,Scheidplatz,107140,subway,180,directed cross-stop,yes,yes,Existing explicit MATSim relation only; no value has been changed.
8,medium,402,Scheidplatz / Scheidplatz Süd station complex,107142,Scheidplatz,107140,tram,107149,Scheidplatz,107140,subway,180,directed cross-stop,yes,yes,Existing explicit MATSim relation only; no value has been changed.
8,medium,402,Scheidplatz / Scheidplatz Süd station complex,107142,Scheidplatz,107140,tram,107150,Scheidplatz,107140,subway,180,directed cross-stop,yes,yes,Existing explicit MATSim relation only; no value has been changed.
8,medium,402,Scheidplatz / Scheidplatz Süd station complex,107143,Scheidplatz,107140,tram,107141,Scheidplatz,107140,bus,180,directed cross-stop,yes,yes,Existing explicit MATSim relation only; no value has been changed.
8,medium,402,Scheidplatz / Scheidplatz Süd station complex,107143,Scheidplatz,107140,tram,107142,Scheidplatz,107140,tram,180,directed cross-stop,yes,yes,Existing explicit MATSim relation only; no value has been changed.
8,medium,402,Scheidplatz / Scheidplatz Süd station complex,107143,Scheidplatz,107140,tram,107143,Scheidplatz,107140,tram,180,same-stop,yes,yes,Existing explicit MATSim relation only; no value has been changed.
8,medium,402,Scheidplatz / Scheidplatz Süd station complex,107143,Scheidplatz,107140,tram,107144,Scheidplatz,107140,bus,180,directed cross-stop,yes,yes,Existing explicit MATSim relation only; no value has been changed.
8,medium,402,Scheidplatz / Scheidplatz Süd station complex,107143,Scheidplatz,107140,tram,107145,Scheidplatz,107140,bus,180,directed cross-stop,yes,yes,Existing explicit MATSim relation only; no value has been changed.
8,medium,402,Scheidplatz / Scheidplatz Süd station complex,107143,Scheidplatz,107140,tram,107146,Scheidplatz,107140,bus,180,directed cross-stop,yes,yes,Existing explicit MATSim relation only; no value has been changed.
8,medium,402,Scheidplatz / Scheidplatz Süd station complex,107143,Scheidplatz,107140,tram,107147,Scheidplatz,107140,subway,180,directed cross-stop,yes,yes,Existing explicit MATSim relation only; no value has been changed.
8,medium,402,Scheidplatz / Scheidplatz Süd station complex,107143,Scheidplatz,107140,tram,107148,Scheidplatz,107140,subway,180,directed cross-stop,yes,yes,Existing explicit MATSim relation only; no value has been changed.
8,medium,402,Scheidplatz / Scheidplatz Süd station complex,107143,Scheidplatz,107140,tram,107149,Scheidplatz,107140,subway,180,directed cross-stop,yes,yes,Existing explicit MATSim relation only; no value has been changed.
8,medium,402,Scheidplatz / Scheidplatz Süd station complex,107143,Scheidplatz,107140,tram,107150,Scheidplatz,107140,subway,180,directed cross-stop,yes,yes,Existing explicit MATSim relation only; no value has been changed.
8,medium,402,Scheidplatz / Scheidplatz Süd station complex,107144,Scheidplatz,107140,bus,107141,Scheidplatz,107140,bus,180,directed cross-stop,yes,yes,Existing explicit MATSim relation only; no value has been changed.
8,medium,402,Scheidplatz / Scheidplatz Süd station complex,107144,Scheidplatz,107140,bus,107142,Scheidplatz,107140,tram,180,directed cross-stop,yes,yes,Existing explicit MATSim relation only; no value has been changed.
8,medium,402,Scheidplatz / Scheidplatz Süd station complex,107144,Scheidplatz,107140,bus,107143,Scheidplatz,107140,tram,180,directed cross-stop,yes,yes,Existing explicit MATSim relation only; no value has been changed.
8,medium,402,Scheidplatz / Scheidplatz Süd station complex,107144,Scheidplatz,107140,bus,107144,Scheidplatz,107140,bus,180,same-stop,yes,yes,Existing explicit MATSim relation only; no value has been changed.
8,medium,402,Scheidplatz / Scheidplatz Süd station complex,107144,Scheidplatz,107140,bus,107145,Scheidplatz,107140,bus,180,directed cross-stop,yes,yes,Existing explicit MATSim relation only; no value has been changed.
8,medium,402,Scheidplatz / Scheidplatz Süd station complex,107144,Scheidplatz,107140,bus,107146,Scheidplatz,107140,bus,180,directed cross-stop,yes,yes,Existing explicit MATSim relation only; no value has been changed.
8,medium,402,Scheidplatz / Scheidplatz Süd station complex,107144,Scheidplatz,107140,bus,107147,Scheidplatz,107140,subway,180,directed cross-stop,yes,yes,Existing explicit MATSim relation only; no value has been changed.
8,medium,402,Scheidplatz / Scheidplatz Süd station complex,107144,Scheidplatz,107140,bus,107148,Scheidplatz,107140,subway,180,directed cross-stop,yes,yes,Existing explicit MATSim relation only; no value has been changed.
8,medium,402,Scheidplatz / Scheidplatz Süd station complex,107144,Scheidplatz,107140,bus,107149,Scheidplatz,107140,subway,180,directed cross-stop,yes,yes,Existing explicit MATSim relation only; no value has been changed.
8,medium,402,Scheidplatz / Scheidplatz Süd station complex,107144,Scheidplatz,107140,bus,107150,Scheidplatz,107140,subway,180,directed cross-stop,yes,yes,Existing explicit MATSim relation only; no value has been changed.
8,medium,402,Scheidplatz / Scheidplatz Süd station complex,107145,Scheidplatz,107140,bus,107141,Scheidplatz,107140,bus,180,directed cross-stop,yes,yes,Existing explicit MATSim relation only; no value has been changed.
8,medium,402,Scheidplatz / Scheidplatz Süd station complex,107145,Scheidplatz,107140,bus,107142,Scheidplatz,107140,tram,180,directed cross-stop,yes,yes,Existing explicit MATSim relation only; no value has been changed.
8,medium,402,Scheidplatz / Scheidplatz Süd station complex,107145,Scheidplatz,107140,bus,107143,Scheidplatz,107140,tram,180,directed cross-stop,yes,yes,Existing explicit MATSim relation only; no value has been changed.
8,medium,402,Scheidplatz / Scheidplatz Süd station complex,107145,Scheidplatz,107140,bus,107144,Scheidplatz,107140,bus,180,directed cross-stop,yes,yes,Existing explicit MATSim relation only; no value has been changed.
8,medium,402,Scheidplatz / Scheidplatz Süd station complex,107145,Scheidplatz,107140,bus,107145,Scheidplatz,107140,bus,180,same-stop,yes,yes,Existing explicit MATSim relation only; no value has been changed.
8,medium,402,Scheidplatz / Scheidplatz Süd station complex,107145,Scheidplatz,107140,bus,107146,Scheidplatz,107140,bus,180,directed cross-stop,yes,yes,Existing explicit MATSim relation only; no value has been changed.
8,medium,402,Scheidplatz / Scheidplatz Süd station complex,107145,Scheidplatz,107140,bus,107147,Scheidplatz,107140,subway,180,directed cross-stop,yes,yes,Existing explicit MATSim relation only; no value has been changed.
8,medium,402,Scheidplatz / Scheidplatz Süd station complex,107145,Scheidplatz,107140,bus,107148,Scheidplatz,107140,subway,180,directed cross-stop,yes,yes,Existing explicit MATSim relation only; no value has been changed.
8,medium,402,Scheidplatz / Scheidplatz Süd station complex,107145,Scheidplatz,107140,bus,107149,Scheidplatz,107140,subway,180,directed cross-stop,yes,yes,Existing explicit MATSim relation only; no value has been changed.
8,medium,402,Scheidplatz / Scheidplatz Süd station complex,107145,Scheidplatz,107140,bus,107150,Scheidplatz,107140,subway,180,directed cross-stop,yes,yes,Existing explicit MATSim relation only; no value has been changed.
8,medium,402,Scheidplatz / Scheidplatz Süd station complex,107146,Scheidplatz,107140,bus,107141,Scheidplatz,107140,bus,180,directed cross-stop,yes,yes,Existing explicit MATSim relation only; no value has been changed.
8,medium,402,Scheidplatz / Scheidplatz Süd station complex,107146,Scheidplatz,107140,bus,107142,Scheidplatz,107140,tram,180,directed cross-stop,yes,yes,Existing explicit MATSim relation only; no value has been changed.
8,medium,402,Scheidplatz / Scheidplatz Süd station complex,107146,Scheidplatz,107140,bus,107143,Scheidplatz,107140,tram,180,directed cross-stop,yes,yes,Existing explicit MATSim relation only; no value has been changed.
8,medium,402,Scheidplatz / Scheidplatz Süd station complex,107146,Scheidplatz,107140,bus,107144,Scheidplatz,107140,bus,180,directed cross-stop,yes,yes,Existing explicit MATSim relation only; no value has been changed.
8,medium,402,Scheidplatz / Scheidplatz Süd station complex,107146,Scheidplatz,107140,bus,107145,Scheidplatz,107140,bus,180,directed cross-stop,yes,yes,Existing explicit MATSim relation only; no value has been changed.
8,medium,402,Scheidplatz / Scheidplatz Süd station complex,107146,Scheidplatz,107140,bus,107146,Scheidplatz,107140,bus,180,same-stop,yes,yes,Existing explicit MATSim relation only; no value has been changed.
8,medium,402,Scheidplatz / Scheidplatz Süd station complex,107146,Scheidplatz,107140,bus,107147,Scheidplatz,107140,subway,180,directed cross-stop,yes,yes,Existing explicit MATSim relation only; no value has been changed.
8,medium,402,Scheidplatz / Scheidplatz Süd station complex,107146,Scheidplatz,107140,bus,107148,Scheidplatz,107140,subway,180,directed cross-stop,yes,yes,Existing explicit MATSim relation only; no value has been changed.
8,medium,402,Scheidplatz / Scheidplatz Süd station complex,107146,Scheidplatz,107140,bus,107149,Scheidplatz,107140,subway,180,directed cross-stop,yes,yes,Existing explicit MATSim relation only; no value has been changed.
8,medium,402,Scheidplatz / Scheidplatz Süd station complex,107146,Scheidplatz,107140,bus,107150,Scheidplatz,107140,subway,180,directed cross-stop,yes,yes,Existing explicit MATSim relation only; no value has been changed.
8,medium,402,Scheidplatz / Scheidplatz Süd station complex,107147,Scheidplatz,107140,subway,107141,Scheidplatz,107140,bus,180,directed cross-stop,yes,yes,Existing explicit MATSim relation only; no value has been changed.
8,medium,402,Scheidplatz / Scheidplatz Süd station complex,107147,Scheidplatz,107140,subway,107142,Scheidplatz,107140,tram,180,directed cross-stop,yes,yes,Existing explicit MATSim relation only; no value has been changed.
8,medium,402,Scheidplatz / Scheidplatz Süd station complex,107147,Scheidplatz,107140,subway,107143,Scheidplatz,107140,tram,180,directed cross-stop,yes,yes,Existing explicit MATSim relation only; no value has been changed.
8,medium,402,Scheidplatz / Scheidplatz Süd station complex,107147,Scheidplatz,107140,subway,107144,Scheidplatz,107140,bus,180,directed cross-stop,yes,yes,Existing explicit MATSim relation only; no value has been changed.
8,medium,402,Scheidplatz / Scheidplatz Süd station complex,107147,Scheidplatz,107140,subway,107145,Scheidplatz,107140,bus,180,directed cross-stop,yes,yes,Existing explicit MATSim relation only; no value has been changed.
8,medium,402,Scheidplatz / Scheidplatz Süd station complex,107147,Scheidplatz,107140,subway,107146,Scheidplatz,107140,bus,180,directed cross-stop,yes,yes,Existing explicit MATSim relation only; no value has been changed.
8,medium,402,Scheidplatz / Scheidplatz Süd station complex,107147,Scheidplatz,107140,subway,107147,Scheidplatz,107140,subway,180,same-stop,yes,yes,Existing explicit MATSim relation only; no value has been changed.
8,medium,402,Scheidplatz / Scheidplatz Süd station complex,107147,Scheidplatz,107140,subway,107148,Scheidplatz,107140,subway,180,directed cross-stop,yes,yes,Existing explicit MATSim relation only; no value has been changed.
8,medium,402,Scheidplatz / Scheidplatz Süd station complex,107147,Scheidplatz,107140,subway,107149,Scheidplatz,107140,subway,180,directed cross-stop,yes,yes,Existing explicit MATSim relation only; no value has been changed.
8,medium,402,Scheidplatz / Scheidplatz Süd station complex,107147,Scheidplatz,107140,subway,107150,Scheidplatz,107140,subway,180,directed cross-stop,yes,yes,Existing explicit MATSim relation only; no value has been changed.
8,medium,402,Scheidplatz / Scheidplatz Süd station complex,107148,Scheidplatz,107140,subway,107141,Scheidplatz,107140,bus,180,directed cross-stop,yes,yes,Existing explicit MATSim relation only; no value has been changed.
8,medium,402,Scheidplatz / Scheidplatz Süd station complex,107148,Scheidplatz,107140,subway,107142,Scheidplatz,107140,tram,180,directed cross-stop,yes,yes,Existing explicit MATSim relation only; no value has been changed.
8,medium,402,Scheidplatz / Scheidplatz Süd station complex,107148,Scheidplatz,107140,subway,107143,Scheidplatz,107140,tram,180,directed cross-stop,yes,yes,Existing explicit MATSim relation only; no value has been changed.
8,medium,402,Scheidplatz / Scheidplatz Süd station complex,107148,Scheidplatz,107140,subway,107144,Scheidplatz,107140,bus,180,directed cross-stop,yes,yes,Existing explicit MATSim relation only; no value has been changed.
8,medium,402,Scheidplatz / Scheidplatz Süd station complex,107148,Scheidplatz,107140,subway,107145,Scheidplatz,107140,bus,180,directed cross-stop,yes,yes,Existing explicit MATSim relation only; no value has been changed.
8,medium,402,Scheidplatz / Scheidplatz Süd station complex,107148,Scheidplatz,107140,subway,107146,Scheidplatz,107140,bus,180,directed cross-stop,yes,yes,Existing explicit MATSim relation only; no value has been changed.
8,medium,402,Scheidplatz / Scheidplatz Süd station complex,107148,Scheidplatz,107140,subway,107147,Scheidplatz,107140,subway,180,directed cross-stop,yes,yes,Existing explicit MATSim relation only; no value has been changed.
8,medium,402,Scheidplatz / Scheidplatz Süd station complex,107148,Scheidplatz,107140,subway,107148,Scheidplatz,107140,subway,180,same-stop,yes,yes,Existing explicit MATSim relation only; no value has been changed.
8,medium,402,Scheidplatz / Scheidplatz Süd station complex,107148,Scheidplatz,107140,subway,107149,Scheidplatz,107140,subway,180,directed cross-stop,yes,yes,Existing explicit MATSim relation only; no value has been changed.
8,medium,402,Scheidplatz / Scheidplatz Süd station complex,107148,Scheidplatz,107140,subway,107150,Scheidplatz,107140,subway,180,directed cross-stop,yes,yes,Existing explicit MATSim relation only; no value has been changed.
8,medium,402,Scheidplatz / Scheidplatz Süd station complex,107149,Scheidplatz,107140,subway,107141,Scheidplatz,107140,bus,180,directed cross-stop,yes,yes,Existing explicit MATSim relation only; no value has been changed.
8,medium,402,Scheidplatz / Scheidplatz Süd station complex,107149,Scheidplatz,107140,subway,107142,Scheidplatz,107140,tram,180,directed cross-stop,yes,yes,Existing explicit MATSim relation only; no value has been changed.
8,medium,402,Scheidplatz / Scheidplatz Süd station complex,107149,Scheidplatz,107140,subway,107143,Scheidplatz,107140,tram,180,directed cross-stop,yes,yes,Existing explicit MATSim relation only; no value has been changed.
8,medium,402,Scheidplatz / Scheidplatz Süd station complex,107149,Scheidplatz,107140,subway,107144,Scheidplatz,107140,bus,180,directed cross-stop,yes,yes,Existing explicit MATSim relation only; no value has been changed.
8,medium,402,Scheidplatz / Scheidplatz Süd station complex,107149,Scheidplatz,107140,subway,107145,Scheidplatz,107140,bus,180,directed cross-stop,yes,yes,Existing explicit MATSim relation only; no value has been changed.
8,medium,402,Scheidplatz / Scheidplatz Süd station complex,107149,Scheidplatz,107140,subway,107146,Scheidplatz,107140,bus,180,directed cross-stop,yes,yes,Existing explicit MATSim relation only; no value has been changed.
8,medium,402,Scheidplatz / Scheidplatz Süd station complex,107149,Scheidplatz,107140,subway,107147,Scheidplatz,107140,subway,180,directed cross-stop,yes,yes,Existing explicit MATSim relation only; no value has been changed.
8,medium,402,Scheidplatz / Scheidplatz Süd station complex,107149,Scheidplatz,107140,subway,107148,Scheidplatz,107140,subway,180,directed cross-stop,yes,yes,Existing explicit MATSim relation only; no value has been changed.
8,medium,402,Scheidplatz / Scheidplatz Süd station complex,107149,Scheidplatz,107140,subway,107149,Scheidplatz,107140,subway,180,same-stop,yes,yes,Existing explicit MATSim relation only; no value has been changed.
8,medium,402,Scheidplatz / Scheidplatz Süd station complex,107149,Scheidplatz,107140,subway,107150,Scheidplatz,107140,subway,180,directed cross-stop,yes,yes,Existing explicit MATSim relation only; no value has been changed.
8,medium,402,Scheidplatz / Scheidplatz Süd station complex,107150,Scheidplatz,107140,subway,107141,Scheidplatz,107140,bus,180,directed cross-stop,yes,yes,Existing explicit MATSim relation only; no value has been changed.
8,medium,402,Scheidplatz / Scheidplatz Süd station complex,107150,Scheidplatz,107140,subway,107142,Scheidplatz,107140,tram,180,directed cross-stop,yes,yes,Existing explicit MATSim relation only; no value has been changed.
8,medium,402,Scheidplatz / Scheidplatz Süd station complex,107150,Scheidplatz,107140,subway,107143,Scheidplatz,107140,tram,180,directed cross-stop,yes,yes,Existing explicit MATSim relation only; no value has been changed.
8,medium,402,Scheidplatz / Scheidplatz Süd station complex,107150,Scheidplatz,107140,subway,107144,Scheidplatz,107140,bus,180,directed cross-stop,yes,yes,Existing explicit MATSim relation only; no value has been changed.
8,medium,402,Scheidplatz / Scheidplatz Süd station complex,107150,Scheidplatz,107140,subway,107145,Scheidplatz,107140,bus,180,directed cross-stop,yes,yes,Existing explicit MATSim relation only; no value has been changed.
8,medium,402,Scheidplatz / Scheidplatz Süd station complex,107150,Scheidplatz,107140,subway,107146,Scheidplatz,107140,bus,180,directed cross-stop,yes,yes,Existing explicit MATSim relation only; no value has been changed.
8,medium,402,Scheidplatz / Scheidplatz Süd station complex,107150,Scheidplatz,107140,subway,107147,Scheidplatz,107140,subway,180,directed cross-stop,yes,yes,Existing explicit MATSim relation only; no value has been changed.
8,medium,402,Scheidplatz / Scheidplatz Süd station complex,107150,Scheidplatz,107140,subway,107148,Scheidplatz,107140,subway,180,directed cross-stop,yes,yes,Existing explicit MATSim relation only; no value has been changed.
8,medium,402,Scheidplatz / Scheidplatz Süd station complex,107150,Scheidplatz,107140,subway,107149,Scheidplatz,107140,subway,180,directed cross-stop,yes,yes,Existing explicit MATSim relation only; no value has been changed.
8,medium,402,Scheidplatz / Scheidplatz Süd station complex,107150,Scheidplatz,107140,subway,107150,Scheidplatz,107140,subway,180,same-stop,yes,yes,Existing explicit MATSim relation only; no value has been changed.
9,small,401,Hohenzollernplatz,106584,Hohenzollernplatz,106583,tram,106584,Hohenzollernplatz,106583,tram,180,same-stop,yes,yes,Existing explicit MATSim relation only; no value has been changed.
9,small,401,Hohenzollernplatz,106584,Hohenzollernplatz,106583,tram,106585,Hohenzollernplatz,106583,bus;tram,180,directed cross-stop,yes,yes,Existing explicit MATSim relation only; no value has been changed.
9,small,401,Hohenzollernplatz,106584,Hohenzollernplatz,106583,tram,106586,Hohenzollernplatz,106583,subway,180,directed cross-stop,yes,yes,Existing explicit MATSim relation only; no value has been changed.
9,small,401,Hohenzollernplatz,106584,Hohenzollernplatz,106583,tram,106587,Hohenzollernplatz,106583,subway,180,directed cross-stop,yes,yes,Existing explicit MATSim relation only; no value has been changed.
9,small,401,Hohenzollernplatz,106585,Hohenzollernplatz,106583,bus;tram,106584,Hohenzollernplatz,106583,tram,180,directed cross-stop,yes,yes,Existing explicit MATSim relation only; no value has been changed.
9,small,401,Hohenzollernplatz,106585,Hohenzollernplatz,106583,bus;tram,106585,Hohenzollernplatz,106583,bus;tram,180,same-stop,yes,yes,Existing explicit MATSim relation only; no value has been changed.
9,small,401,Hohenzollernplatz,106585,Hohenzollernplatz,106583,bus;tram,106586,Hohenzollernplatz,106583,subway,180,directed cross-stop,yes,yes,Existing explicit MATSim relation only; no value has been changed.
9,small,401,Hohenzollernplatz,106585,Hohenzollernplatz,106583,bus;tram,106587,Hohenzollernplatz,106583,subway,180,directed cross-stop,yes,yes,Existing explicit MATSim relation only; no value has been changed.
9,small,401,Hohenzollernplatz,106586,Hohenzollernplatz,106583,subway,106584,Hohenzollernplatz,106583,tram,180,directed cross-stop,yes,yes,Existing explicit MATSim relation only; no value has been changed.
9,small,401,Hohenzollernplatz,106586,Hohenzollernplatz,106583,subway,106585,Hohenzollernplatz,106583,bus;tram,180,directed cross-stop,yes,yes,Existing explicit MATSim relation only; no value has been changed.
9,small,401,Hohenzollernplatz,106586,Hohenzollernplatz,106583,subway,106586,Hohenzollernplatz,106583,subway,180,same-stop,yes,yes,Existing explicit MATSim relation only; no value has been changed.
9,small,401,Hohenzollernplatz,106586,Hohenzollernplatz,106583,subway,106587,Hohenzollernplatz,106583,subway,180,directed cross-stop,yes,yes,Existing explicit MATSim relation only; no value has been changed.
9,small,401,Hohenzollernplatz,106587,Hohenzollernplatz,106583,subway,106584,Hohenzollernplatz,106583,tram,180,directed cross-stop,yes,yes,Existing explicit MATSim relation only; no value has been changed.
9,small,401,Hohenzollernplatz,106587,Hohenzollernplatz,106583,subway,106585,Hohenzollernplatz,106583,bus;tram,180,directed cross-stop,yes,yes,Existing explicit MATSim relation only; no value has been changed.
9,small,401,Hohenzollernplatz,106587,Hohenzollernplatz,106583,subway,106586,Hohenzollernplatz,106583,subway,180,directed cross-stop,yes,yes,Existing explicit MATSim relation only; no value has been changed.
9,small,401,Hohenzollernplatz,106587,Hohenzollernplatz,106583,subway,106587,Hohenzollernplatz,106583,subway,180,same-stop,yes,yes,Existing explicit MATSim relation only; no value has been changed.
10,small,510,Grillparzerstraße,106185,Grillparzerstraße,106184,tram,106185,Grillparzerstraße,106184,tram,180,same-stop,yes,yes,Existing explicit MATSim relation only; no value has been changed.
10,small,510,Grillparzerstraße,106185,Grillparzerstraße,106184,tram,106186,Grillparzerstraße,106184,bus;tram,180,directed cross-stop,yes,yes,Existing explicit MATSim relation only; no value has been changed.
10,small,510,Grillparzerstraße,106185,Grillparzerstraße,106184,tram,106187,Grillparzerstraße,106184,bus,180,directed cross-stop,yes,yes,Existing explicit MATSim relation only; no value has been changed.
10,small,510,Grillparzerstraße,106185,Grillparzerstraße,106184,tram,106188,Grillparzerstraße,106184,bus,180,directed cross-stop,yes,yes,Existing explicit MATSim relation only; no value has been changed.
10,small,510,Grillparzerstraße,106185,Grillparzerstraße,106184,tram,106189,Grillparzerstraße,106184,bus,180,directed cross-stop,yes,yes,Existing explicit MATSim relation only; no value has been changed.
10,small,510,Grillparzerstraße,106185,Grillparzerstraße,106184,tram,106190,Grillparzerstraße,106184,bus,180,directed cross-stop,yes,yes,Existing explicit MATSim relation only; no value has been changed.
10,small,510,Grillparzerstraße,106186,Grillparzerstraße,106184,bus;tram,106185,Grillparzerstraße,106184,tram,180,directed cross-stop,yes,yes,Existing explicit MATSim relation only; no value has been changed.
10,small,510,Grillparzerstraße,106186,Grillparzerstraße,106184,bus;tram,106186,Grillparzerstraße,106184,bus;tram,180,same-stop,yes,yes,Existing explicit MATSim relation only; no value has been changed.
10,small,510,Grillparzerstraße,106186,Grillparzerstraße,106184,bus;tram,106187,Grillparzerstraße,106184,bus,180,directed cross-stop,yes,yes,Existing explicit MATSim relation only; no value has been changed.
10,small,510,Grillparzerstraße,106186,Grillparzerstraße,106184,bus;tram,106188,Grillparzerstraße,106184,bus,180,directed cross-stop,yes,yes,Existing explicit MATSim relation only; no value has been changed.
10,small,510,Grillparzerstraße,106186,Grillparzerstraße,106184,bus;tram,106189,Grillparzerstraße,106184,bus,180,directed cross-stop,yes,yes,Existing explicit MATSim relation only; no value has been changed.
10,small,510,Grillparzerstraße,106186,Grillparzerstraße,106184,bus;tram,106190,Grillparzerstraße,106184,bus,180,directed cross-stop,yes,yes,Existing explicit MATSim relation only; no value has been changed.
10,small,510,Grillparzerstraße,106187,Grillparzerstraße,106184,bus,106185,Grillparzerstraße,106184,tram,180,directed cross-stop,yes,yes,Existing explicit MATSim relation only; no value has been changed.
10,small,510,Grillparzerstraße,106187,Grillparzerstraße,106184,bus,106186,Grillparzerstraße,106184,bus;tram,180,directed cross-stop,yes,yes,Existing explicit MATSim relation only; no value has been changed.
10,small,510,Grillparzerstraße,106187,Grillparzerstraße,106184,bus,106187,Grillparzerstraße,106184,bus,180,same-stop,yes,yes,Existing explicit MATSim relation only; no value has been changed.
10,small,510,Grillparzerstraße,106187,Grillparzerstraße,106184,bus,106188,Grillparzerstraße,106184,bus,180,directed cross-stop,yes,yes,Existing explicit MATSim relation only; no value has been changed.
10,small,510,Grillparzerstraße,106187,Grillparzerstraße,106184,bus,106189,Grillparzerstraße,106184,bus,180,directed cross-stop,yes,yes,Existing explicit MATSim relation only; no value has been changed.
10,small,510,Grillparzerstraße,106187,Grillparzerstraße,106184,bus,106190,Grillparzerstraße,106184,bus,180,directed cross-stop,yes,yes,Existing explicit MATSim relation only; no value has been changed.
10,small,510,Grillparzerstraße,106188,Grillparzerstraße,106184,bus,106185,Grillparzerstraße,106184,tram,180,directed cross-stop,yes,yes,Existing explicit MATSim relation only; no value has been changed.
10,small,510,Grillparzerstraße,106188,Grillparzerstraße,106184,bus,106186,Grillparzerstraße,106184,bus;tram,180,directed cross-stop,yes,yes,Existing explicit MATSim relation only; no value has been changed.
10,small,510,Grillparzerstraße,106188,Grillparzerstraße,106184,bus,106187,Grillparzerstraße,106184,bus,180,directed cross-stop,yes,yes,Existing explicit MATSim relation only; no value has been changed.
10,small,510,Grillparzerstraße,106188,Grillparzerstraße,106184,bus,106188,Grillparzerstraße,106184,bus,180,same-stop,yes,yes,Existing explicit MATSim relation only; no value has been changed.
10,small,510,Grillparzerstraße,106188,Grillparzerstraße,106184,bus,106189,Grillparzerstraße,106184,bus,180,directed cross-stop,yes,yes,Existing explicit MATSim relation only; no value has been changed.
10,small,510,Grillparzerstraße,106188,Grillparzerstraße,106184,bus,106190,Grillparzerstraße,106184,bus,180,directed cross-stop,yes,yes,Existing explicit MATSim relation only; no value has been changed.
10,small,510,Grillparzerstraße,106189,Grillparzerstraße,106184,bus,106185,Grillparzerstraße,106184,tram,180,directed cross-stop,yes,yes,Existing explicit MATSim relation only; no value has been changed.
10,small,510,Grillparzerstraße,106189,Grillparzerstraße,106184,bus,106186,Grillparzerstraße,106184,bus;tram,180,directed cross-stop,yes,yes,Existing explicit MATSim relation only; no value has been changed.
10,small,510,Grillparzerstraße,106189,Grillparzerstraße,106184,bus,106187,Grillparzerstraße,106184,bus,180,directed cross-stop,yes,yes,Existing explicit MATSim relation only; no value has been changed.
10,small,510,Grillparzerstraße,106189,Grillparzerstraße,106184,bus,106188,Grillparzerstraße,106184,bus,180,directed cross-stop,yes,yes,Existing explicit MATSim relation only; no value has been changed.
10,small,510,Grillparzerstraße,106189,Grillparzerstraße,106184,bus,106189,Grillparzerstraße,106184,bus,180,same-stop,yes,yes,Existing explicit MATSim relation only; no value has been changed.
10,small,510,Grillparzerstraße,106189,Grillparzerstraße,106184,bus,106190,Grillparzerstraße,106184,bus,180,directed cross-stop,yes,yes,Existing explicit MATSim relation only; no value has been changed.
10,small,510,Grillparzerstraße,106190,Grillparzerstraße,106184,bus,106185,Grillparzerstraße,106184,tram,180,directed cross-stop,yes,yes,Existing explicit MATSim relation only; no value has been changed.
10,small,510,Grillparzerstraße,106190,Grillparzerstraße,106184,bus,106186,Grillparzerstraße,106184,bus;tram,180,directed cross-stop,yes,yes,Existing explicit MATSim relation only; no value has been changed.
10,small,510,Grillparzerstraße,106190,Grillparzerstraße,106184,bus,106187,Grillparzerstraße,106184,bus,180,directed cross-stop,yes,yes,Existing explicit MATSim relation only; no value has been changed.
10,small,510,Grillparzerstraße,106190,Grillparzerstraße,106184,bus,106188,Grillparzerstraße,106184,bus,180,directed cross-stop,yes,yes,Existing explicit MATSim relation only; no value has been changed.
10,small,510,Grillparzerstraße,106190,Grillparzerstraße,106184,bus,106189,Grillparzerstraße,106184,bus,180,directed cross-stop,yes,yes,Existing explicit MATSim relation only; no value has been changed.
10,small,510,Grillparzerstraße,106190,Grillparzerstraße,106184,bus,106190,Grillparzerstraße,106184,bus,180,same-stop,yes,yes,Existing explicit MATSim relation only; no value has been changed.
11,small,27,Rotkreuzplatz,106660,Rotkreuzplatz,106659,bus,106660,Rotkreuzplatz,106659,bus,180,same-stop,yes,yes,Existing explicit MATSim relation only; no value has been changed.
11,small,27,Rotkreuzplatz,106660,Rotkreuzplatz,106659,bus,106661,Rotkreuzplatz,106659,bus,180,directed cross-stop,yes,yes,Existing explicit MATSim relation only; no value has been changed.
11,small,27,Rotkreuzplatz,106660,Rotkreuzplatz,106659,bus,106662,Rotkreuzplatz,106659,bus,180,directed cross-stop,yes,yes,Existing explicit MATSim relation only; no value has been changed.
11,small,27,Rotkreuzplatz,106660,Rotkreuzplatz,106659,bus,106663,Rotkreuzplatz,106659,tram,180,directed cross-stop,yes,yes,Existing explicit MATSim relation only; no value has been changed.
11,small,27,Rotkreuzplatz,106660,Rotkreuzplatz,106659,bus,106664,Rotkreuzplatz,106659,tram,180,directed cross-stop,yes,yes,Existing explicit MATSim relation only; no value has been changed.
11,small,27,Rotkreuzplatz,106660,Rotkreuzplatz,106659,bus,106665,Rotkreuzplatz,106659,bus,180,directed cross-stop,yes,yes,Existing explicit MATSim relation only; no value has been changed.
11,small,27,Rotkreuzplatz,106660,Rotkreuzplatz,106659,bus,106666,Rotkreuzplatz,106659,subway,180,directed cross-stop,yes,yes,Existing explicit MATSim relation only; no value has been changed.
11,small,27,Rotkreuzplatz,106660,Rotkreuzplatz,106659,bus,106667,Rotkreuzplatz,106659,subway,180,directed cross-stop,yes,yes,Existing explicit MATSim relation only; no value has been changed.
11,small,27,Rotkreuzplatz,106661,Rotkreuzplatz,106659,bus,106660,Rotkreuzplatz,106659,bus,180,directed cross-stop,yes,yes,Existing explicit MATSim relation only; no value has been changed.
11,small,27,Rotkreuzplatz,106661,Rotkreuzplatz,106659,bus,106661,Rotkreuzplatz,106659,bus,180,same-stop,yes,yes,Existing explicit MATSim relation only; no value has been changed.
11,small,27,Rotkreuzplatz,106661,Rotkreuzplatz,106659,bus,106662,Rotkreuzplatz,106659,bus,180,directed cross-stop,yes,yes,Existing explicit MATSim relation only; no value has been changed.
11,small,27,Rotkreuzplatz,106661,Rotkreuzplatz,106659,bus,106663,Rotkreuzplatz,106659,tram,180,directed cross-stop,yes,yes,Existing explicit MATSim relation only; no value has been changed.
11,small,27,Rotkreuzplatz,106661,Rotkreuzplatz,106659,bus,106664,Rotkreuzplatz,106659,tram,180,directed cross-stop,yes,yes,Existing explicit MATSim relation only; no value has been changed.
11,small,27,Rotkreuzplatz,106661,Rotkreuzplatz,106659,bus,106665,Rotkreuzplatz,106659,bus,180,directed cross-stop,yes,yes,Existing explicit MATSim relation only; no value has been changed.
11,small,27,Rotkreuzplatz,106661,Rotkreuzplatz,106659,bus,106666,Rotkreuzplatz,106659,subway,180,directed cross-stop,yes,yes,Existing explicit MATSim relation only; no value has been changed.
11,small,27,Rotkreuzplatz,106661,Rotkreuzplatz,106659,bus,106667,Rotkreuzplatz,106659,subway,180,directed cross-stop,yes,yes,Existing explicit MATSim relation only; no value has been changed.
11,small,27,Rotkreuzplatz,106662,Rotkreuzplatz,106659,bus,106660,Rotkreuzplatz,106659,bus,180,directed cross-stop,yes,yes,Existing explicit MATSim relation only; no value has been changed.
11,small,27,Rotkreuzplatz,106662,Rotkreuzplatz,106659,bus,106661,Rotkreuzplatz,106659,bus,180,directed cross-stop,yes,yes,Existing explicit MATSim relation only; no value has been changed.
11,small,27,Rotkreuzplatz,106662,Rotkreuzplatz,106659,bus,106662,Rotkreuzplatz,106659,bus,180,same-stop,yes,yes,Existing explicit MATSim relation only; no value has been changed.
11,small,27,Rotkreuzplatz,106662,Rotkreuzplatz,106659,bus,106663,Rotkreuzplatz,106659,tram,180,directed cross-stop,yes,yes,Existing explicit MATSim relation only; no value has been changed.
11,small,27,Rotkreuzplatz,106662,Rotkreuzplatz,106659,bus,106664,Rotkreuzplatz,106659,tram,180,directed cross-stop,yes,yes,Existing explicit MATSim relation only; no value has been changed.
11,small,27,Rotkreuzplatz,106662,Rotkreuzplatz,106659,bus,106665,Rotkreuzplatz,106659,bus,180,directed cross-stop,yes,yes,Existing explicit MATSim relation only; no value has been changed.
11,small,27,Rotkreuzplatz,106662,Rotkreuzplatz,106659,bus,106666,Rotkreuzplatz,106659,subway,180,directed cross-stop,yes,yes,Existing explicit MATSim relation only; no value has been changed.
11,small,27,Rotkreuzplatz,106662,Rotkreuzplatz,106659,bus,106667,Rotkreuzplatz,106659,subway,180,directed cross-stop,yes,yes,Existing explicit MATSim relation only; no value has been changed.
11,small,27,Rotkreuzplatz,106663,Rotkreuzplatz,106659,tram,106660,Rotkreuzplatz,106659,bus,180,directed cross-stop,yes,yes,Existing explicit MATSim relation only; no value has been changed.
11,small,27,Rotkreuzplatz,106663,Rotkreuzplatz,106659,tram,106661,Rotkreuzplatz,106659,bus,180,directed cross-stop,yes,yes,Existing explicit MATSim relation only; no value has been changed.
11,small,27,Rotkreuzplatz,106663,Rotkreuzplatz,106659,tram,106662,Rotkreuzplatz,106659,bus,180,directed cross-stop,yes,yes,Existing explicit MATSim relation only; no value has been changed.
11,small,27,Rotkreuzplatz,106663,Rotkreuzplatz,106659,tram,106663,Rotkreuzplatz,106659,tram,180,same-stop,yes,yes,Existing explicit MATSim relation only; no value has been changed.
11,small,27,Rotkreuzplatz,106663,Rotkreuzplatz,106659,tram,106664,Rotkreuzplatz,106659,tram,180,directed cross-stop,yes,yes,Existing explicit MATSim relation only; no value has been changed.
11,small,27,Rotkreuzplatz,106663,Rotkreuzplatz,106659,tram,106665,Rotkreuzplatz,106659,bus,180,directed cross-stop,yes,yes,Existing explicit MATSim relation only; no value has been changed.
11,small,27,Rotkreuzplatz,106663,Rotkreuzplatz,106659,tram,106666,Rotkreuzplatz,106659,subway,180,directed cross-stop,yes,yes,Existing explicit MATSim relation only; no value has been changed.
11,small,27,Rotkreuzplatz,106663,Rotkreuzplatz,106659,tram,106667,Rotkreuzplatz,106659,subway,180,directed cross-stop,yes,yes,Existing explicit MATSim relation only; no value has been changed.
11,small,27,Rotkreuzplatz,106664,Rotkreuzplatz,106659,tram,106660,Rotkreuzplatz,106659,bus,180,directed cross-stop,yes,yes,Existing explicit MATSim relation only; no value has been changed.
11,small,27,Rotkreuzplatz,106664,Rotkreuzplatz,106659,tram,106661,Rotkreuzplatz,106659,bus,180,directed cross-stop,yes,yes,Existing explicit MATSim relation only; no value has been changed.
11,small,27,Rotkreuzplatz,106664,Rotkreuzplatz,106659,tram,106662,Rotkreuzplatz,106659,bus,180,directed cross-stop,yes,yes,Existing explicit MATSim relation only; no value has been changed.
11,small,27,Rotkreuzplatz,106664,Rotkreuzplatz,106659,tram,106663,Rotkreuzplatz,106659,tram,180,directed cross-stop,yes,yes,Existing explicit MATSim relation only; no value has been changed.
11,small,27,Rotkreuzplatz,106664,Rotkreuzplatz,106659,tram,106664,Rotkreuzplatz,106659,tram,180,same-stop,yes,yes,Existing explicit MATSim relation only; no value has been changed.
11,small,27,Rotkreuzplatz,106664,Rotkreuzplatz,106659,tram,106665,Rotkreuzplatz,106659,bus,180,directed cross-stop,yes,yes,Existing explicit MATSim relation only; no value has been changed.
11,small,27,Rotkreuzplatz,106664,Rotkreuzplatz,106659,tram,106666,Rotkreuzplatz,106659,subway,180,directed cross-stop,yes,yes,Existing explicit MATSim relation only; no value has been changed.
11,small,27,Rotkreuzplatz,106664,Rotkreuzplatz,106659,tram,106667,Rotkreuzplatz,106659,subway,180,directed cross-stop,yes,yes,Existing explicit MATSim relation only; no value has been changed.
11,small,27,Rotkreuzplatz,106665,Rotkreuzplatz,106659,bus,106660,Rotkreuzplatz,106659,bus,180,directed cross-stop,yes,yes,Existing explicit MATSim relation only; no value has been changed.
11,small,27,Rotkreuzplatz,106665,Rotkreuzplatz,106659,bus,106661,Rotkreuzplatz,106659,bus,180,directed cross-stop,yes,yes,Existing explicit MATSim relation only; no value has been changed.
11,small,27,Rotkreuzplatz,106665,Rotkreuzplatz,106659,bus,106662,Rotkreuzplatz,106659,bus,180,directed cross-stop,yes,yes,Existing explicit MATSim relation only; no value has been changed.
11,small,27,Rotkreuzplatz,106665,Rotkreuzplatz,106659,bus,106663,Rotkreuzplatz,106659,tram,180,directed cross-stop,yes,yes,Existing explicit MATSim relation only; no value has been changed.
11,small,27,Rotkreuzplatz,106665,Rotkreuzplatz,106659,bus,106664,Rotkreuzplatz,106659,tram,180,directed cross-stop,yes,yes,Existing explicit MATSim relation only; no value has been changed.
11,small,27,Rotkreuzplatz,106665,Rotkreuzplatz,106659,bus,106665,Rotkreuzplatz,106659,bus,180,same-stop,yes,yes,Existing explicit MATSim relation only; no value has been changed.
11,small,27,Rotkreuzplatz,106665,Rotkreuzplatz,106659,bus,106666,Rotkreuzplatz,106659,subway,180,directed cross-stop,yes,yes,Existing explicit MATSim relation only; no value has been changed.
11,small,27,Rotkreuzplatz,106665,Rotkreuzplatz,106659,bus,106667,Rotkreuzplatz,106659,subway,180,directed cross-stop,yes,yes,Existing explicit MATSim relation only; no value has been changed.
11,small,27,Rotkreuzplatz,106666,Rotkreuzplatz,106659,subway,106660,Rotkreuzplatz,106659,bus,180,directed cross-stop,yes,yes,Existing explicit MATSim relation only; no value has been changed.
11,small,27,Rotkreuzplatz,106666,Rotkreuzplatz,106659,subway,106661,Rotkreuzplatz,106659,bus,180,directed cross-stop,yes,yes,Existing explicit MATSim relation only; no value has been changed.
11,small,27,Rotkreuzplatz,106666,Rotkreuzplatz,106659,subway,106662,Rotkreuzplatz,106659,bus,180,directed cross-stop,yes,yes,Existing explicit MATSim relation only; no value has been changed.
11,small,27,Rotkreuzplatz,106666,Rotkreuzplatz,106659,subway,106663,Rotkreuzplatz,106659,tram,180,directed cross-stop,yes,yes,Existing explicit MATSim relation only; no value has been changed.
11,small,27,Rotkreuzplatz,106666,Rotkreuzplatz,106659,subway,106664,Rotkreuzplatz,106659,tram,180,directed cross-stop,yes,yes,Existing explicit MATSim relation only; no value has been changed.
11,small,27,Rotkreuzplatz,106666,Rotkreuzplatz,106659,subway,106665,Rotkreuzplatz,106659,bus,180,directed cross-stop,yes,yes,Existing explicit MATSim relation only; no value has been changed.
11,small,27,Rotkreuzplatz,106666,Rotkreuzplatz,106659,subway,106666,Rotkreuzplatz,106659,subway,180,same-stop,yes,yes,Existing explicit MATSim relation only; no value has been changed.
11,small,27,Rotkreuzplatz,106666,Rotkreuzplatz,106659,subway,106667,Rotkreuzplatz,106659,subway,180,directed cross-stop,yes,yes,Existing explicit MATSim relation only; no value has been changed.
11,small,27,Rotkreuzplatz,106667,Rotkreuzplatz,106659,subway,106660,Rotkreuzplatz,106659,bus,180,directed cross-stop,yes,yes,Existing explicit MATSim relation only; no value has been changed.
11,small,27,Rotkreuzplatz,106667,Rotkreuzplatz,106659,subway,106661,Rotkreuzplatz,106659,bus,180,directed cross-stop,yes,yes,Existing explicit MATSim relation only; no value has been changed.
11,small,27,Rotkreuzplatz,106667,Rotkreuzplatz,106659,subway,106662,Rotkreuzplatz,106659,bus,180,directed cross-stop,yes,yes,Existing explicit MATSim relation only; no value has been changed.
11,small,27,Rotkreuzplatz,106667,Rotkreuzplatz,106659,subway,106663,Rotkreuzplatz,106659,tram,180,directed cross-stop,yes,yes,Existing explicit MATSim relation only; no value has been changed.
11,small,27,Rotkreuzplatz,106667,Rotkreuzplatz,106659,subway,106664,Rotkreuzplatz,106659,tram,180,directed cross-stop,yes,yes,Existing explicit MATSim relation only; no value has been changed.
11,small,27,Rotkreuzplatz,106667,Rotkreuzplatz,106659,subway,106665,Rotkreuzplatz,106659,bus,180,directed cross-stop,yes,yes,Existing explicit MATSim relation only; no value has been changed.
11,small,27,Rotkreuzplatz,106667,Rotkreuzplatz,106659,subway,106666,Rotkreuzplatz,106659,subway,180,directed cross-stop,yes,yes,Existing explicit MATSim relation only; no value has been changed.
11,small,27,Rotkreuzplatz,106667,Rotkreuzplatz,106659,subway,106667,Rotkreuzplatz,106659,subway,180,same-stop,yes,yes,Existing explicit MATSim relation only; no value has been changed.
12,small,1,Odeonsplatz (proxy for Galeriestraße),106320,Odeonsplatz,106319,bus,106320,Odeonsplatz,106319,bus,180,same-stop,yes,yes,Existing explicit MATSim relation only; no value has been changed.
12,small,1,Odeonsplatz (proxy for Galeriestraße),106320,Odeonsplatz,106319,bus,106321,Odeonsplatz,106319,bus,180,directed cross-stop,yes,yes,Existing explicit MATSim relation only; no value has been changed.
12,small,1,Odeonsplatz (proxy for Galeriestraße),106320,Odeonsplatz,106319,bus,106322,Odeonsplatz,106319,subway,180,directed cross-stop,yes,yes,Existing explicit MATSim relation only; no value has been changed.
12,small,1,Odeonsplatz (proxy for Galeriestraße),106320,Odeonsplatz,106319,bus,106323,Odeonsplatz,106319,subway,180,directed cross-stop,yes,yes,Existing explicit MATSim relation only; no value has been changed.
12,small,1,Odeonsplatz (proxy for Galeriestraße),106320,Odeonsplatz,106319,bus,106324,Odeonsplatz,106319,subway,180,directed cross-stop,yes,yes,Existing explicit MATSim relation only; no value has been changed.
12,small,1,Odeonsplatz (proxy for Galeriestraße),106320,Odeonsplatz,106319,bus,106325,Odeonsplatz,106319,subway,180,directed cross-stop,yes,yes,Existing explicit MATSim relation only; no value has been changed.
12,small,1,Odeonsplatz (proxy for Galeriestraße),106321,Odeonsplatz,106319,bus,106320,Odeonsplatz,106319,bus,180,directed cross-stop,yes,yes,Existing explicit MATSim relation only; no value has been changed.
12,small,1,Odeonsplatz (proxy for Galeriestraße),106321,Odeonsplatz,106319,bus,106321,Odeonsplatz,106319,bus,180,same-stop,yes,yes,Existing explicit MATSim relation only; no value has been changed.
12,small,1,Odeonsplatz (proxy for Galeriestraße),106321,Odeonsplatz,106319,bus,106322,Odeonsplatz,106319,subway,180,directed cross-stop,yes,yes,Existing explicit MATSim relation only; no value has been changed.
12,small,1,Odeonsplatz (proxy for Galeriestraße),106321,Odeonsplatz,106319,bus,106323,Odeonsplatz,106319,subway,180,directed cross-stop,yes,yes,Existing explicit MATSim relation only; no value has been changed.
12,small,1,Odeonsplatz (proxy for Galeriestraße),106321,Odeonsplatz,106319,bus,106324,Odeonsplatz,106319,subway,180,directed cross-stop,yes,yes,Existing explicit MATSim relation only; no value has been changed.
12,small,1,Odeonsplatz (proxy for Galeriestraße),106321,Odeonsplatz,106319,bus,106325,Odeonsplatz,106319,subway,180,directed cross-stop,yes,yes,Existing explicit MATSim relation only; no value has been changed.
12,small,1,Odeonsplatz (proxy for Galeriestraße),106322,Odeonsplatz,106319,subway,106320,Odeonsplatz,106319,bus,180,directed cross-stop,yes,yes,Existing explicit MATSim relation only; no value has been changed.
12,small,1,Odeonsplatz (proxy for Galeriestraße),106322,Odeonsplatz,106319,subway,106321,Odeonsplatz,106319,bus,180,directed cross-stop,yes,yes,Existing explicit MATSim relation only; no value has been changed.
12,small,1,Odeonsplatz (proxy for Galeriestraße),106322,Odeonsplatz,106319,subway,106322,Odeonsplatz,106319,subway,180,same-stop,yes,yes,Existing explicit MATSim relation only; no value has been changed.
12,small,1,Odeonsplatz (proxy for Galeriestraße),106322,Odeonsplatz,106319,subway,106323,Odeonsplatz,106319,subway,180,directed cross-stop,yes,yes,Existing explicit MATSim relation only; no value has been changed.
12,small,1,Odeonsplatz (proxy for Galeriestraße),106322,Odeonsplatz,106319,subway,106324,Odeonsplatz,106319,subway,180,directed cross-stop,yes,yes,Existing explicit MATSim relation only; no value has been changed.
12,small,1,Odeonsplatz (proxy for Galeriestraße),106322,Odeonsplatz,106319,subway,106325,Odeonsplatz,106319,subway,180,directed cross-stop,yes,yes,Existing explicit MATSim relation only; no value has been changed.
12,small,1,Odeonsplatz (proxy for Galeriestraße),106323,Odeonsplatz,106319,subway,106320,Odeonsplatz,106319,bus,180,directed cross-stop,yes,yes,Existing explicit MATSim relation only; no value has been changed.
12,small,1,Odeonsplatz (proxy for Galeriestraße),106323,Odeonsplatz,106319,subway,106321,Odeonsplatz,106319,bus,180,directed cross-stop,yes,yes,Existing explicit MATSim relation only; no value has been changed.
12,small,1,Odeonsplatz (proxy for Galeriestraße),106323,Odeonsplatz,106319,subway,106322,Odeonsplatz,106319,subway,180,directed cross-stop,yes,yes,Existing explicit MATSim relation only; no value has been changed.
12,small,1,Odeonsplatz (proxy for Galeriestraße),106323,Odeonsplatz,106319,subway,106323,Odeonsplatz,106319,subway,180,same-stop,yes,yes,Existing explicit MATSim relation only; no value has been changed.
12,small,1,Odeonsplatz (proxy for Galeriestraße),106323,Odeonsplatz,106319,subway,106324,Odeonsplatz,106319,subway,180,directed cross-stop,yes,yes,Existing explicit MATSim relation only; no value has been changed.
12,small,1,Odeonsplatz (proxy for Galeriestraße),106323,Odeonsplatz,106319,subway,106325,Odeonsplatz,106319,subway,180,directed cross-stop,yes,yes,Existing explicit MATSim relation only; no value has been changed.
12,small,1,Odeonsplatz (proxy for Galeriestraße),106324,Odeonsplatz,106319,subway,106320,Odeonsplatz,106319,bus,180,directed cross-stop,yes,yes,Existing explicit MATSim relation only; no value has been changed.
12,small,1,Odeonsplatz (proxy for Galeriestraße),106324,Odeonsplatz,106319,subway,106321,Odeonsplatz,106319,bus,180,directed cross-stop,yes,yes,Existing explicit MATSim relation only; no value has been changed.
12,small,1,Odeonsplatz (proxy for Galeriestraße),106324,Odeonsplatz,106319,subway,106322,Odeonsplatz,106319,subway,180,directed cross-stop,yes,yes,Existing explicit MATSim relation only; no value has been changed.
12,small,1,Odeonsplatz (proxy for Galeriestraße),106324,Odeonsplatz,106319,subway,106323,Odeonsplatz,106319,subway,180,directed cross-stop,yes,yes,Existing explicit MATSim relation only; no value has been changed.
12,small,1,Odeonsplatz (proxy for Galeriestraße),106324,Odeonsplatz,106319,subway,106324,Odeonsplatz,106319,subway,180,same-stop,yes,yes,Existing explicit MATSim relation only; no value has been changed.
12,small,1,Odeonsplatz (proxy for Galeriestraße),106324,Odeonsplatz,106319,subway,106325,Odeonsplatz,106319,subway,180,directed cross-stop,yes,yes,Existing explicit MATSim relation only; no value has been changed.
12,small,1,Odeonsplatz (proxy for Galeriestraße),106325,Odeonsplatz,106319,subway,106320,Odeonsplatz,106319,bus,180,directed cross-stop,yes,yes,Existing explicit MATSim relation only; no value has been changed.
12,small,1,Odeonsplatz (proxy for Galeriestraße),106325,Odeonsplatz,106319,subway,106321,Odeonsplatz,106319,bus,180,directed cross-stop,yes,yes,Existing explicit MATSim relation only; no value has been changed.
12,small,1,Odeonsplatz (proxy for Galeriestraße),106325,Odeonsplatz,106319,subway,106322,Odeonsplatz,106319,subway,180,directed cross-stop,yes,yes,Existing explicit MATSim relation only; no value has been changed.
12,small,1,Odeonsplatz (proxy for Galeriestraße),106325,Odeonsplatz,106319,subway,106323,Odeonsplatz,106319,subway,180,directed cross-stop,yes,yes,Existing explicit MATSim relation only; no value has been changed.
12,small,1,Odeonsplatz (proxy for Galeriestraße),106325,Odeonsplatz,106319,subway,106324,Odeonsplatz,106319,subway,180,directed cross-stop,yes,yes,Existing explicit MATSim relation only; no value has been changed.
12,small,1,Odeonsplatz (proxy for Galeriestraße),106325,Odeonsplatz,106319,subway,106325,Odeonsplatz,106319,subway,180,same-stop,yes,yes,Existing explicit MATSim relation only; no value has been changed.
